GeneNames,Ec1,Ec2,Ec3,B1,B2,B3,C1,C2,C3,Y1,Y2,Y3,W1,W2,W3,K1,K2,K3,WC1,WC2,WC3,KC1,KC2,KC3
MXAN_5201,13032,13136,12917,18050,22828,16816,42888,32404,20170,81172,50756,56338,47147,66692,60053,35638,38908,37314,15344,15530,27018,17185,13886,9121
MXAN_3321,6817,5982,6246,15018,16718,18070,29227,34305,9713,42334,45648,38987,47654,76407,69546,28536,31303,34021,19022,19870,35902,12388,22264,17843
MXAN_6531,275,195,239,521,550,406,1140,727,386,1206,1130,818,1120,2378,2409,838,832,531,1110,995,1063,1841,1027,766
MXAN_3309,15516,14792,13306,28206,30917,22916,64389,58243,23106,85078,62774,60544,37185,58290,62136,27039,28864,34478,7962,9148,24438,4169,7524,7193
MXAN_3306,4095,2680,1969,8170,8806,14771,20987,18394,9361,24933,12943,21012,18641,18434,17038,13309,11109,20035,3338,2187,11373,3164,2406,4588
MXAN_3305,13003,16593,14074,25189,23061,22819,61541,64019,19746,56600,41905,42968,34164,47544,52750,23439,25286,37701,7577,8497,22931,2279,7607,10545
MXAN_3304,2279,2019,1644,5122,6142,7229,13723,9646,4806,12488,6349,11483,10153,9796,10207,7117,8017,11718,2114,1417,6207,212,1525,2648
MXAN_3303,1972,1179,992,4526,4044,4477,7760,5042,2407,8285,5362,7473,6427,10658,11828,5046,5227,7018,1833,2334,5118,646,1901,2470
MXAN_3301,8425,9173,6055,10853,10093,8327,37470,31794,16764,43396,9059,22036,17050,22480,17966,11529,11656,16525,2314,2317,6524,1738,2514,2875
MXAN_3300,5541,5210,4353,11017,9218,10794,23620,15155,8587,23649,10422,17931,17425,20462,19127,11215,13880,19179,3562,4642,9206,641,3664,3684
MXAN_3299,6860,5030,4730,12877,13173,12070,33349,27541,10883,30685,28630,24975,26700,43998,39932,18345,23382,24932,7723,12545,17261,2140,8715,5442
MXAN_5125,2048,850,931,3625,1532,2966,369,294,106,15166,11577,14347,18964,14409,13005,10862,9185,7898,13274,7582,8873,8178,19867,18892
MXAN_5074,973,1177,2034,1338,1115,1341,463,734,246,6388,7594,4696,11553,22802,21077,6959,8720,5057,8927,13191,3053,16603,17953,16224
MXAN_5002,4996,4531,5621,13419,10477,8313,17520,19592,4476,22838,19235,16090,14776,22045,25090,7971,8605,7330,9979,8664,10872,5280,11700,8494
MXAN_5592,1032,1108,1282,2167,1760,2440,3235,3758,1176,6400,3893,4598,7583,6898,6896,3623,4095,4088,4656,3265,4281,856,3427,4067
MXAN_5688,1351,1213,1341,1887,1732,1421,3343,3373,1252,5061,3238,3184,4671,10747,12777,2324,2784,2660,3308,5834,4588,17827,4792,3962
MXAN_2709,292,212,300,622,551,1091,774,698,202,942,1402,1116,1449,1606,1824,731,853,802,814,815,928,1416,805,700
MXAN_2913,2256,2073,2556,4592,3528,6047,8291,10789,3435,12313,11760,10298,16602,17673,16338,8021,7472,6937,14704,10915,8236,15188,12332,15029
MXAN_1434,696,501,749,1588,1409,2645,2207,2318,894,3865,4556,3514,8321,10236,10298,4153,3654,3410,6548,5951,5080,8956,6922,7994
MXAN_0672,4182,6826,6465,6815,9076,6619,15909,23006,7548,25328,26285,14468,31726,50810,52525,16975,20780,14508,21494,20630,22779,11878,26017,24944
MXAN_0403,1433,1331,930,1637,1910,2664,4307,4749,2108,12571,6321,6899,7735,8243,6587,4127,4676,5465,2196,1444,4649,393,1383,1285
MXAN_4033,3005,1639,1977,3662,2469,3537,4970,3931,2321,10894,2647,6959,12499,12571,8580,7599,6989,9176,4542,2508,5911,2500,3406,3826
MXAN_4095,2868,3040,3324,4982,6686,4148,13911,15440,4607,19122,25441,13418,16732,31318,32888,10394,12571,8424,10327,14928,13347,6847,12526,7822
MXAN_4636,5599,5302,5531,9312,8632,7380,16390,16890,5388,23977,17815,15085,24283,36851,38443,12011,12235,10781,15675,17961,15806,13429,16823,15828
MXAN_4637,4483,5182,5790,8827,7178,7460,11936,18999,4540,20196,22020,14873,18902,25189,27940,8740,9326,8092,11527,16282,12212,20713,12953,12693
MXAN_4673,192,147,154,382,355,772,542,323,254,1200,560,925,2334,2112,2098,1126,1010,1089,1320,1052,1196,1539,985,1204
MXAN_2448,23,12,16,38,24,39,53,24,15,42,34,45,97,112,114,59,62,63,68,79,69,61,43,59
MXAN_1926,2373,3299,3729,4201,3751,3606,7581,11288,2680,10586,11867,8060,10825,14116,16324,5324,6597,6319,7188,9267,7618,4251,7522,6271
MXAN_3295,11158,10885,10871,22291,22473,21989,50313,41217,16786,58362,46650,53073,47758,67270,63129,26341,32601,40517,15833,15005,33164,2011,14629,13159
MXAN_7512,1551,1328,1424,2947,2832,2635,6139,7321,2512,7235,8680,5232,6199,8882,8911,3576,4538,5257,2526,3373,4487,1517,2686,1855
MXAN_2528,796,502,808,1635,1293,1491,2217,1989,788,3377,3662,3230,4289,5517,5596,2338,2339,2096,4088,3174,3141,2016,3384,3767
MXAN_3793,69411,52464,51539,113845,93506,97652,205763,192772,77426,247372,162582,211177,171402,287087,263020,119048,124984,148292,77696,84282,144546,47781,76425,73455
MXAN_3596,5118,4616,6065,10128,10828,8102,22261,29223,8822,34161,44417,24035,36155,55759,63340,15992,19546,14361,28029,34390,25443,28498,32954,28224
MXAN_2978,1256,1314,1555,2984,2841,4758,5420,6289,1946,6194,6652,5520,7929,8179,9599,2917,3297,3513,4038,4329,5300,6779,6252,8682
MXAN_4894,1606,1578,1294,1538,1877,1871,4794,3867,1616,16792,11851,7350,8401,8837,7293,4973,4818,3979,3469,3812,3442,1699,2221,1417
MXAN_3154,651,455,534,1063,1141,1349,2403,2042,850,2803,2060,2480,2177,2634,2696,1299,1262,1339,807,681,1366,674,781,583
MXAN_7339,24,30,37,43,76,94,85,154,52,187,225,175,334,422,473,198,265,226,155,217,186,304,245,212
MXAN_2457,328,398,425,742,866,1638,1499,813,557,1532,603,1333,3218,2187,2292,1273,1266,1456,2022,1498,1631,882,1743,2647
MXAN_0001,1176,957,1017,1662,1362,2392,3448,3036,1401,3990,2690,3301,4185,4845,4187,2695,2716,2722,2893,2299,2441,1351,2797,2518
MXAN_0002,59,77,449,93,110,77,310,469,110,338,411,236,276,456,763,161,177,109,164,269,174,565,221,253
MXAN_0003,108,122,228,282,201,138,453,610,142,562,679,405,479,898,876,233,236,204,313,394,291,343,320,277
MXAN_0004,29,31,67,52,58,61,102,148,63,203,142,113,185,279,304,84,93,95,123,117,124,168,110,106
MXAN_0005,41,41,134,101,80,184,160,142,62,214,201,245,530,508,668,253,222,278,365,315,317,468,239,434
MXAN_0008,6,2,46,13,10,6,12,44,13,40,36,24,17,27,68,15,16,24,15,19,20,14,25,19
MXAN_0009,42,20,220,46,43,98,111,87,57,118,82,109,219,240,264,152,114,121,169,143,119,159,176,118
MXAN_0010,196,189,372,378,307,658,521,390,223,1118,633,930,2848,2289,2204,1412,1273,1273,2148,1497,1166,1783,1652,2209
MXAN_0012,3,3,74,10,8,8,20,25,4,18,24,30,38,38,50,15,18,23,29,26,20,46,17,27
MXAN_0013,134,101,233,251,201,260,414,448,169,738,537,533,688,801,905,359,402,349,455,359,421,391,354,298
MXAN_0014,14,17,99,25,34,64,87,94,52,69,55,65,106,151,201,71,83,120,59,70,108,54,54,46
MXAN_0015,56,42,163,99,75,130,86,86,27,246,158,176,268,265,269,136,154,141,181,148,83,160,137,184
MXAN_0016,186,148,370,462,272,227,1002,821,355,637,568,434,979,1244,1398,269,306,255,697,664,599,882,820,1027
MXAN_0017,1053,756,919,2107,1422,1724,2108,1578,695,2433,1538,1941,2474,2247,2411,1015,1077,1172,1443,1079,1569,559,1084,1022
MXAN_0019,37,27,316,61,81,173,50,74,28,247,279,233,813,903,814,594,682,440,487,510,152,3953,1222,1253
MXAN_0020,40,42,139,55,59,60,95,112,36,126,137,97,115,196,253,83,75,80,88,117,94,260,118,89
MXAN_0022,105,65,162,245,139,247,366,218,139,717,258,543,989,802,751,534,451,438,901,497,419,821,918,1371
MXAN_0024,840,842,1059,1291,1495,1668,5003,4553,2343,6053,3350,3707,5294,6270,7227,2272,2184,2203,2960,3187,3005,3859,2560,2055
MXAN_0026,54,34,60,82,67,86,172,153,67,217,129,136,284,317,329,131,132,140,213,179,174,109,129,110
MXAN_0027,276,201,271,429,375,386,651,577,191,1139,894,816,1204,1505,1520,478,447,455,805,594,797,382,526,493
MXAN_0029,1954,1472,1895,4016,3947,6625,6386,5741,3024,10376,8480,8660,21220,22918,24814,8096,8988,9978,13190,11927,16949,7401,10329,14175
MXAN_0030,1712,1572,2017,3387,3177,3238,6287,6341,2489,8866,6918,6824,8193,11287,11085,3336,3932,3686,3719,4642,4463,2724,4549,3794
MXAN_0031,393,789,998,688,912,738,1971,3746,915,3036,3549,1996,1625,3446,4129,506,639,511,783,1695,1037,2463,713,489
MXAN_0032,70,50,117,110,96,148,173,144,59,294,220,254,325,427,500,98,116,133,151,153,222,175,89,92
MXAN_0033,99,103,134,193,158,258,257,233,132,491,316,409,484,495,517,169,164,193,222,172,200,148,172,215
MXAN_0034,157,125,178,215,160,384,406,478,194,901,485,584,883,862,789,483,481,407,485,460,334,694,740,542
MXAN_0035,4,1,79,7,1,9,7,7,6,14,17,18,48,30,59,39,32,20,29,22,7,44,63,94
MXAN_0039,88,63,120,155,139,230,317,289,132,430,248,390,514,444,478,230,274,338,259,168,320,131,231,276
MXAN_0040,11,5,113,16,20,20,21,39,10,47,32,20,85,59,109,51,51,32,36,31,32,115,77,146
MXAN_0041,72,65,210,91,103,106,252,277,71,334,344,222,347,497,626,245,270,199,260,241,176,598,433,459
MXAN_0042,166,139,326,282,257,483,468,349,194,894,638,775,1345,1455,1341,726,713,591,857,739,517,1820,1037,1020
MXAN_0043,61,36,111,117,107,214,188,130,85,316,159,284,787,701,839,343,360,379,612,492,465,678,447,598
MXAN_0044,164,132,146,315,276,336,473,432,294,1098,597,613,1341,1828,1995,587,575,502,1112,927,868,4313,966,1246
MXAN_0045,423,390,510,823,887,1011,2003,1882,704,2894,2407,2041,3286,3874,4516,1389,1251,1114,2169,2074,1919,3607,2196,2295
MXAN_0048,133,85,71,242,177,296,277,214,126,430,216,376,745,727,783,277,221,216,498,465,405,540,303,320
MXAN_0049,783,685,707,1502,1178,1224,1951,1722,805,2340,1774,1869,2790,2245,2353,839,850,1060,1886,1491,1581,489,865,948
MXAN_0050,2771,2824,3507,5260,4644,3189,8158,9518,3577,12370,10204,8040,12048,22247,26839,4329,4887,3710,9698,9691,8694,22129,9340,8588
MXAN_0051,35,34,61,90,75,135,158,91,67,221,67,180,355,327,420,135,182,178,263,218,244,135,193,226
MXAN_0052,81,61,137,128,133,228,280,211,138,479,316,377,684,745,846,298,294,338,433,377,462,491,381,554
MXAN_0053,3,2,28,5,8,10,11,11,1,39,15,44,32,28,53,20,14,18,12,7,21,23,11,28
MXAN_0054,45,37,62,72,59,73,105,89,42,158,95,106,332,349,342,182,238,161,275,191,131,173,473,541
MXAN_0056,211,146,311,273,233,430,237,173,66,641,451,511,1386,1566,1465,835,815,632,1134,1042,614,3393,2170,2600
MXAN_0057,891,748,916,1193,1155,1209,2263,3192,1004,4130,3743,2257,4594,7482,8178,2251,2323,1762,3918,4331,3085,12387,4891,4858
MXAN_0058,156,112,230,263,172,183,408,417,156,560,476,395,639,1023,1006,304,371,301,581,620,480,569,565,440
MXAN_0059,48,50,444,63,85,104,96,114,39,253,262,192,520,555,571,372,383,248,291,331,121,1895,878,1047
MXAN_0060,67,62,463,88,112,97,246,357,97,328,314,217,267,384,694,203,222,149,193,237,176,635,325,274
MXAN_0061,22,15,148,30,32,23,60,74,30,106,137,59,152,187,263,84,111,80,100,132,63,166,137,123
MXAN_0063,82,47,164,174,178,347,315,228,129,397,340,362,675,630,886,319,360,385,423,375,484,371,449,457
MXAN_0064,220,174,334,378,271,391,555,448,259,935,649,666,758,970,990,365,356,369,456,461,471,431,419,329
MXAN_0070,242,199,465,425,470,536,1051,1024,516,1448,1098,1038,1519,1628,1826,690,696,643,983,793,772,1892,929,1014
MXAN_0071,37,66,139,56,103,82,296,372,91,354,323,204,250,336,570,140,163,160,102,198,167,240,147,114
MXAN_0072,120,117,133,189,150,191,434,385,155,453,411,326,336,344,386,216,236,291,154,169,244,33,136,89
MXAN_0073,27,33,52,53,50,119,122,113,64,150,86,159,225,234,229,112,141,210,101,85,166,13,84,60
MXAN_0074,10,12,82,22,25,33,43,48,16,72,60,51,130,213,305,95,120,77,105,146,80,482,183,148
MXAN_0076,37,42,106,119,77,111,136,137,38,257,230,167,296,409,493,143,154,138,200,286,166,358,277,230
MXAN_0077,32,29,179,51,108,135,172,240,74,211,225,167,168,159,193,84,99,91,75,99,95,60,81,120
MXAN_0078,24,15,91,49,49,79,175,195,86,165,70,136,233,217,253,104,108,67,110,70,101,144,100,114
MXAN_0079,19,10,70,31,39,37,159,183,75,172,146,84,160,244,361,71,80,75,102,107,110,349,143,106
MXAN_0080,170,159,417,308,346,316,1512,1982,586,1454,1040,930,1475,1960,2063,648,544,451,776,639,615,1568,978,720
MXAN_0081,188,179,403,392,398,283,1627,2032,498,1661,1229,828,1316,1984,2210,637,578,349,835,772,597,1213,1021,682
MXAN_0082,666,670,1124,1052,879,768,4888,6512,1537,4840,4038,2624,4040,5883,6279,1827,1737,1034,2093,2447,1619,3228,2967,1899
MXAN_0083,192,151,379,309,299,485,348,388,113,1193,1575,1110,2210,3440,2890,1385,1489,978,1988,1980,699,2827,2944,3065
MXAN_0084,449,295,621,536,376,578,523,620,214,2190,1971,1375,2722,3774,3119,1476,1236,794,2270,2239,750,2177,2760,2217
MXAN_0085,184,129,184,244,154,207,196,181,80,521,416,321,704,810,707,376,307,236,554,583,213,253,586,493
MXAN_0086,32,17,91,63,49,121,54,56,26,197,98,132,450,318,262,151,162,122,284,174,121,132,207,231
MXAN_0087,201,235,379,284,383,327,821,941,290,907,794,662,637,880,1138,305,321,302,264,264,402,348,264,196
MXAN_0088,107,82,261,189,173,280,320,374,120,571,531,494,741,975,1189,318,394,339,486,532,478,982,514,537
MXAN_0089,230,144,178,342,346,610,683,506,247,1149,586,826,1148,905,917,515,453,611,401,268,555,365,279,306
MXAN_0090,62,55,120,110,102,107,195,245,84,293,253,190,192,256,301,107,109,123,120,130,134,95,89,74
MXAN_0092,77,60,367,118,144,151,428,474,155,1807,687,1710,257,263,347,202,177,188,118,120,143,66,74,129
MXAN_0093,127,99,130,312,290,310,427,409,167,553,354,469,662,738,844,328,368,442,337,214,441,374,336,513
MXAN_0094,1983,1539,1560,3163,2583,2912,3389,3259,1616,5147,3088,3943,4682,4935,5003,2154,2182,3124,1898,1672,2703,1544,1908,2446
MXAN_0095,366,313,548,708,632,976,928,895,425,1405,991,1510,2136,2303,2461,1077,1407,1964,976,917,1464,626,927,1093
MXAN_0096,35,39,103,84,43,90,61,45,23,87,40,76,127,116,182,46,84,102,97,93,102,15,87,109
MXAN_0097,114,104,205,204,168,272,208,205,87,361,257,307,532,601,793,262,267,371,345,424,442,182,375,425
MXAN_0098,105,99,232,186,166,290,246,263,134,431,273,422,826,996,1218,421,486,574,482,540,596,595,584,650
MXAN_0100,1400,1094,1397,2580,2450,2795,3909,3047,1637,7316,3449,4842,7015,6376,6497,2807,2582,2699,3570,2841,3304,3490,4037,4371
MXAN_0101,190,166,298,341,297,423,510,551,197,922,802,700,871,1121,1269,435,440,404,559,559,533,582,556,405
MXAN_0102,84,91,186,147,152,170,284,279,115,527,445,303,409,636,679,253,225,163,310,304,233,451,283,238
MXAN_0104,13,14,105,13,29,31,40,66,32,109,83,74,135,153,166,71,65,67,101,92,89,62,97,95
MXAN_0105,75,55,325,117,150,290,228,322,131,612,419,537,882,922,978,387,447,437,436,383,481,528,427,439
MXAN_0107,372,458,675,669,752,724,1965,2405,631,1920,1966,1411,1986,2889,3493,1071,1215,1164,1336,1895,1417,3155,1466,1097
MXAN_0109,16,7,97,16,10,16,7,14,8,52,36,25,61,119,129,29,26,27,53,79,33,237,125,164
MXAN_0110,141,123,482,234,215,156,367,585,134,620,866,490,548,1171,1216,372,335,237,443,555,366,1322,638,568
MXAN_0111,664,633,937,1021,946,1030,2090,2308,843,3340,2316,2443,3544,4466,5253,1644,1628,1691,2059,2269,2117,2588,1939,1798
MXAN_0112,183,116,246,249,269,430,443,474,202,859,632,747,1312,2015,1828,886,747,554,962,896,585,1507,1431,1437
MXAN_0113,117,98,249,271,265,620,358,263,174,829,370,657,2359,1970,2458,852,831,939,1727,1494,1271,1531,1454,1995
MXAN_0114,19,17,160,44,49,40,67,70,23,66,107,78,109,147,250,61,94,51,78,106,89,168,129,108
MXAN_0115,299,308,380,571,679,1056,1098,1127,573,2129,1416,1677,2799,2950,3328,1225,1308,1573,1620,1377,1516,1666,1722,2736
MXAN_0116,323,255,453,803,648,999,1122,902,299,1381,1567,1458,2536,3282,3902,1418,1656,1633,2269,1794,2036,1202,1929,2217
MXAN_0117,275,220,627,607,543,1072,1029,804,443,1653,1186,1471,2475,2415,2955,1127,1099,1114,1625,1500,1516,2168,1515,1529
MXAN_0118,38,34,77,63,67,113,105,76,45,165,113,116,267,253,303,157,126,126,196,152,170,368,205,205
MXAN_0119,122,97,319,149,141,165,268,307,135,528,414,335,483,732,860,312,327,216,411,468,267,1041,693,521
MXAN_0120,177,163,302,427,346,337,459,379,148,474,406,408,834,853,981,313,421,319,595,602,447,841,942,859
MXAN_0123,336,244,553,552,538,1474,327,186,133,2609,1745,2221,8450,8907,6934,4486,3808,2718,4890,3180,1663,10431,6333,6534
MXAN_0124,89,48,163,124,108,367,53,54,46,618,284,521,2703,2880,2362,1728,1327,943,1748,1069,555,2307,2035,2224
MXAN_0126,568,528,906,1176,1110,1404,2359,2205,962,3236,2784,2608,4175,5705,6389,2223,2106,1683,3533,3586,2445,5812,3435,3082
MXAN_0128,3030,3241,4093,5944,5356,3859,11770,12212,4564,17344,12328,10539,12644,21880,24522,5352,5387,4121,8649,10769,7172,12010,8477,7273
MXAN_0129,161,170,315,359,305,462,620,733,250,1202,1011,972,1692,2391,2515,876,833,647,1671,1575,1050,1887,1425,1404
MXAN_0130,786,830,1445,1514,1233,1198,2666,2970,1143,5157,4200,3151,5170,8966,9405,2446,2306,1735,5290,6364,3518,6110,5112,4526
MXAN_0131,78,53,455,167,135,158,273,273,117,602,455,451,773,1237,1357,283,327,311,420,536,563,926,538,518
MXAN_0133,1396,1048,1101,3185,2234,1708,1305,1383,409,2627,3638,2035,12122,12143,10534,3926,4268,3674,7006,7513,4467,7212,12685,17493
MXAN_0134,28,22,153,58,46,111,80,68,52,136,62,129,245,204,254,123,107,126,112,96,118,79,94,95
MXAN_0135,145,88,172,170,113,305,292,298,297,957,247,563,1007,832,940,406,335,466,537,443,517,1049,496,561
MXAN_0136,145,153,533,252,274,357,573,636,241,1169,1042,767,1067,1506,1736,601,560,493,719,792,680,1937,689,544
MXAN_0137,303,223,413,561,503,444,1023,1031,405,1167,1327,1023,1066,1736,2113,665,826,592,940,1111,926,433,810,653
MXAN_0138,1029,827,1104,1815,1674,1730,3310,2741,1531,2762,1860,2200,2573,3726,4303,1598,1726,1694,1814,1887,1947,4105,1917,2091
MXAN_0139,187,101,394,320,313,324,684,494,216,635,650,532,611,800,942,333,383,379,460,437,481,350,439,415
MXAN_0140,949,778,1182,2013,1989,3402,3837,3446,1636,4838,3911,4818,8816,8960,9083,4125,4392,5200,4927,4158,5791,5151,3985,3667
MXAN_0141,1002,761,1207,1807,1793,2850,3308,2708,1385,4637,3287,3999,7576,8030,7969,3355,3583,3486,4636,3371,4739,3270,3526,3459
MXAN_0142,1200,1144,2336,2915,3013,5754,4979,4301,2069,7873,5842,7392,13915,12694,17055,5881,6690,6565,8373,7938,10285,7558,7293,6755
MXAN_0143,116,89,214,239,256,409,382,311,165,551,397,498,928,871,958,477,462,535,646,479,656,415,429,416
MXAN_0144,665,515,972,1476,1462,2861,2521,2155,1080,4246,2897,4053,8046,6446,7883,3069,3400,3666,4725,3479,5233,3021,3642,4104
MXAN_0145,38,22,170,58,43,67,84,93,53,136,105,117,242,274,364,99,127,130,177,177,169,256,163,179
MXAN_0146,209,189,720,398,338,489,665,673,317,1335,1043,1013,2066,2308,2574,1100,1077,925,1405,1133,1281,1746,1049,1074
MXAN_0147,105,87,183,233,182,255,439,272,178,493,266,505,579,458,491,259,321,412,280,210,347,33,175,166
MXAN_0148,319,270,1185,441,561,764,1101,1052,416,1861,1787,1603,3086,3386,3624,2050,2066,1423,1759,1695,1213,3792,3445,2528
MXAN_0151,25,19,209,37,33,114,31,31,20,240,120,175,726,742,814,461,392,293,423,356,131,767,653,638
MXAN_0152,4,4,73,3,4,25,3,4,4,44,33,49,261,227,242,124,114,128,148,107,53,263,216,248
MXAN_0153,15,9,168,15,13,99,11,25,5,116,63,90,562,438,477,309,296,236,269,232,82,415,457,370
MXAN_0155,81,52,255,103,115,260,209,233,102,333,230,330,443,608,791,250,341,398,257,255,328,477,272,314
MXAN_0156,124,128,238,204,257,405,551,554,240,707,605,691,936,726,857,364,458,572,358,301,541,84,313,198
MXAN_0158,1248,1022,1249,2272,2480,3375,4168,3272,1700,4917,2939,3958,8758,10047,10297,3874,4014,4673,4488,3550,5071,5813,5416,9549
MXAN_0159,117,100,180,314,252,405,332,300,120,375,286,365,1066,1476,1621,536,693,684,809,797,840,761,931,1609
MXAN_0160,10,8,135,9,9,14,9,12,2,19,21,13,40,48,70,21,26,24,21,40,34,51,35,35
MXAN_0162,15,7,182,65,34,88,121,83,48,294,124,348,346,243,253,116,147,168,147,96,146,94,73,94
MXAN_0164,25,10,242,77,54,133,133,96,56,387,142,402,394,281,239,140,122,185,184,119,211,79,101,138
MXAN_0165,63,56,410,197,139,233,386,401,211,1032,417,937,931,861,788,360,335,437,431,367,527,289,218,310
MXAN_0166,15,10,139,31,52,87,126,133,67,301,181,271,378,271,224,122,113,151,129,114,194,141,88,98
MXAN_0167,288,188,560,494,474,511,1063,1198,505,2209,1937,1675,1536,2057,1858,736,746,694,675,913,1009,1028,546,428
MXAN_0168,361,478,1136,752,928,706,2399,2782,793,3753,3474,2835,2080,3272,3729,909,1112,895,992,1695,1556,3163,1003,700
MXAN_0170,305,327,403,431,288,231,382,428,141,757,592,453,364,881,992,228,262,208,245,355,307,762,301,239
MXAN_0172,234,268,530,381,326,526,677,765,345,1525,977,987,1536,1694,1863,738,690,636,1007,801,772,1907,1117,1386
MXAN_0173,260,210,414,465,500,774,747,709,242,1411,1294,1461,2035,2296,2018,1247,1263,979,1278,971,791,1507,1867,2499
MXAN_0174,2428,1886,2392,5287,4392,6134,7558,6055,2953,10722,7759,9057,16240,20178,23037,6930,6503,6552,13061,11352,13076,12686,9036,9963
MXAN_0175,304,264,604,518,489,753,953,678,386,1503,895,1179,1811,1628,1957,800,831,821,977,819,1057,553,837,827
MXAN_0176,71,75,518,101,161,131,389,705,178,465,602,367,446,529,796,194,245,183,279,409,280,536,301,313
MXAN_0179,50,21,110,20,17,78,23,16,11,89,57,125,47,23,44,83,117,123,41,15,21,10,32,19
MXAN_0182,2245,1756,2731,3274,3294,5778,5327,4690,2013,12305,8601,9255,14656,13691,13240,7194,6909,6995,7503,6796,4944,7920,9691,9649
MXAN_0183,19,15,51,31,31,49,68,55,23,71,66,72,101,80,114,59,56,58,67,60,59,27,79,56
MXAN_0184,34,14,98,48,49,43,93,103,50,127,126,121,179,236,245,124,145,106,82,124,126,140,108,65
MXAN_0185,46,63,404,76,82,67,143,198,62,217,255,144,240,433,545,136,143,101,141,239,170,411,221,202
MXAN_0186,85,74,432,143,131,204,240,283,100,468,550,340,552,643,693,242,240,250,298,289,282,360,318,310
MXAN_0188,41,41,184,125,72,107,107,99,32,157,95,123,194,208,194,82,102,110,113,108,98,73,85,118
MXAN_0189,144,123,360,300,306,572,469,376,148,830,461,707,1124,973,1142,570,618,705,606,479,638,559,606,850
MXAN_0193,77,60,200,143,172,283,300,202,92,422,350,412,945,902,874,438,473,364,712,575,432,882,799,921
MXAN_0195,1406,1091,1925,2749,2454,3955,4200,4023,1773,6506,5695,5704,9835,9977,10706,5291,5090,5180,6329,4744,5919,7268,5994,6945
MXAN_0196,547,443,998,942,1096,1410,2012,1961,799,3589,2985,2722,4981,7250,7543,2811,2921,2596,3474,3604,3258,6286,4426,4689
MXAN_0198,19,31,122,78,109,210,252,225,80,334,276,323,472,503,647,219,260,210,258,254,214,905,449,379
MXAN_0199,158,88,215,171,208,475,346,451,212,892,458,796,1794,1117,956,790,642,787,593,486,405,528,874,1151
MXAN_0200,165,163,342,221,189,527,382,424,198,928,396,692,1316,1478,1281,744,668,758,763,540,602,1532,868,1130
MXAN_0201,772,534,789,2689,1874,4132,1325,1304,608,3588,2970,3615,10699,9430,9381,2844,2715,3409,7917,4411,7579,2605,5362,10327
MXAN_0202,84,98,553,136,160,119,344,516,169,514,543,336,510,762,1071,210,270,202,330,502,296,643,503,422
MXAN_0203,19,15,148,29,20,54,65,71,25,98,42,90,152,132,191,69,69,66,103,105,66,150,84,105
MXAN_0204,38,24,91,80,80,194,97,69,35,149,113,185,398,311,405,183,208,282,184,194,239,196,194,243
MXAN_0205,336,215,316,695,554,1422,737,519,304,1419,629,1562,2590,1493,1238,955,924,1577,881,482,1191,309,643,926
MXAN_0206,1124,1269,1933,1545,1603,1724,2218,2735,903,5463,5950,4207,10391,16277,11775,7152,8509,5897,8056,8735,2987,12836,22791,27429
MXAN_0207,134,156,228,342,544,1125,761,793,321,996,1149,1065,3981,4468,4929,1768,1845,1499,3239,4158,2270,7108,4508,5620
MXAN_0211,135,80,268,419,227,615,1204,798,282,1003,599,919,1285,834,831,462,379,563,495,259,792,187,382,458
MXAN_0212,1396,958,2129,4835,1813,3826,2395,1131,713,6352,3218,5710,2272,1816,2022,945,1448,2450,513,487,1040,84,356,297
MXAN_0213,343,128,359,1162,344,1371,508,207,234,1709,651,1490,687,653,544,383,652,1309,119,160,416,70,95,105
MXAN_0214,54,36,141,145,76,150,499,378,128,368,188,280,706,732,720,203,268,311,619,405,544,169,360,461
MXAN_0215,83,63,231,209,131,179,1767,1717,546,760,450,500,1173,1383,1412,371,371,361,844,750,800,497,633,621
MXAN_0217,884,721,1138,1848,965,988,7808,8583,2187,1632,1436,1045,3131,3552,4115,911,975,883,2176,2074,1825,1357,1750,1995
MXAN_0219,175,123,400,439,229,282,1774,1082,524,506,231,380,854,844,894,258,331,350,482,464,487,237,366,372
MXAN_0220,53,38,188,117,79,147,538,399,171,222,107,182,393,313,323,130,134,171,183,120,214,134,127,212
MXAN_0221,79,64,216,233,172,179,1059,721,263,366,240,253,871,746,784,166,145,167,504,308,433,107,253,391
MXAN_0222,66,53,339,95,80,125,396,489,184,338,258,274,307,480,545,138,153,173,119,168,221,217,152,186
MXAN_0223,32,31,104,56,52,66,125,82,67,170,50,103,193,112,143,58,71,75,79,46,71,32,45,66
MXAN_0225,42,34,261,76,71,153,134,118,59,225,163,218,369,342,415,184,203,163,229,197,245,198,203,225
MXAN_0227,780,754,1304,1263,1324,860,3759,2991,1211,4188,2524,2233,2934,4832,5964,1180,1197,868,2325,2884,1891,4072,2137,1821
MXAN_0228,199,99,172,392,284,479,670,469,143,1370,767,921,2341,3132,2685,2082,2187,2710,1163,1081,1134,1632,3064,2877
MXAN_0229,199,140,369,300,254,518,339,304,127,742,566,635,1596,1589,1843,956,961,1073,911,676,793,837,1024,1157
MXAN_0230,263,261,482,571,486,659,658,561,247,1189,858,987,2168,2411,2582,1236,1423,1404,1266,1033,1100,1082,1554,1530
MXAN_0231,11,12,64,35,44,87,47,42,19,77,55,78,255,355,432,144,194,178,177,237,164,143,261,256
MXAN_0232,128,74,164,224,158,307,271,161,79,381,286,359,987,1113,1018,593,683,660,712,554,496,332,748,868
MXAN_0235,317,220,303,526,434,1146,644,413,298,1340,568,915,2406,1797,1788,904,833,924,1367,768,1091,1194,1287,2014
MXAN_0236,2553,2243,2305,4475,3369,5331,6067,6207,2413,9832,7416,7608,12679,13987,13323,6146,6679,7429,7738,6886,8369,4325,7249,6948
MXAN_0237,242,274,708,465,596,704,1102,1311,419,1930,1697,1461,2948,3193,3186,1569,1623,1229,1845,1815,1096,4064,3139,3824
MXAN_0238,99,94,293,163,198,208,404,439,127,482,520,392,426,559,611,190,217,172,237,264,240,247,268,182
MXAN_0242,90,67,229,144,127,109,247,317,126,398,593,255,291,578,814,150,189,172,189,494,257,337,309,222
MXAN_0243,110,72,178,218,129,176,275,206,117,401,280,309,443,598,660,231,278,235,290,306,277,168,270,203
MXAN_0244,92,66,282,116,135,163,306,387,124,434,362,341,306,407,512,183,225,257,131,159,214,136,119,104
MXAN_0245,270,277,555,427,371,678,877,952,492,1376,942,1103,1873,2164,2743,973,1223,1355,1004,1095,1620,857,1093,910
MXAN_0246,200,208,414,316,347,456,863,863,353,1075,705,876,869,1047,1394,494,597,644,416,434,620,508,417,320
MXAN_0248,273,222,452,442,341,607,487,409,171,1033,1447,1022,1848,2938,2277,1468,1715,1198,1408,1360,894,4300,2166,2107
MXAN_0250,174,123,203,209,135,298,256,230,92,599,392,528,853,933,666,581,652,606,398,375,332,298,397,398
MXAN_0251,719,823,1452,990,1020,1104,1732,1574,628,3429,2927,2601,3448,5057,4460,2074,2533,1973,1697,2270,1299,3816,2331,1668
MXAN_0252,64,24,123,81,70,98,90,65,34,201,101,186,341,301,308,172,175,142,269,119,135,109,228,300
MXAN_0253,23,28,156,52,51,62,77,92,35,120,137,109,212,401,532,100,106,93,179,337,171,441,226,241
MXAN_0254,23,23,132,33,42,82,113,78,48,136,45,118,172,120,133,70,89,107,56,42,81,28,32,41
MXAN_0255,226,164,464,402,408,880,638,472,263,1741,1127,1399,3393,2650,2295,1380,1056,942,2411,1561,1225,4765,2399,3037
MXAN_0256,431,344,555,916,994,2098,1407,1008,562,2405,1487,2310,4229,3455,3562,1779,1714,2181,2176,1528,2672,2148,2074,2706
MXAN_0257,2446,3211,3887,2729,3351,2073,11388,10563,3147,5095,6550,3451,4352,7375,8773,2358,2741,2458,2708,4242,2468,5439,5703,5298
MXAN_0259,24,20,55,46,44,86,56,43,18,133,125,124,282,387,363,209,203,150,189,216,103,624,337,297
MXAN_0260,564,431,878,1101,1193,2002,1880,1431,614,2506,2589,2463,4078,4815,4929,2086,2372,2163,2604,2560,2669,2577,2812,2747
MXAN_0261,52,35,164,103,139,305,216,141,86,350,263,340,826,652,819,431,432,480,441,377,460,592,450,645
MXAN_0262,66,48,182,128,137,306,224,164,79,236,195,239,520,405,506,188,190,207,338,249,284,285,322,429
MXAN_0263,109,69,170,212,187,395,271,158,115,370,228,341,628,604,661,327,384,443,375,313,409,353,469,710
MXAN_0264,10700,9800,10743,21166,17214,18725,28045,23595,10203,41612,25254,30151,30673,37096,38396,15122,17057,18071,16779,16869,20627,12185,17558,19130
MXAN_0266,309,238,484,501,447,592,1102,754,387,1646,900,1290,1746,2041,2474,1280,1376,1192,1344,1165,1319,4024,1835,1637
MXAN_0267,337,272,477,525,398,536,876,866,374,1695,1076,1107,1508,1882,2248,1210,1249,978,1038,1194,1170,1696,1448,1282
MXAN_0269,13,17,159,26,23,28,51,65,23,72,78,46,66,115,198,31,56,45,61,57,64,43,63,30
MXAN_0271,33,34,212,62,47,54,100,106,42,95,54,79,137,154,217,63,79,69,67,90,75,41,91,62
MXAN_0272,10,2,294,3,3,6,6,14,0,11,4,5,22,14,79,6,5,5,4,18,5,24,19,19
MXAN_0273,8,2,47,10,7,9,13,20,4,15,8,11,14,31,49,7,9,15,15,13,10,22,12,15
MXAN_0276,6,3,52,5,4,8,14,10,2,16,11,12,16,17,32,8,14,9,8,17,10,12,9,7
MXAN_0277,17,23,85,60,42,147,87,83,52,125,73,140,341,313,408,187,208,197,218,208,256,173,194,210
MXAN_0278,154,136,521,183,161,290,181,209,72,817,629,608,993,1274,1047,730,756,511,628,617,228,2126,1328,1240
MXAN_0279,1,4,26,13,15,20,10,9,6,60,33,52,88,82,82,51,39,54,50,37,58,82,63,74
MXAN_0282,828,525,769,1449,1032,1566,1707,1616,678,3704,2986,2733,5644,8402,8602,3366,3726,3090,6436,6464,3868,5708,5977,6901
MXAN_0283,456,457,553,933,1209,1972,2010,1674,765,3332,2461,3065,5681,4738,4378,2526,2294,2167,3332,2372,2047,3693,3050,3649
MXAN_0284,583,486,593,949,744,1055,1439,1298,758,2722,1595,1815,3141,5399,5692,1818,1895,1771,3219,3008,2622,4203,3294,4048
MXAN_0285,37,53,121,122,94,238,147,138,74,232,167,233,746,481,574,256,280,341,453,359,384,680,352,567
MXAN_0286,12822,8272,8495,21681,18787,21144,29823,22571,9170,19448,10179,15115,13120,16146,14711,9864,9823,10206,8488,6889,6823,6255,8495,9546
MXAN_0288,109,90,233,221,252,602,473,412,204,691,557,600,1848,1999,2337,869,964,1007,1462,1329,1300,1181,1201,1483
MXAN_0289,1558,1316,1722,3237,3132,4107,4373,2670,1381,5372,3267,4845,8333,9073,8698,4059,4451,4883,4828,4153,4633,5354,5740,6329
MXAN_0290,2022,1760,2365,4354,3348,3491,3539,3030,1198,7137,5113,4438,13220,14800,13538,6293,5787,4560,9972,5731,7081,5359,11098,11310
MXAN_0292,4,0,125,4,7,11,5,7,1,3,7,7,28,18,47,13,6,12,8,13,11,16,18,18
MXAN_0293,3,2,29,7,8,7,14,23,7,26,19,7,19,39,47,15,13,4,9,29,13,64,24,16
MXAN_0294,75,89,89,131,87,148,127,156,70,315,199,223,475,545,654,220,266,263,378,423,358,354,374,408
MXAN_0295,304,123,211,647,520,1170,632,193,178,173,57,178,109,90,133,65,54,51,77,46,32,108,128,177
MXAN_0296,170,125,161,414,386,621,461,134,107,109,31,82,59,57,93,33,17,23,39,20,20,218,81,127
MXAN_0297,20,15,105,40,33,34,58,82,17,94,114,85,136,173,261,78,65,68,104,105,86,68,74,84
MXAN_0299,22,12,85,33,34,63,68,65,25,67,87,100,118,120,163,48,62,33,67,51,57,74,51,54
MXAN_0300,57,40,109,92,69,111,145,77,57,173,125,148,198,202,217,136,116,111,135,110,138,148,119,119
MXAN_0301,113,104,209,162,161,133,377,280,103,402,278,344,216,281,370,105,120,132,147,129,145,190,100,119
MXAN_0302,16,11,76,25,17,44,40,42,14,66,32,68,96,86,118,39,42,56,71,39,47,23,57,74
MXAN_0303,7253,5057,6705,10228,8724,10725,10888,7497,2859,21242,12043,13361,8688,10155,11682,4049,3852,3557,4117,2980,6138,6978,5626,4316
MXAN_0304,28,35,228,63,60,71,120,114,53,156,133,147,180,166,270,82,107,100,85,98,82,167,83,101
MXAN_0305,50,30,142,83,69,93,181,116,48,215,197,175,259,284,314,166,200,139,151,133,176,164,126,89
MXAN_0306,146,118,154,298,284,164,450,472,185,655,612,448,499,675,671,299,265,178,345,340,288,371,310,167
MXAN_0307,76,55,117,184,148,267,305,189,122,431,240,437,543,519,484,257,276,249,349,264,261,333,227,170
MXAN_0308,17,18,50,48,40,172,70,51,29,114,63,111,237,154,205,133,108,137,149,104,163,122,140,130
MXAN_0309,257,231,302,656,434,576,827,585,253,1175,679,986,1355,1488,1706,602,693,674,1102,865,949,601,878,784
MXAN_0311,25,31,53,89,54,95,56,37,26,50,48,52,101,93,184,37,57,61,54,73,82,307,117,174
MXAN_0312,40,34,88,101,103,150,204,208,121,358,238,237,433,573,841,201,238,219,272,285,315,430,349,430
MXAN_0313,36,16,91,34,50,89,54,51,14,149,67,148,320,303,271,141,155,168,188,149,109,243,224,229
MXAN_0314,127,68,243,218,151,244,335,303,151,655,420,518,1012,1208,1247,486,512,458,552,569,437,696,603,836
MXAN_0315,767,479,591,1374,1223,2434,1713,1284,708,2978,2921,3178,5050,4890,5003,2496,2831,3312,3483,2490,3683,1684,3489,5104
MXAN_0316,96,62,106,287,205,351,132,107,66,251,190,353,537,685,1013,159,311,599,279,476,926,312,347,509
MXAN_0317,918,688,1215,6110,3647,3250,816,534,633,9426,7203,11324,13716,13100,13780,2055,6088,14358,5889,8161,16255,506,5092,8511
MXAN_0318,447,388,414,718,691,771,1026,1242,478,1961,1660,1314,1473,1953,1995,703,837,925,709,847,1133,1113,1086,716
MXAN_0324,14,12,24,28,35,66,72,77,16,86,113,65,92,193,295,68,82,48,61,107,103,275,82,74
MXAN_0325,45,72,50,79,238,113,123,266,54,52,61,39,104,119,144,107,79,116,68,60,78,411,154,397
MXAN_0326,162,264,84,183,456,192,186,314,42,72,119,41,158,125,89,133,129,169,109,73,63,93,138,447
MXAN_0327,730,1492,613,770,2869,1238,1655,4070,556,1225,1432,717,1755,1740,1981,1658,1376,1458,1246,1087,1109,4758,2808,6001
MXAN_0328,18,13,32,29,30,55,68,34,20,70,69,88,144,137,174,64,90,71,124,89,82,84,96,89
MXAN_0330,123,157,195,200,400,338,547,714,215,914,1099,629,776,1033,958,596,577,535,503,463,500,983,799,931
MXAN_0331,69,44,86,126,102,163,199,146,65,289,261,225,431,375,358,239,222,227,218,162,237,104,163,141
MXAN_0332,16,21,42,33,17,24,44,42,16,56,71,70,63,65,97,45,36,31,48,40,33,23,39,26
MXAN_0333,16,8,96,19,17,23,42,39,14,35,42,40,41,48,81,15,27,13,10,26,16,61,35,32
MXAN_0335,359,236,334,636,585,1033,1100,796,456,1217,717,979,1285,1044,1347,635,701,878,595,528,745,597,773,601
MXAN_0336,119,126,285,183,227,341,494,583,202,688,730,558,951,1302,1278,704,818,817,490,681,623,497,572,383
MXAN_0339,215,130,232,238,232,311,355,356,179,677,515,429,688,941,987,350,258,288,464,480,406,775,451,462
MXAN_0341,789,687,773,1135,1239,1851,2971,3228,1561,4878,3165,3230,4619,5170,4863,2459,2605,2959,1950,2013,3054,1881,1608,1033
MXAN_0342,148,107,187,125,88,100,1011,466,303,197,101,122,123,171,217,75,102,80,66,67,68,93,71,87
MXAN_0343,22,26,69,70,71,149,122,94,44,175,80,181,406,376,440,209,249,257,281,224,268,208,272,326
MXAN_0344,438,373,448,625,738,1076,1741,1901,789,2404,1505,1693,2708,2917,3158,1079,1243,1375,1205,1203,1735,984,1260,1133
MXAN_0345,3284,3900,2620,10831,12588,20942,12925,13318,5044,37845,26408,36471,191567,127658,134995,71659,77123,98237,81510,60435,80438,16026,63810,116512
MXAN_0346,1237,1497,1277,3405,3944,3725,5965,9623,2337,11638,7504,9021,24402,32476,32487,14472,14587,16457,13919,12244,14110,29386,16715,27315
MXAN_0348,9,3,72,11,14,13,16,17,9,23,18,18,56,44,89,34,52,69,42,51,33,109,120,188
MXAN_0351,117,82,166,265,184,432,246,174,128,287,220,320,399,411,480,265,247,246,302,252,340,241,265,273
MXAN_0352,87,82,180,213,239,376,430,394,155,468,337,501,1019,1131,1483,396,524,612,562,498,833,462,482,678
MXAN_0355,845,627,820,4106,3224,2798,2334,2386,943,4964,4006,4107,5485,6738,7323,8750,9017,9354,3363,3045,3353,6608,10687,11809
MXAN_0358,1469,1188,1520,2675,2721,2573,5453,5474,1967,6990,5149,4902,4510,7055,7724,3971,4439,4400,2114,2393,3435,2574,3007,2202
MXAN_0359,452,272,288,746,577,733,902,503,392,1296,541,1165,1973,1863,1806,1140,1103,1415,1376,1113,1336,353,776,1186
MXAN_0360,2211,1246,1397,3635,2319,2200,5021,2989,2249,6617,2622,4739,6824,7666,7069,4100,4186,4749,4997,4355,4476,2617,3102,4036
MXAN_0361,988,696,727,1989,1460,1697,2586,2188,1177,3738,1858,3153,4656,3842,3444,2194,2233,2768,2790,1781,2473,793,1572,2517
MXAN_0363,168,172,137,338,279,234,555,351,267,823,232,480,1037,853,862,462,481,594,590,593,584,90,405,470
MXAN_0364,2414,1574,1741,4354,3116,4186,5388,5737,2956,11555,8068,8495,13664,14997,12396,6474,5666,7188,8731,6369,9034,4620,6527,9448
MXAN_0365,170,85,186,180,144,202,375,214,115,259,135,182,325,288,343,138,146,173,177,157,217,219,212,212
MXAN_0366,1865,1924,1888,3304,2797,2284,10437,5262,3417,2138,1252,1817,2007,1891,2175,855,1117,1588,961,1021,1376,398,878,1189
MXAN_0368,198,182,249,301,311,289,897,740,363,716,500,531,872,1272,1460,511,534,559,555,582,642,2631,594,530
MXAN_0369,310,254,307,425,367,441,923,859,426,1204,793,868,1117,1170,1197,562,604,808,526,451,804,180,390,282
MXAN_0371,268,191,350,563,620,870,955,727,320,1524,956,1196,2692,2948,3233,1225,1202,1185,2236,1876,1619,3850,1881,2389
MXAN_0372,145,196,412,173,186,123,372,623,141,749,1065,428,703,1391,1363,542,596,249,633,1039,369,3408,1631,1123
MXAN_0374,70,57,153,83,73,89,159,134,59,210,98,144,204,226,219,65,102,87,137,134,129,108,107,101
MXAN_0375,105,109,125,144,104,180,265,492,229,731,188,335,538,609,751,277,323,316,253,317,516,1016,261,219
MXAN_0376,213,174,262,449,385,574,808,718,315,1094,738,893,1271,1302,1694,621,796,856,801,754,1169,447,559,419
MXAN_0377,62,55,170,123,141,256,198,191,100,400,300,383,633,551,655,307,325,353,322,244,302,300,419,450
MXAN_0379,41,24,181,78,50,138,132,87,45,204,112,183,438,367,349,219,232,289,269,184,218,191,226,327
MXAN_0384,124,160,189,146,142,101,444,783,254,504,572,328,405,931,1158,360,644,578,252,482,526,58,224,113
MXAN_0386,135,112,189,173,171,261,178,165,70,596,412,489,612,757,550,468,472,443,265,204,170,209,578,520
MXAN_0387,33,43,151,82,123,104,207,278,78,298,353,241,298,672,826,144,156,154,221,378,257,726,318,250
MXAN_0389,31,31,160,57,71,146,145,142,56,244,146,207,274,221,277,144,153,196,128,105,154,92,115,79
MXAN_0390,479,257,374,701,471,787,479,336,173,1233,489,729,948,944,898,666,673,579,468,432,312,803,1079,1116
MXAN_0391,1838,1349,1395,2329,1566,2001,1821,1326,581,3577,1523,1980,1935,1752,1835,1005,1064,884,778,759,670,1067,1919,1623
MXAN_0395,423,286,479,551,548,1109,941,814,359,2570,1339,1692,3299,3128,2551,1652,1626,1393,1541,1313,1022,3049,2081,2304
MXAN_0399,115,83,529,190,159,375,206,204,109,855,645,749,2302,2752,2207,1412,1431,1103,1739,1395,745,3075,2625,2799
MXAN_0401,643,1056,814,794,2078,1273,6866,9915,2952,7319,5162,3958,5309,9782,8116,3035,3102,2640,1680,2613,3475,3656,1972,716
MXAN_0405,2396,1806,1691,3294,3366,3741,8876,9143,3262,14686,8817,8831,9131,10182,9984,5590,5481,6708,3667,2867,5360,1976,3068,2995
MXAN_0407,11,8,170,24,16,35,67,72,18,107,66,72,140,125,210,77,52,64,121,75,61,154,83,97
MXAN_0409,4,5,40,5,10,13,6,36,2,22,30,22,40,61,73,19,35,19,20,36,21,209,48,25
MXAN_0410,13,19,57,22,31,90,40,61,26,98,79,99,218,213,232,138,103,109,154,111,120,247,160,255
MXAN_0411,999,1223,1570,1810,2062,2611,5505,5466,2109,8841,4535,5510,6536,7678,8321,3215,2955,3017,4356,4257,3710,9931,4575,5352
MXAN_0412,241,197,241,327,319,599,514,420,179,1251,636,845,1310,995,919,705,603,635,457,359,654,151,274,205
MXAN_0415,1024,1124,1276,2500,2223,1592,3451,3854,1426,4605,3301,3318,3788,6331,8653,2102,2252,2443,2465,2978,3852,1213,1698,1355
MXAN_0417,134,114,212,159,117,137,302,219,110,159,147,126,143,217,323,99,125,117,92,110,118,263,128,132
MXAN_0418,251,201,251,428,419,331,1122,1121,334,345,367,279,225,282,359,76,100,85,178,210,144,117,178,166
MXAN_0419,215,263,384,435,406,412,847,1095,304,1119,1305,879,1140,1644,1816,547,667,544,855,845,823,2152,1144,1084
MXAN_0420,7,3,24,8,9,14,25,24,3,27,23,28,81,79,105,36,50,38,64,62,53,178,57,49
MXAN_0421,2907,2051,2772,5164,5248,5883,9901,8201,3032,13191,11837,11340,16479,23500,23627,9112,9344,8046,12986,11129,10537,17497,14822,16219
MXAN_0422,1222,1002,1028,2108,2074,2195,3555,3050,1041,2339,1708,1527,1377,1388,1661,787,711,706,782,824,796,808,655,701
MXAN_0423,4,2,87,5,9,12,15,18,8,85,27,73,33,47,73,18,28,20,32,42,28,27,32,53
MXAN_0432,53,47,103,119,105,142,236,232,74,271,311,243,268,369,378,123,114,149,133,148,117,79,174,272
MXAN_0433,64,72,123,143,196,185,385,797,164,562,778,392,744,1356,2190,332,406,324,538,1013,623,1409,683,658
MXAN_0434,123,96,316,156,110,221,305,249,89,416,355,354,669,755,626,456,470,386,423,355,231,396,664,709
MXAN_0435,37,27,114,74,49,103,201,120,65,121,103,112,198,170,237,94,62,79,164,98,99,201,111,174
MXAN_0436,44,73,101,55,79,57,181,446,88,229,409,138,268,333,440,66,123,91,148,218,107,378,233,209
MXAN_0437,23,12,58,23,21,26,77,68,21,80,44,57,72,74,93,28,31,37,31,32,37,39,27,28
MXAN_0438,48,28,94,55,55,120,120,164,46,203,143,180,189,277,373,126,169,160,94,105,162,117,132,87
MXAN_0439,3,8,37,6,14,14,16,13,6,24,17,17,31,48,67,20,20,15,23,28,31,82,41,31
MXAN_0442,595,430,537,855,1120,921,1590,1572,627,1231,1539,1396,1549,2959,3752,809,1122,1088,1035,985,1899,1788,1125,1063
MXAN_0443,93,102,195,236,240,287,397,553,164,991,1990,792,586,1481,862,172,212,181,1011,373,186,410,553,902
MXAN_0444,1522,1293,1624,2078,1791,1349,2874,2386,988,3079,1951,1876,1941,2618,3200,934,994,868,1079,1344,1453,1289,1559,1653
MXAN_0446,1151,1159,1534,1955,2091,1923,4917,4217,1691,5578,3996,4070,4009,5540,6210,2149,2316,2227,2271,2305,2755,3329,2428,2255
MXAN_0447,79,29,99,129,77,133,158,131,55,199,216,206,237,331,345,172,148,124,273,208,171,99,184,235
MXAN_0448,1368,996,1165,1037,1140,1288,2232,2479,1005,2427,2267,1635,1834,2931,3014,1566,1499,1254,1189,1180,1123,1842,1308,1476
MXAN_0451,1153,911,802,980,962,1545,2115,1497,841,1389,682,1065,1354,1333,1543,752,1004,1003,625,632,632,912,871,1146
MXAN_0452,43643,34939,32689,36978,38543,40021,86691,88350,36050,63998,43710,43922,38504,48443,45282,21047,24448,24328,14475,14854,16927,8791,21841,21910
MXAN_0453,6,9,61,9,6,9,14,19,7,26,13,16,26,42,65,21,19,10,18,24,19,38,34,26
MXAN_0454,2346,3026,3585,3281,4440,3358,9772,14242,3963,12839,15343,10206,10523,15112,15551,5069,5546,5741,4038,4210,6577,4941,4811,3390
MXAN_0455,173,183,361,250,401,381,872,871,406,1016,837,847,901,1438,1885,594,707,669,427,653,730,1748,575,495
MXAN_0457,1224,928,1311,1346,1522,1478,1835,2213,786,6249,6875,3669,21691,17729,6380,10801,7589,3611,26615,6618,3132,14631,19517,20241
MXAN_0458,356,395,499,821,880,1715,981,1119,510,3057,2516,2793,5522,4980,5101,3010,3222,2874,3680,3376,2449,4998,4175,5603
MXAN_0459,2112,2025,2717,3471,3068,3284,4138,6580,1810,11150,12167,8510,11056,16531,15387,6613,6712,5137,8505,8949,5969,12972,9539,8062
MXAN_0460,1892,1634,1922,3470,3210,4203,5704,5757,2466,9684,10020,7616,9793,14130,13886,6247,6502,5587,6719,7771,5777,9460,6748,5299
MXAN_0461,542,632,707,1082,1315,1767,2234,2270,843,3850,2976,3122,4922,5734,6241,2713,2909,2551,2796,3179,2641,4114,3089,2733
MXAN_0462,131,86,111,302,248,339,298,298,114,746,451,512,1030,1274,1398,673,698,643,791,800,604,583,763,708
MXAN_0463,356,328,554,853,813,1516,1114,1067,525,1683,1619,1990,3262,2993,3232,1508,1683,1815,1788,1513,1612,2326,1817,1917
MXAN_0464,39,46,91,130,122,228,143,179,68,316,437,283,1203,2079,2481,679,742,657,1292,1505,1068,8638,1569,2136
MXAN_0466,103,76,276,194,150,180,147,157,63,277,207,214,347,603,600,206,222,158,318,270,202,1200,420,515
MXAN_0467,99,97,122,156,179,313,389,318,144,460,290,443,669,802,1021,445,560,513,402,422,467,503,355,396
MXAN_0468,3308,3600,3991,5565,4867,4183,9727,11485,3808,14745,12256,9675,10578,17298,18268,6370,7186,6191,6302,8937,6922,9398,8651,6087
MXAN_0469,2354,2485,2679,4143,4203,3774,8907,9921,3471,11669,10086,7835,10264,18079,18311,6309,6671,5688,6508,8366,7197,13951,8482,5976
MXAN_0470,165,137,186,368,355,470,611,508,214,715,600,556,1214,1476,1802,546,557,595,970,906,1024,1432,827,1003
MXAN_0471,50,32,109,63,106,130,214,269,95,272,378,251,314,400,545,147,179,159,195,239,165,478,291,302
MXAN_0473,35,21,63,76,54,146,94,85,56,169,95,167,465,337,477,180,231,236,369,319,267,316,271,386
MXAN_0475,80,48,92,96,128,141,216,234,110,360,227,256,387,430,453,146,246,230,202,141,273,40,211,166
MXAN_0476,113,88,128,229,179,247,331,205,145,507,288,436,677,988,961,501,576,543,466,551,654,462,474,470
MXAN_0477,3,10,56,18,26,31,44,39,27,69,44,64,125,200,244,92,96,93,49,73,97,115,82,63
MXAN_0478,111,118,132,236,214,349,442,366,158,447,243,414,478,438,535,248,305,409,200,166,352,77,121,100
MXAN_0479,550,523,543,819,616,634,925,628,344,934,328,630,677,816,970,290,316,364,346,307,541,403,466,539
MXAN_0480,1335,1207,1189,1662,1305,1251,2499,1546,1003,2490,670,1622,1366,1646,1534,858,1051,960,674,645,831,270,1195,1238
MXAN_0481,47,37,164,81,103,261,275,226,110,320,202,300,523,463,631,225,288,402,220,206,356,204,216,256
MXAN_0482,31,38,49,53,77,92,109,182,50,222,263,163,311,446,636,149,197,183,211,251,255,247,270,212
MXAN_0483,121,131,176,252,255,392,482,400,184,723,587,548,1433,1277,1524,615,652,467,1067,924,607,1523,1168,1465
MXAN_0484,374,312,368,644,513,690,1111,927,443,1297,961,972,987,1497,1551,505,582,573,698,541,733,413,519,456
MXAN_0485,413,425,566,894,756,591,1450,1739,585,1832,1901,1205,1350,2983,3750,617,689,463,1063,1608,1104,9269,1248,858
MXAN_0486,558,670,824,1158,789,653,1837,1683,755,1618,1295,1126,1550,2584,2802,433,437,433,1210,1604,1020,687,781,823
MXAN_0488,223,219,271,450,240,248,500,442,206,677,398,401,589,864,818,244,236,216,402,300,418,309,323,319
MXAN_0493,408,429,460,793,1042,643,1867,1961,543,1096,789,640,420,742,969,187,245,195,193,389,286,826,286,252
MXAN_0494,12,13,40,12,18,13,24,56,14,46,38,27,29,54,92,10,16,7,21,37,19,34,29,23
MXAN_0496,46,57,82,68,76,98,111,117,43,200,182,190,285,225,214,159,172,182,113,101,106,60,148,191
MXAN_0501,519,544,598,981,968,888,2113,2372,700,2685,1934,1955,2696,2941,3144,1727,2024,1808,1259,1444,1324,2597,1353,1204
MXAN_0504,14,16,31,28,20,266,18,21,7,815,485,1205,5803,3278,1821,6287,4731,5990,2673,1213,2123,3344,3617,3339
MXAN_0506,919,884,918,1795,1457,2032,2430,1740,843,2256,1227,2053,1289,1180,1244,657,878,1599,536,509,866,437,515,479
MXAN_0512,143,130,185,291,219,385,348,284,137,614,420,559,942,835,841,385,381,391,582,357,574,576,387,576
MXAN_0513,17,16,47,39,35,34,61,43,17,79,85,86,117,171,208,76,79,75,118,91,90,134,103,128
MXAN_0515,295,230,373,621,446,674,658,577,262,1384,966,1144,1750,1989,1725,818,836,793,1117,969,950,1001,1210,1521
MXAN_0517,9,22,13,30,30,54,81,46,18,82,54,72,128,130,176,71,71,85,52,39,73,103,54,61
MXAN_0518,496,345,482,970,809,1318,1737,1083,625,2353,1407,2024,2585,2602,3249,1460,1552,1535,1483,1198,1483,871,1329,1429
MXAN_0521,10,9,24,15,32,36,26,38,14,75,35,48,165,184,219,84,106,71,119,171,76,109,168,179
MXAN_0522,17172,14063,12603,31765,32053,21452,78784,62722,27332,59387,35304,35147,31790,44346,55742,15870,16540,17670,14547,13720,22717,9167,10641,7813
MXAN_0525,172,121,561,211,208,690,93,81,38,1161,1017,1065,4539,4232,3475,3061,3158,2210,3708,2932,899,5871,5226,5862
MXAN_0526,88,63,298,91,101,217,73,108,26,387,421,346,1576,2102,1179,1493,1530,894,1481,1116,238,6395,4090,6664
MXAN_0527,10,8,180,11,18,20,6,21,5,40,43,28,144,198,182,122,122,109,85,124,29,343,344,610
MXAN_0529,217,205,506,344,340,459,503,575,221,1188,807,991,1186,1183,1115,747,804,793,571,521,421,504,787,833
MXAN_0530,68,54,149,130,148,330,135,158,92,542,342,504,1072,825,853,495,583,617,471,381,534,354,472,536
MXAN_0531,341,315,482,758,906,1259,1133,1071,336,2655,2090,2325,4359,5098,5465,1794,1971,2017,1989,1961,2759,3021,2027,1561
MXAN_0532,145,76,234,272,211,481,285,313,147,771,439,762,1015,997,1200,557,591,680,478,507,600,672,467,440
MXAN_0533,1294,1225,1440,2207,1993,3150,2143,2490,929,7321,4280,4618,8580,8337,8697,3680,3285,3081,2980,3072,3543,2571,2905,2559
MXAN_0534,113,88,294,192,262,519,365,360,140,929,705,796,1404,1330,1429,702,631,650,622,524,679,1116,565,502
MXAN_0536,21,18,291,22,17,27,51,75,21,76,102,53,97,125,191,27,49,46,53,93,60,71,58,57
MXAN_0537,86,57,329,185,174,482,322,320,208,628,456,683,1396,1577,1648,767,868,881,768,749,892,1582,928,1081
MXAN_0538,359,421,488,1499,2282,3137,1504,1523,745,5694,6148,5430,24932,20122,22696,14051,14389,17324,7762,4177,10313,12843,14109,20427
MXAN_0539,130,94,221,157,158,87,287,347,126,478,319,261,231,396,434,141,143,77,166,193,151,416,179,119
MXAN_0541,198,144,614,115,183,344,118,144,53,978,806,725,1318,1537,928,1077,1066,629,687,708,206,2323,1862,1229
MXAN_0542,280,237,485,504,300,310,381,489,134,579,735,415,294,581,608,201,213,169,188,265,231,613,299,221
MXAN_0543,760,618,763,1033,1209,2005,2655,2017,1078,5581,2893,3975,4066,3655,3276,2508,2163,2206,1589,1204,1846,1463,2015,1334
MXAN_0544,9,12,198,34,20,60,23,37,6,162,126,134,429,341,275,220,200,156,321,244,143,152,242,386
MXAN_0545,289,343,366,363,334,335,164,311,105,2236,2983,937,5754,7029,5954,2375,2328,1299,5998,6432,2797,4288,5120,7480
MXAN_0546,72,49,165,166,115,248,135,131,53,549,362,431,884,730,741,356,342,362,602,448,443,252,392,373
MXAN_0547,61,68,278,103,123,235,162,208,71,581,403,464,873,887,1167,418,453,446,577,589,510,539,527,555
MXAN_0548,1243,750,1114,2107,1892,2596,2496,2197,987,5252,8361,4396,4926,7111,8371,2709,2644,2869,2411,3758,3648,2094,2513,1876
MXAN_0549,8,16,59,20,20,49,27,32,16,177,209,184,200,157,174,301,285,385,69,47,66,37,58,81
MXAN_0554,700,508,686,1834,1003,1552,1202,622,444,1554,700,1325,1651,1653,2000,771,932,1261,789,680,1444,250,1015,1476
MXAN_0555,6,6,94,6,13,3,16,11,11,53,24,29,31,39,55,14,25,16,18,24,20,14,27,18
MXAN_0556,22,19,233,28,22,34,49,70,26,96,74,67,125,149,179,68,88,77,63,64,61,55,63,55
MXAN_0558,20,10,50,21,19,55,44,26,15,75,44,83,93,82,110,41,50,58,50,51,45,34,70,102
MXAN_0559,6448,4523,4882,9915,9850,10414,19251,14395,7420,29289,15754,21874,15924,21712,20552,9013,9411,11135,6106,5636,9991,5986,6770,6018
MXAN_0560,58,97,253,203,338,404,177,445,125,758,918,645,1118,1649,1859,650,931,765,958,1144,1032,643,844,667
MXAN_0561,192,157,345,292,341,445,419,605,184,878,989,628,1291,1239,1049,407,412,463,643,447,481,673,571,584
MXAN_0562,98,69,238,128,144,173,246,264,77,449,301,354,517,546,557,246,286,349,247,247,325,116,280,184
MXAN_0564,137,91,303,346,305,720,585,393,216,952,526,921,1530,1544,1694,766,709,742,1083,652,898,848,861,1046
MXAN_0565,11,9,61,24,14,50,27,34,19,55,40,52,148,172,255,75,92,78,135,159,112,220,106,114
MXAN_0566,105,60,132,208,142,305,300,198,112,494,236,350,876,757,696,330,290,364,609,454,487,291,381,516
MXAN_0567,43,29,97,49,61,68,82,94,67,140,92,111,279,222,210,116,127,168,176,113,130,177,186,184
MXAN_0572,3044,2481,2867,5468,5560,6464,11587,11428,4517,21236,14535,13444,16255,22148,24525,7637,7810,7660,8919,8950,11628,9433,7733,7010
MXAN_0575,574,530,716,1223,1058,1633,1402,3149,1160,5191,5911,4194,7994,10977,11625,3250,3399,3955,4670,5632,5750,2028,2987,2976
MXAN_0578,2,1,86,3,6,11,9,11,4,11,10,10,25,32,48,10,26,18,16,13,18,46,19,23
MXAN_0579,20,19,89,40,30,49,47,43,23,90,53,63,145,127,152,65,66,69,80,86,92,87,120,112
MXAN_0581,25261,27479,31415,45640,36513,26825,59822,63735,23598,90450,68161,61139,54791,85772,78185,30749,35388,32540,31625,37074,32275,26698,34521,29537
MXAN_0583,22,16,61,48,40,109,75,51,41,123,51,116,238,184,201,127,113,165,110,96,149,73,70,98
MXAN_0584,446,354,538,868,1128,1547,2452,1724,859,2973,1706,2259,3016,2834,3357,1507,1448,1441,1621,1353,1859,1312,1115,1101
MXAN_0585,2040,1607,2341,3587,3862,5698,8373,6403,3470,11276,6574,8165,12650,11706,11902,6191,5640,6110,7269,5824,8141,5969,4368,4690
MXAN_0586,134,125,502,206,307,348,665,656,240,624,570,574,1010,997,1178,579,663,597,538,583,665,511,379,280
MXAN_0587,309,331,442,624,565,951,330,284,128,1874,1418,2069,14273,8305,6299,8024,7354,9023,7971,4473,3680,2436,9959,24401
MXAN_0588,33,44,419,61,69,58,119,157,56,206,186,178,255,273,354,131,148,152,131,170,127,284,190,232
MXAN_0592,4,7,149,10,14,17,31,38,11,36,42,38,57,64,115,24,42,41,29,35,59,24,42,41
MXAN_0594,5,5,145,4,2,5,7,26,4,17,14,13,37,27,53,16,11,9,19,16,5,41,29,23
MXAN_0596,42,28,134,58,45,108,118,108,70,267,170,208,318,329,276,213,216,162,147,126,97,190,200,191
MXAN_0598,31,35,80,72,59,87,100,55,25,207,152,179,479,472,312,215,202,140,453,297,155,282,387,509
MXAN_0599,510,458,975,1072,771,1051,1332,1572,597,2798,2378,2248,3638,4894,4560,1584,1651,1645,2625,2148,2039,1046,2726,3944
MXAN_0601,90,72,124,140,100,116,278,330,88,432,465,282,304,505,410,159,184,150,171,126,210,200,159,98
MXAN_0602,463,473,592,651,647,1019,1318,1487,641,2463,1882,1844,3886,3634,3682,1418,1703,1848,1914,1499,2262,1241,1671,1531
MXAN_0604,447,338,767,928,847,768,1390,1258,346,1671,2060,1471,1297,1882,2216,733,824,635,795,740,822,1146,1219,1255
MXAN_0605,110,76,76,168,116,237,317,147,152,390,137,301,605,332,306,166,167,237,209,106,200,41,93,145
MXAN_0607,179,92,345,271,201,308,326,198,101,650,422,485,803,815,705,447,435,408,475,350,360,642,593,582
MXAN_0609,51,37,117,85,67,102,128,147,73,230,222,185,281,400,432,181,189,191,208,167,205,481,226,220
MXAN_0610,32,30,255,40,46,90,85,115,35,205,169,178,488,454,500,231,267,190,317,296,181,693,568,680
MXAN_0611,97,112,205,206,201,287,389,423,151,605,604,519,770,1151,1468,391,497,431,529,667,595,1019,653,676
MXAN_0612,612,649,827,1037,1260,1518,2358,2453,836,4069,3806,3123,7023,8214,8989,3924,3846,3069,6331,5660,3844,10413,5716,5536
MXAN_0613,85,62,379,124,85,237,135,125,51,342,173,258,680,562,542,340,367,302,537,360,212,651,628,676
MXAN_0615,390,245,458,741,616,934,1194,877,459,2177,1187,1538,2118,2237,2342,982,951,905,1349,1050,1282,1402,1313,1673
MXAN_0616,41,24,135,46,59,126,78,76,31,238,171,197,461,496,365,326,264,185,299,235,134,811,481,663
MXAN_0617,225,152,294,366,328,601,657,435,253,940,409,721,952,1107,928,576,618,592,462,377,573,924,595,627
MXAN_0618,225,201,494,473,585,1179,1068,783,471,1828,1108,1671,2360,2173,2328,1274,1231,1403,1184,938,1234,1700,1515,1636
MXAN_0619,10,20,59,18,15,10,39,63,9,93,120,39,53,105,114,27,39,27,39,73,47,158,38,20
MXAN_0620,76,89,189,125,115,126,250,227,104,421,301,292,391,445,525,227,285,251,256,220,284,302,200,136
MXAN_0621,50,65,128,110,119,156,197,227,86,339,251,260,460,393,510,175,224,238,252,231,245,107,258,181
MXAN_0622,1288,1270,1487,1993,2123,2508,5378,5225,2045,6290,4899,4723,5271,6853,6806,2864,3138,3729,1976,2629,3876,1493,1877,1129
MXAN_0623,35,47,157,84,65,99,164,147,62,189,181,162,273,311,433,141,141,140,224,189,212,199,145,192
MXAN_0624,89,76,136,196,117,202,259,223,128,387,255,291,358,349,364,182,187,188,251,198,228,93,168,193
MXAN_0625,644,346,652,759,936,1259,1053,839,614,1554,950,1167,1479,1909,1986,849,1068,896,971,935,965,1317,1221,1221
MXAN_0626,847,493,781,1067,1243,2250,1233,815,586,1115,856,844,1362,1851,2140,706,728,960,855,1376,1002,1354,1157,1396
MXAN_0627,145,136,235,198,297,522,306,371,162,424,406,339,553,650,654,273,354,360,340,416,359,543,402,426
MXAN_0628,25,16,163,39,39,68,110,104,35,110,134,112,169,228,334,82,104,62,113,100,96,130,159,142
MXAN_0629,8,8,91,10,7,13,22,12,9,20,10,13,29,32,59,14,15,6,23,22,21,16,23,24
MXAN_0630,52,42,213,114,93,198,286,163,121,155,88,111,220,195,260,116,124,118,198,146,151,129,123,132
MXAN_0632,163,133,206,425,785,725,1090,1375,451,1828,1718,1707,2299,3023,3276,1437,1464,1494,1657,1513,2042,3087,2462,3693
MXAN_0634,1085,777,1220,2321,2282,3863,3945,3529,1713,6707,5909,6310,11247,14299,14041,6254,8124,7515,7427,9216,7573,5581,8604,9290
MXAN_0635,442,426,505,939,718,879,1282,984,497,1731,1140,1424,1953,2266,2271,1029,1380,1424,1271,1233,1130,662,1251,1329
MXAN_0636,255,155,367,628,500,1120,874,703,361,1370,1183,1436,2289,2481,2736,1171,1271,1553,1165,1147,1368,1564,1320,1501
MXAN_0637,445,181,337,781,598,775,1342,751,519,1822,844,1176,1177,1132,1427,518,495,482,671,458,840,410,369,226
MXAN_0638,742,511,635,1336,1241,1043,2844,1767,998,3210,1984,2016,1634,2287,2967,654,702,563,915,773,1284,879,625,432
MXAN_0639,453,360,804,827,829,818,1845,1802,710,2560,2026,1706,1950,2773,4196,869,954,952,1382,1263,2070,1061,936,778
MXAN_0640,29,26,121,44,42,197,59,45,42,201,114,231,1051,609,456,478,453,460,469,268,223,441,643,1033
MXAN_0641,7,9,110,8,8,16,7,14,8,27,19,12,41,75,67,41,26,21,49,43,22,55,100,159
MXAN_0644,118,78,365,222,170,474,292,150,146,491,178,354,691,480,507,395,414,371,371,294,251,453,628,753
MXAN_0645,72,59,235,125,136,157,249,244,108,496,431,386,618,717,703,325,363,258,455,354,286,681,478,513
MXAN_0646,35,17,178,54,46,82,50,39,5,94,60,88,174,131,135,63,73,69,124,91,41,208,152,181
MXAN_0647,523,404,827,868,582,743,892,980,375,1856,1983,1305,2510,4519,3674,1104,941,777,2100,2289,1393,2590,2225,2003
MXAN_0651,29,34,110,67,57,133,126,117,56,243,166,190,455,443,441,195,213,246,166,166,262,130,155,174
MXAN_0652,93,75,197,144,190,220,323,359,131,606,571,513,1078,1356,1385,422,582,583,436,609,826,302,430,290
MXAN_0653,270,284,506,611,529,535,1381,1226,432,1276,755,789,1382,1329,1632,513,548,467,938,995,769,611,696,947
MXAN_0654,489,401,478,875,686,706,926,1102,369,1156,1005,773,701,1051,1016,233,252,342,266,245,411,302,324,466
MXAN_0655,249,196,268,600,531,611,499,433,152,707,412,438,758,897,1090,230,251,260,329,226,476,313,417,578
MXAN_0658,1629,1518,1998,2551,2177,2543,3413,4512,1284,6854,6976,5247,8490,12901,16256,4206,4283,3587,7281,7324,6625,13953,6220,5765
MXAN_0659,685,561,817,1571,1728,3200,2611,1484,899,4590,2097,3715,8369,6288,6891,3173,2864,2731,4163,2692,3933,2560,3479,3559
MXAN_0660,237,194,373,345,316,386,444,435,178,865,880,711,1530,2154,1721,900,1052,653,1207,1363,545,1818,1736,1775
MXAN_0661,109,62,206,168,118,322,114,95,52,366,172,359,974,772,497,568,550,503,617,323,257,300,609,1210
MXAN_0662,71,60,154,176,207,692,322,177,94,427,309,545,1566,1192,1199,675,536,622,828,570,835,2455,620,916
MXAN_0663,366,351,546,714,613,971,1231,1159,555,1728,1471,1422,2341,2915,2765,1368,1539,1717,1382,1224,1789,1623,1161,975
MXAN_0664,19,34,93,31,42,64,121,80,36,104,62,80,134,114,135,62,91,113,27,36,71,61,38,27
MXAN_0665,1435,1039,1124,2019,1995,2475,2957,2869,1400,2169,1773,1328,683,993,843,442,340,428,667,458,335,1081,681,315
MXAN_0666,1140,865,970,1799,2563,3401,3353,3328,1148,1927,1892,1415,1014,1120,1420,725,473,421,959,782,565,2617,1088,660
MXAN_0667,5502,4164,4843,8022,9258,10718,10989,7921,3179,6749,5820,4321,4845,5102,5409,3313,2820,1564,4530,3466,2492,2819,4184,3214
MXAN_0668,194,175,297,399,350,446,914,854,330,710,551,562,929,1222,1788,386,563,533,734,773,956,1117,580,629
MXAN_0669,193,141,283,292,315,307,528,399,207,555,566,432,664,1132,1376,427,623,470,507,649,677,1418,505,424
MXAN_0670,594,738,1153,2410,2168,4236,748,2078,643,8615,11829,8999,51020,72422,86075,16688,18689,18162,46286,45329,39446,99699,39463,62468
MXAN_0671,6,8,77,16,18,50,29,39,29,40,35,51,96,142,180,72,67,62,77,77,82,154,72,90
MXAN_0674,6,5,29,14,9,15,12,13,3,19,7,17,40,65,73,21,33,28,47,35,33,26,32,24
MXAN_0675,385,389,455,699,718,1056,1180,1272,423,1823,2580,1600,1722,1924,2135,598,671,573,986,1011,951,550,925,1260
MXAN_0676,286,259,251,409,363,601,914,826,429,1650,680,1071,1045,752,692,354,316,407,444,323,394,266,315,470
MXAN_0678,416,340,730,434,352,1033,90,73,43,1525,1241,1371,3802,3468,3242,2105,1981,1683,1773,1367,903,1371,3649,3943
MXAN_0679,157,140,253,362,280,246,697,394,228,904,453,483,1358,1726,1871,515,603,471,1028,871,814,847,908,1372
MXAN_0681,31,26,190,91,99,151,115,120,53,304,223,230,470,412,492,153,148,162,265,225,254,355,193,204
MXAN_0682,3,4,46,10,4,26,4,5,3,106,78,93,543,362,373,215,164,97,790,514,282,541,561,453
MXAN_0684,13,12,62,19,33,44,119,82,74,401,253,438,375,444,462,223,265,199,242,194,231,244,186,89
MXAN_0685,5,3,73,21,11,53,101,46,51,297,149,403,260,224,296,204,173,179,162,111,178,77,71,43
MXAN_0686,5,0,70,7,9,34,80,44,45,241,143,303,157,168,202,137,111,125,144,77,122,37,66,31
MXAN_0690,57,65,359,64,95,94,235,335,87,345,329,207,600,712,945,622,545,493,332,369,378,1626,1021,742
MXAN_0694,171,96,283,331,258,410,461,476,251,939,963,922,3273,3465,2610,1539,1688,1434,4888,2289,3468,282,1969,2403
MXAN_0695,40,49,270,93,75,142,128,106,47,286,169,234,642,693,692,227,224,173,649,419,424,316,394,520
MXAN_0696,45,47,272,88,108,290,175,164,88,501,288,482,1459,1258,1345,758,641,562,1137,811,584,2098,1197,1546
MXAN_0699,128,124,203,240,183,309,354,260,186,542,192,422,953,870,1052,320,342,423,711,562,538,161,463,521
MXAN_0700,21,9,182,28,28,35,48,75,15,89,81,75,108,179,217,52,53,38,86,74,70,118,87,77
MXAN_0701,2,4,82,9,7,14,16,17,12,40,37,28,63,52,51,26,21,25,40,25,31,32,23,19
MXAN_0703,5744,4402,6667,8894,7821,6106,15016,17640,5305,26841,31210,17069,12201,22647,28518,6022,6448,5212,7953,10151,8810,6769,10077,6699
MXAN_0704,34,26,170,86,51,119,84,62,33,203,112,145,260,249,308,129,111,130,155,108,211,69,136,131
MXAN_0708,59,33,100,44,48,93,56,62,34,65,57,77,119,115,131,47,69,57,72,57,45,84,52,71
MXAN_0709,577,419,719,886,749,1365,1502,1239,606,2553,2067,2290,2740,3382,3291,1412,1945,1814,1595,1517,1546,1494,1711,1724
MXAN_0710,252,191,301,451,337,516,615,578,178,1236,1155,1091,1238,2156,1740,856,941,831,838,826,695,1495,1038,929
MXAN_0711,120,123,240,190,237,385,362,370,149,707,553,743,1060,1174,1248,579,673,676,530,513,485,880,697,727
MXAN_0712,6305,5405,8308,9321,7179,14181,1384,1337,624,33679,25536,24533,54604,69845,46308,30843,31174,21171,46690,44991,11315,54863,57977,56883
MXAN_0713,127,108,183,191,174,564,25,35,14,698,477,634,2121,2017,1575,1059,1198,1040,1462,1120,583,1618,1716,2045
MXAN_0714,88,132,205,90,150,353,66,74,26,675,695,521,2133,1954,2037,961,1068,913,1276,1337,608,2397,1785,1822
MXAN_0715,335,376,760,449,618,1274,251,297,116,2348,2297,2046,6348,7187,7677,3012,3679,3151,4154,5261,2595,13418,6506,6910
MXAN_0716,1949,1598,2350,2147,1471,1893,2650,2963,882,6406,7039,4729,4967,9421,8690,3840,4615,3208,4099,5343,2704,8096,5783,4806
MXAN_0717,21,11,9,22,19,45,19,18,21,72,43,60,101,168,177,109,116,84,96,138,55,134,106,128
MXAN_0718,73,31,45,60,61,171,75,70,54,271,149,235,460,513,433,296,283,298,311,269,201,848,307,365
MXAN_0720,511,357,902,559,532,1325,179,161,94,3131,2105,2597,4981,4778,3992,2552,2487,1995,2973,2444,1276,5421,3600,3620
MXAN_0722,108,53,167,123,85,156,91,110,35,346,384,309,359,563,505,299,257,241,352,323,182,287,375,271
MXAN_0724,38,23,151,83,51,117,19,25,10,129,107,152,485,747,543,477,539,249,516,552,139,2635,1847,1641
MXAN_0725,467,343,605,891,725,1033,1018,689,291,1137,1019,1200,1577,1638,1920,788,803,800,1042,845,956,1768,1308,1419
MXAN_0729,302,253,402,714,856,1086,1317,1118,573,2115,1898,1540,4910,5012,5089,1999,1967,1789,4536,3606,3232,2209,3451,5299
MXAN_0730,55,39,116,88,58,112,181,63,52,59,23,43,59,55,60,39,37,36,39,29,34,26,41,42
MXAN_0731,431,279,359,631,393,462,1298,610,338,333,199,287,307,312,392,221,226,221,192,203,183,267,284,233
MXAN_0732,1135,924,1007,2367,1694,1547,3484,2808,1124,3366,2961,2536,3665,3387,4028,1445,1665,1573,2860,2498,1964,301,2267,2236
MXAN_0733,2574,2369,2877,5596,3581,3686,8357,7582,2518,8574,6568,6186,9422,10934,11844,4495,4585,4328,7181,6088,6027,3620,6570,7342
MXAN_0735,653,583,703,1060,663,779,2458,802,810,466,189,305,319,287,390,157,183,202,155,180,186,190,171,184
MXAN_0736,12,8,184,13,14,31,23,19,10,56,49,45,140,166,290,161,147,128,127,126,91,319,211,148
MXAN_0737,1886,1555,2293,2913,2807,3579,5750,4274,2047,5732,3678,4557,3897,4499,5072,2476,2710,2711,1769,1820,2015,4336,3230,2959
MXAN_0738,175,219,248,435,394,398,487,526,204,703,563,566,745,863,848,816,923,988,575,582,298,1799,1103,1378
MXAN_0739,129,99,202,412,318,408,270,248,111,501,329,440,727,636,568,756,715,868,492,322,246,370,729,1161
MXAN_0740,95,95,190,242,276,286,301,348,134,521,517,374,652,724,736,746,712,634,461,419,264,2688,919,1001
MXAN_0741,56,38,161,123,121,140,140,157,44,199,209,150,318,315,364,356,402,322,215,225,94,568,332,440
MXAN_0742,1415,1059,1329,2326,2023,2525,3579,3125,1318,5166,4284,4042,3438,4059,3732,2333,2139,1941,2086,1599,2010,1228,1765,1418
MXAN_0744,14,18,38,17,13,17,30,24,12,45,20,21,21,55,51,13,24,23,16,18,30,44,32,21
MXAN_0746,15,9,146,12,25,72,39,40,14,60,66,89,418,321,352,386,368,427,266,209,185,490,538,775
MXAN_0747,12,8,29,18,18,34,28,20,11,47,24,44,100,175,192,93,118,71,140,163,93,143,252,192
MXAN_0748,137,95,334,277,374,646,689,636,353,890,733,944,1437,1509,2094,797,901,1055,646,698,1223,663,417,417
MXAN_0750,1436,1035,1190,2272,1903,3043,3965,3226,1631,5436,3404,4185,7517,8143,7843,3584,3389,3635,4712,3909,4830,4545,3742,4327
MXAN_0751,2519,2033,2805,4337,4127,4588,7424,6575,2610,12220,10008,8944,10808,14113,13829,6002,6275,5624,6693,6421,5942,8681,8710,6696
MXAN_0752,330,397,726,698,748,1154,1392,1348,453,2509,1939,2169,2438,2554,3000,1261,1457,1475,1145,1227,1315,2161,1675,1540
MXAN_0754,431,311,405,611,392,720,754,728,488,1836,796,1154,1422,1480,1506,683,597,737,816,660,804,739,757,860
MXAN_0756,1006,1670,1770,2107,2892,2851,5325,5113,2296,8598,5336,5531,7194,7081,9210,3200,3572,2660,4122,4482,3574,7621,4812,4016
MXAN_0758,90,68,166,193,205,406,263,173,97,424,225,419,815,862,978,456,430,414,647,538,499,783,565,755
MXAN_0760,490,440,555,869,866,910,1520,1819,611,2298,2067,1655,2417,3304,3962,1173,1187,935,1742,1626,1750,2679,1805,1494
MXAN_0761,89,59,146,188,219,477,355,232,118,495,369,514,853,703,756,394,379,393,506,293,489,525,367,460
MXAN_0762,472,450,539,1176,836,727,1184,1309,480,1711,1950,1407,2647,4237,4430,1300,1483,1473,2255,2852,2372,1769,2335,2593
MXAN_0763,752,489,582,1801,1351,1362,1773,1884,742,2834,2612,2300,3565,4714,4860,1346,1572,1735,2740,2914,3234,3175,2434,3616
MXAN_0764,229,157,300,457,351,563,649,379,269,782,310,514,850,668,831,241,227,240,557,405,372,538,456,714
MXAN_0765,404,271,526,692,503,689,965,914,450,1702,1115,1335,1738,2427,2639,879,868,762,1361,1321,1178,1610,1519,1860
MXAN_0767,61,58,98,122,77,73,158,153,41,270,332,175,216,318,308,113,138,120,187,183,142,69,191,156
MXAN_0768,442,371,696,611,475,644,572,476,218,2150,2072,1598,2503,4202,3237,1561,1622,975,1807,2104,920,4928,2732,1734
MXAN_0770,1993,1463,1747,2885,2538,3653,4281,3380,1568,7652,3752,5641,6122,6220,5435,3274,2961,2946,2934,1936,2805,3841,3370,3557
MXAN_0771,524,280,534,816,770,1604,1069,732,377,1520,954,1611,1972,1944,2172,1285,1271,1318,1138,942,1217,1597,1177,1357
MXAN_0772,89,85,211,248,238,480,404,328,181,661,414,586,878,929,979,478,542,720,304,353,641,271,334,322
MXAN_0773,54,56,84,103,105,169,183,167,71,388,261,255,672,881,824,396,354,361,553,484,411,587,527,659
MXAN_0774,175,182,285,247,251,389,548,539,249,735,462,538,608,886,1026,437,465,514,399,391,433,433,410,310
MXAN_0775,87,63,229,163,114,215,264,212,103,469,255,373,860,655,869,334,352,367,646,490,587,381,568,817
MXAN_0776,106,87,402,232,230,402,453,351,170,794,607,642,962,937,1200,528,503,541,564,523,455,1040,744,1100
MXAN_0777,13,6,85,22,31,20,58,51,37,129,81,94,108,132,182,86,64,70,70,71,60,73,162,180
MXAN_0779,12,11,94,22,14,8,31,28,8,48,29,32,34,46,57,8,19,19,25,19,30,20,21,35
MXAN_0781,6,2,93,5,8,12,10,18,10,21,18,18,28,44,60,13,17,23,17,25,14,13,28,23
MXAN_0785,408,490,754,586,894,716,1543,2409,832,2016,2075,1554,1360,1298,1330,486,462,641,667,604,580,740,534,415
MXAN_0787,261,238,603,517,464,657,883,892,452,1188,807,1018,1186,1401,1521,564,652,810,527,542,588,468,554,529
MXAN_0788,220,322,327,440,349,264,680,469,251,693,347,524,597,758,866,287,380,357,325,400,327,91,297,230
MXAN_0791,562,420,379,1289,938,1530,1710,659,594,1896,462,1434,2064,1230,1297,887,903,1161,654,467,813,309,401,448
MXAN_0792,361,235,280,828,675,1360,1399,636,515,1575,492,1235,1590,1131,1208,670,634,945,473,345,724,233,348,451
MXAN_0793,570,492,606,1073,935,1904,1175,1092,490,2606,1381,2218,2581,2147,2341,1446,1307,1684,1284,906,1476,599,1371,2131
MXAN_0795,224,221,344,348,294,153,656,403,137,346,338,247,256,447,601,158,219,143,197,236,221,496,312,239
MXAN_0796,363,242,379,668,348,507,739,426,169,440,404,402,511,590,826,324,302,375,426,416,446,342,520,535
MXAN_0797,135,99,271,219,181,335,320,217,149,415,155,352,478,443,560,238,266,273,283,218,299,237,318,386
MXAN_0801,3,6,78,4,5,5,8,5,3,10,9,6,28,24,33,14,19,9,12,12,8,40,21,22
MXAN_0802,75,70,89,113,87,82,118,71,50,89,64,85,85,91,137,35,60,62,68,73,58,102,79,95
MXAN_0804,1048,1063,1255,2022,2109,2738,4226,3870,2006,7815,4497,4942,8721,8181,8957,3476,3270,3137,6263,4957,4369,6808,5578,5928
MXAN_0805,6591,8464,4383,13980,14591,11464,17552,21386,8405,38381,22845,26701,73733,78250,81595,36271,38663,53382,27046,17755,33162,16561,37445,58222
MXAN_0806,100,66,169,153,141,266,231,220,135,502,269,343,570,735,901,374,367,411,311,283,333,873,444,439
MXAN_0807,13,6,90,28,14,13,23,44,10,37,43,23,36,36,72,20,24,15,28,45,15,157,54,53
MXAN_0808,5,1,104,7,10,8,11,17,5,12,14,20,18,24,49,14,11,13,9,12,15,54,21,27
MXAN_0809,293,241,276,475,342,524,358,289,98,383,421,297,1179,979,764,382,358,263,905,455,406,598,753,1070
MXAN_0810,673,545,627,1192,981,1290,1736,969,595,2845,1533,2319,3242,2806,2612,1296,1390,1342,2104,1389,1652,885,1626,1657
MXAN_0811,55,44,197,114,102,172,244,296,128,325,232,265,417,493,633,229,234,261,182,214,332,189,151,144
MXAN_0812,969,800,1427,1645,1786,2241,3441,2994,1380,4891,3364,3833,5185,6539,7681,2454,2339,2135,2947,2708,2880,6212,3047,2602
MXAN_0813,261,260,648,495,541,871,931,830,373,1533,858,1100,1871,1764,2289,781,842,729,1008,866,877,1310,1012,1009
MXAN_0814,169,164,293,290,250,368,518,486,169,671,553,584,978,1290,1555,775,736,603,783,801,589,928,1337,1423
MXAN_0816,130,91,474,253,289,610,642,562,293,928,785,962,2054,2198,2508,985,997,980,1366,1193,1379,2485,1298,1776
MXAN_0817,429,307,563,852,752,1089,1248,985,404,2199,1998,1731,2809,3219,3559,1483,1357,1245,1840,1615,1731,2474,1877,1748
MXAN_0818,49,51,147,123,98,169,129,132,77,257,172,204,288,359,346,174,144,188,191,154,196,307,217,231
MXAN_0819,44,55,102,109,91,81,156,172,64,209,204,133,122,283,297,85,80,79,117,106,121,401,81,75
MXAN_0820,16,12,98,41,35,49,56,44,32,78,60,64,77,87,118,42,33,27,47,36,60,65,29,24
MXAN_0821,239,234,599,568,454,711,789,592,322,1359,625,1046,1359,1172,1364,700,587,632,848,709,768,819,622,658
MXAN_0822,346,355,538,627,656,765,1365,1257,564,2067,1509,1486,1643,1713,1846,746,739,643,944,793,870,1044,787,703
MXAN_0823,358,338,770,503,507,606,1478,1375,611,1698,1364,1316,1946,2362,2592,1178,1299,1141,1280,1414,1306,1683,1038,967
MXAN_0824,693,620,902,919,981,947,2437,2551,1166,3288,3136,2441,1942,2664,2815,1120,1227,1180,752,895,1287,654,898,524
MXAN_0825,188,121,212,344,234,459,468,260,158,530,216,490,601,407,422,264,231,375,281,189,363,64,164,222
MXAN_0827,44,61,154,84,80,88,160,225,79,274,264,213,278,372,515,141,142,111,291,259,180,296,255,192
MXAN_0829,192,113,450,247,251,296,627,717,238,1044,863,658,651,844,981,351,364,389,241,285,377,204,230,182
MXAN_0831,651,363,624,585,859,786,813,582,242,584,592,544,776,961,1072,264,255,256,331,333,419,1451,434,395
MXAN_0832,214,135,247,163,220,206,210,120,82,200,81,105,185,212,275,80,64,53,86,75,106,335,120,86
MXAN_0833,430,232,360,849,593,1168,1146,719,489,1493,785,1442,4105,3054,3208,1541,1371,1970,2691,1484,2218,761,1679,2714
MXAN_0836,131,116,246,225,171,277,342,304,158,340,241,256,485,451,505,217,253,294,337,296,265,96,330,520
MXAN_0838,52,60,167,108,112,98,298,266,133,287,186,211,307,355,327,128,140,134,145,128,92,80,124,104
MXAN_0839,26,33,145,59,58,108,169,185,73,153,116,153,218,213,246,111,107,98,101,79,68,54,85,87
MXAN_0840,39,49,150,56,75,73,218,113,86,149,64,138,201,166,172,58,89,76,107,75,48,37,62,77
MXAN_0841,46,69,189,118,137,158,394,288,146,204,171,213,344,342,339,173,175,151,155,123,111,178,122,139
MXAN_0844,225,240,686,453,554,853,1293,1147,531,1811,1391,1540,2714,2659,2925,1149,1323,1378,1419,1320,1603,2115,1320,1562
MXAN_0845,217,152,324,399,387,652,782,429,230,997,634,712,1051,1103,1323,446,410,512,438,428,572,405,454,385
MXAN_0848,158,184,411,296,336,246,612,693,266,866,946,591,651,1247,1485,453,632,422,618,946,521,1276,1039,831
MXAN_0853,693,549,936,6647,3759,4322,762,672,470,7248,11053,11714,13406,21384,27863,1490,4338,13295,7078,13374,35393,4322,8366,22006
MXAN_0854,65,63,157,622,312,280,87,94,54,410,469,714,842,1435,1572,234,424,966,422,870,2362,1676,946,1477
MXAN_0855,3500,3185,4752,5455,5090,5727,9327,10587,3114,24895,30573,16299,35599,42666,39283,13106,12911,9091,25471,17026,17247,11308,13189,10599
MXAN_0856,280,278,493,391,360,706,592,545,272,1657,919,1243,1924,1961,1762,1066,1357,1319,921,944,853,820,897,753
MXAN_0857,73,39,113,66,80,177,119,126,46,329,213,291,409,330,414,208,269,350,146,115,198,165,216,212
MXAN_0858,111,78,147,132,134,142,437,402,218,580,337,451,349,391,387,188,261,334,115,133,208,15,66,33
MXAN_0859,13,10,140,19,14,22,39,63,11,49,50,40,37,52,136,29,29,28,8,34,24,64,37,37
MXAN_0860,73,64,206,97,118,167,154,176,52,330,373,271,327,419,363,271,302,231,164,223,143,430,354,245
MXAN_0861,45,25,129,83,68,84,65,43,18,133,61,77,159,122,118,111,84,65,105,63,36,164,161,209
MXAN_0862,186,126,222,240,227,148,300,348,83,340,224,226,234,311,283,163,181,102,181,134,78,287,349,314
MXAN_0863,801,589,674,1468,1002,1356,1258,790,399,1349,554,1056,813,824,1061,437,491,599,372,271,528,387,393,443
MXAN_0864,463,339,366,920,575,1347,470,267,192,718,299,634,735,504,575,310,326,481,291,179,465,281,320,448
MXAN_0865,902,659,756,1921,1300,1825,1464,1031,461,1716,1079,1361,1422,1452,1759,708,819,999,577,541,938,638,786,834
MXAN_0866,21,12,63,22,23,16,27,28,11,42,40,44,69,64,48,64,49,38,45,32,30,10,53,93
MXAN_0867,272,212,385,544,524,668,790,721,386,1607,1165,1256,1984,2248,2421,856,774,785,1408,1020,1244,1161,1225,1777
MXAN_0868,88,74,193,174,147,284,284,228,157,470,324,381,770,779,904,374,368,410,593,530,561,624,478,610
MXAN_0870,419,290,588,1141,963,1220,1592,885,441,1925,1116,1669,2419,2585,2790,1179,1187,1243,1372,1085,1727,654,1141,1043
MXAN_0871,366,344,493,692,691,1143,1125,1129,545,1938,1954,1717,3693,4114,4125,2319,2499,2283,2596,2307,2115,3146,3280,4188
MXAN_0872,172,108,231,289,344,395,571,689,250,1113,1177,841,1521,2325,2055,712,689,572,1137,1072,727,4405,1263,1364
MXAN_0873,1822,1524,1992,3816,3672,2876,7176,8724,2752,9187,11390,6529,13663,29830,33246,6371,6980,5719,15639,16908,15683,28047,13376,15098
MXAN_0874,332,195,254,631,498,918,521,279,167,516,261,497,861,611,817,366,370,524,576,417,656,247,402,562
MXAN_0875,20,33,109,65,65,86,80,93,34,109,97,125,156,185,185,136,117,152,219,157,157,212,100,270
MXAN_0876,159,110,161,185,183,295,497,439,275,857,393,595,783,747,928,394,463,484,444,389,484,268,370,342
MXAN_0877,233,159,216,495,404,646,672,590,294,1285,806,1038,1253,1350,1219,724,664,746,787,526,828,769,560,622
MXAN_0878,737,650,939,1415,1318,1649,2900,2894,1122,3950,3532,2958,4250,5880,7203,2319,2762,2473,3053,3516,3525,3115,3105,2297
MXAN_0879,45,28,126,78,59,55,132,176,51,213,287,120,137,225,310,72,58,56,109,109,102,329,115,109
MXAN_0880,509,404,688,1077,984,1383,2031,1567,829,2652,1855,2127,3441,4185,4572,1883,1776,1758,2512,2014,2797,3343,1842,1993
MXAN_0881,1543,1651,1947,2696,2947,2234,6604,7638,2378,7720,8605,5265,7079,12285,14810,3942,4124,3084,5634,7595,5952,9648,6361,5012
MXAN_0882,505,353,676,1001,895,1769,1440,1109,606,2200,1211,2006,3602,3591,3996,2024,1894,1917,2444,2006,2400,3645,2692,3449
MXAN_0884,149,157,370,333,329,608,592,509,210,851,556,783,1508,1527,1499,806,849,927,753,588,879,758,752,683
MXAN_0885,91,59,176,141,110,235,134,103,67,259,118,205,496,486,568,201,252,278,253,218,394,140,222,259
MXAN_0886,9797,6965,7089,20909,15832,21086,40441,20826,12608,18280,8958,15362,32684,26474,28979,11727,11504,15371,18750,12526,18630,8386,14064,21184
MXAN_0887,46,61,151,59,49,66,72,95,27,368,238,173,358,464,380,209,262,153,314,342,126,235,506,625
MXAN_0888,1296,1017,1549,2178,1829,2062,3030,3230,1075,6099,4093,4755,4823,5730,6671,3298,3382,2776,2977,3139,2976,3901,4581,3964
MXAN_0889,665,712,1596,1630,1724,1925,1831,2297,753,4791,2917,3278,2919,3713,4550,1638,1825,1985,1133,1370,1639,2492,1797,2133
MXAN_0890,34,20,109,55,62,121,144,126,39,79,64,91,152,118,159,81,89,88,101,59,86,39,83,84
MXAN_0891,80,79,220,137,186,205,350,387,136,427,459,423,536,631,838,254,342,301,300,306,401,174,342,315
MXAN_0893,158,179,278,273,304,301,505,491,229,869,938,722,837,1077,1127,502,597,507,540,643,548,690,710,460
MXAN_0894,116,117,288,244,395,409,427,569,186,827,714,739,1064,1276,1479,682,601,638,740,601,610,1115,1344,1212
MXAN_0895,94,84,288,106,221,215,303,398,121,568,514,373,593,805,953,465,463,299,496,457,389,1746,817,825
MXAN_0896,17,29,214,28,61,136,86,146,45,196,153,151,346,271,413,195,184,158,221,217,175,619,343,428
MXAN_0897,67,74,301,135,204,284,357,478,169,580,562,507,847,934,1127,605,539,427,606,539,502,1227,937,1018
MXAN_0898,61,48,190,89,148,177,241,336,108,464,387,361,656,702,849,469,484,326,435,416,363,797,661,648
MXAN_0899,113,76,270,144,253,220,504,700,180,631,863,517,784,1398,1604,581,700,407,520,836,539,1713,988,698
MXAN_0900,87,50,100,151,158,182,211,262,103,372,694,299,379,756,890,278,341,290,333,607,345,629,605,373
MXAN_0901,32,27,41,63,55,86,102,95,34,181,147,155,258,276,289,163,209,191,177,119,176,109,191,170
MXAN_0902,115,62,179,151,153,241,373,380,125,620,327,483,593,712,720,478,407,410,339,253,327,640,393,385
MXAN_0903,144,90,251,221,273,313,556,539,280,784,716,693,801,953,1192,595,600,545,499,516,501,552,648,492
MXAN_0904,176,171,406,254,359,443,711,773,273,1126,1103,841,908,1043,1297,492,533,445,574,658,613,742,525,466
MXAN_0905,10,13,183,14,13,25,34,19,11,52,15,40,73,46,76,37,29,36,35,42,35,23,31,44
MXAN_0906,73,54,487,107,106,160,264,289,102,368,333,306,674,564,678,320,348,265,433,402,333,361,254,205
MXAN_0908,3,3,108,4,1,10,8,8,4,13,9,6,21,18,49,7,14,6,9,15,11,44,11,24
MXAN_0909,7,7,70,12,5,13,21,13,9,16,6,14,28,25,42,16,11,12,20,12,14,8,23,44
MXAN_0910,310,296,654,609,552,522,917,964,324,1500,1296,1204,1880,2752,2731,787,769,739,1695,1616,1379,1388,1283,1285
MXAN_0911,19,11,214,44,59,160,83,69,41,101,80,155,391,429,580,233,181,233,301,257,268,434,256,486
MXAN_0912,1719,1274,1580,2613,1819,1952,3026,2124,999,6742,2738,4189,8080,6953,5420,3603,3173,2857,4764,2272,3243,1899,3715,4370
MXAN_0913,54,90,182,114,126,137,248,354,104,393,380,239,488,692,979,242,281,253,371,597,336,640,481,456
MXAN_0914,725,638,933,1275,1223,1137,2361,2942,1007,4109,4207,3443,3571,6161,5472,2412,2486,2396,2312,1962,2307,2234,2704,2776
MXAN_0915,691,472,622,1013,1078,1389,1910,1416,739,3746,2540,2711,3547,3798,3479,1831,1821,1721,1585,1348,1809,2366,1968,1807
MXAN_0916,625,468,616,1054,904,1445,1783,1131,640,3498,1852,2377,3536,3252,3017,1995,1876,1932,1663,1243,1566,1339,1618,1563
MXAN_0917,315,193,332,566,459,1025,926,536,289,1454,745,1240,1933,1455,1377,1049,990,851,976,674,897,646,865,993
MXAN_0918,127,96,213,350,295,609,488,281,145,822,393,725,1343,842,918,620,566,553,628,460,584,249,583,759
MXAN_0919,162,118,137,335,303,593,462,221,182,947,343,722,1376,917,921,542,467,555,628,409,516,563,619,827
MXAN_0920,165,138,141,350,255,296,366,196,138,701,423,424,663,835,758,369,390,312,405,416,371,302,429,416
MXAN_0921,304,153,315,638,429,822,796,480,393,1686,678,1290,1990,1457,1394,889,828,868,1051,756,990,690,1050,1132
MXAN_0922,6,6,44,5,6,5,18,19,9,25,18,22,25,17,35,15,22,9,13,9,13,36,10,23
MXAN_0923,295,229,389,642,529,870,952,861,507,1440,1259,1371,1654,1876,1947,758,700,774,855,747,1110,1133,847,782
MXAN_0924,3001,2135,2586,3993,3421,4129,8470,7020,3820,11602,9710,8582,11549,15658,14515,6340,6656,7708,6752,5943,8860,7886,5959,6047
MXAN_0925,464,395,562,816,725,1146,1222,1158,479,2163,1573,1745,2807,2661,2594,1305,1268,1198,1602,1208,1417,1140,1478,1362
MXAN_0926,120,94,407,196,201,385,296,272,131,684,480,514,1198,1103,1293,551,597,487,782,696,563,1777,1001,1109
MXAN_0927,7,12,144,14,20,29,31,52,15,53,44,38,83,108,148,63,74,65,74,91,46,124,103,114
MXAN_0929,17,14,175,21,26,35,22,38,14,75,91,64,174,219,240,123,143,119,163,154,88,323,266,213
MXAN_0931,483,389,1095,669,606,1018,354,401,164,3527,3243,2602,8586,10678,8441,5318,5220,3052,8605,8351,2145,19914,12452,11463
MXAN_0932,122,120,540,221,232,543,278,277,101,1216,971,1091,3379,3564,3581,1969,1978,1333,2726,2681,1083,5954,3968,3653
MXAN_0933,261,237,715,550,542,1107,861,900,416,1533,1361,1421,4106,4336,5369,2227,2186,2128,3239,2930,2909,2629,2840,3202
MXAN_0934,56,41,268,66,111,273,115,127,59,609,406,412,2444,873,524,1756,691,361,1912,343,312,478,3266,6213
MXAN_0936,425,400,515,703,591,879,1228,1439,634,2089,1359,1585,2073,2107,2363,1320,1297,1147,1160,1062,1377,1880,1536,2135
MXAN_0937,166,109,270,260,221,404,408,422,191,840,666,683,924,974,1049,646,647,527,508,473,483,387,611,834
MXAN_0938,87,95,255,158,149,187,341,387,144,549,332,407,539,517,522,319,288,295,320,173,320,347,460,756
MXAN_0939,19,20,143,34,20,35,48,47,25,73,36,53,75,94,156,24,41,34,40,51,43,68,36,57
MXAN_0940,39,21,222,66,114,101,81,77,41,111,72,74,110,150,234,79,49,58,96,125,79,91,64,64
MXAN_0941,34,28,62,62,34,76,50,47,15,82,43,76,122,116,121,65,53,62,82,57,65,96,67,59
MXAN_0942,70,33,96,107,88,96,102,88,34,143,118,103,123,259,343,51,76,69,120,150,116,236,184,148
MXAN_0943,222,235,315,224,246,212,696,814,248,473,598,426,550,846,841,340,451,581,209,316,568,80,323,209
MXAN_0944,20,16,162,44,20,17,58,59,18,67,53,50,73,97,102,29,46,38,53,38,25,47,49,48
MXAN_0945,233,188,535,508,401,679,812,742,371,1470,934,1151,1871,2231,2720,862,970,1065,1098,1032,1236,2224,1049,1397
MXAN_0946,306,331,554,708,822,1050,1418,1555,645,2944,2181,2146,3907,3905,4362,1385,1481,1448,2042,1852,2322,1301,1385,1214
MXAN_0948,695,545,878,1590,1699,2762,2813,2447,1366,4162,3068,3595,7630,8915,10400,2833,2936,3078,4239,3894,5377,7379,3920,3467
MXAN_0950,18,21,111,63,39,91,53,33,31,99,79,108,342,284,341,172,163,123,360,353,198,138,345,346
MXAN_0951,2097,2236,2808,3371,2884,5114,5031,5456,2033,11605,6415,8127,15864,15180,13294,7883,7265,6742,8492,7006,5539,14834,12010,14320
MXAN_0952,93,104,167,233,237,647,383,349,193,742,544,698,2005,1722,1673,1054,1058,968,1128,956,818,1831,1735,2413
MXAN_0953,1034,784,1144,2062,1320,2426,1886,1591,789,4077,2303,3211,6675,5898,4905,3269,3038,2906,4056,2724,2378,2997,5162,7272
MXAN_0954,77,86,153,119,108,129,1893,2741,535,359,310,310,328,426,473,190,178,189,183,166,213,108,152,105
MXAN_0955,55,37,131,114,74,218,129,139,89,217,190,273,353,407,475,201,244,277,238,226,240,133,172,233
MXAN_0956,113,103,402,212,263,302,580,461,200,738,483,540,749,824,892,323,311,318,421,404,503,398,299,388
MXAN_0957,131,107,224,295,197,312,380,222,133,564,247,478,827,668,707,385,366,391,521,357,418,312,362,446
MXAN_0958,562,563,856,1083,1190,1193,2463,2024,946,2635,2418,2085,2487,3268,3675,1195,1493,1122,1548,1678,1514,2966,1738,1154
MXAN_0959,1434,1811,2686,2873,3695,3446,7618,7194,3049,9262,6374,5672,6212,7708,9654,3221,3342,2517,3647,4502,3375,11469,4854,3012
MXAN_0961,426,443,624,726,757,718,1468,1888,511,1899,2906,1465,2382,3210,3633,1124,1290,908,2107,2755,1548,2248,1960,1633
MXAN_0962,13959,12424,11983,28821,23658,37504,38269,31368,16948,102284,40241,71250,199246,149564,142203,65200,61522,70480,101766,75702,74214,41188,66078,112218
MXAN_0964,418,295,462,644,697,1113,1326,744,454,1957,733,1463,1692,1316,1396,746,664,865,766,479,782,767,556,726
MXAN_0965,21,20,95,48,35,92,78,66,36,128,62,83,157,130,163,71,79,106,63,61,75,48,64,80
MXAN_0966,21,11,123,17,26,35,61,63,22,135,68,83,150,136,151,36,28,26,15,37,48,9,12,27
MXAN_0968,30,21,156,50,60,60,133,135,48,256,103,172,445,361,280,40,50,54,64,34,108,43,24,38
MXAN_0969,8,3,163,13,11,31,71,49,25,22,14,22,1326,922,831,26,16,27,117,79,253,21,23,65
MXAN_0970,7,5,63,17,11,9,72,66,16,23,4,16,803,577,582,8,14,11,65,36,125,1,17,50
MXAN_0975,60,32,121,104,77,123,107,83,56,114,93,105,106,234,321,101,112,93,146,179,147,677,186,94
MXAN_0976,301,238,359,417,412,410,772,736,275,934,978,680,1694,2039,1456,696,766,538,936,1022,465,2172,1361,1085
MXAN_0977,214,191,468,290,336,345,664,671,237,855,724,581,1362,2146,1639,729,645,449,910,869,483,1843,1005,925
MXAN_0978,25,25,317,67,53,91,95,78,32,82,69,69,112,124,220,49,59,64,53,79,59,104,75,88
MXAN_0979,79,71,609,168,145,153,247,267,96,271,193,197,294,334,556,182,218,265,202,194,171,365,248,261
MXAN_0981,57,54,193,107,115,203,182,164,82,351,220,305,605,687,771,272,280,300,457,382,400,396,443,462
MXAN_0984,8,3,143,32,30,33,64,49,18,128,249,145,261,278,377,51,44,60,225,180,141,165,223,214
MXAN_0986,39,46,58,81,92,189,149,147,62,287,193,310,677,880,1075,399,472,467,626,699,595,306,570,588
MXAN_0988,647,500,924,2043,2025,2280,1523,1201,455,3727,2518,2525,955,1153,1387,532,616,524,640,579,842,965,790,610
MXAN_0990,105,70,265,360,339,474,216,159,82,493,249,402,188,189,270,107,116,140,115,113,182,126,228,127
MXAN_0991,272,233,229,632,542,1237,735,738,269,1122,756,1072,1987,3522,4994,1810,2305,1938,2023,2541,2209,3208,3044,2782
MXAN_0992,366,229,380,613,555,1580,988,678,485,1841,775,1723,3640,2833,2467,1803,1688,2348,1598,1090,1869,1936,1665,2365
MXAN_0993,528,383,629,936,843,1134,1364,1064,546,2131,1951,1818,2662,3158,3123,1570,1734,1547,1611,1371,1533,2255,1922,1802
MXAN_0994,12,10,81,18,30,35,38,47,9,74,50,43,259,274,215,211,226,129,225,211,66,1496,839,1685
MXAN_0995,93,94,303,192,163,258,277,215,81,446,417,417,635,741,858,368,368,324,531,408,417,565,543,487
MXAN_0996,18,18,184,23,28,47,40,32,16,26,17,30,31,36,66,58,51,44,26,29,19,61,101,121
MXAN_0997,861,708,1526,1726,1699,2340,3208,2787,1369,3863,3182,3468,5237,6053,7365,2575,2853,3014,3866,3511,4178,3426,3811,5232
MXAN_0998,793,697,1416,1384,1429,1583,3235,2973,1112,4237,3125,3311,3080,3853,3551,2051,2408,2177,1136,1393,1416,1344,1789,1442
MXAN_1000,578,469,578,726,669,1179,1147,1269,481,2039,1641,1565,3503,3671,3351,1797,1728,1668,2232,1831,1818,2003,2291,1792
MXAN_1001,728,574,842,1396,1084,887,3475,1844,1088,1501,558,1028,1898,1902,2601,908,816,894,1829,1358,1521,860,1100,1380
MXAN_1002,186,142,195,345,294,231,1033,595,363,631,181,287,649,626,818,328,238,204,566,347,469,471,357,388
MXAN_1003,235,181,317,460,328,441,1091,571,440,557,246,379,910,654,836,444,393,365,814,613,644,320,425,483
MXAN_1004,159,110,317,283,256,375,951,535,341,458,194,372,885,719,777,436,375,362,681,462,570,607,389,413
MXAN_1005,290,207,793,620,557,645,1698,1172,614,836,535,701,1463,1225,1265,651,707,691,838,811,736,654,582,676
MXAN_1006,364,245,394,772,559,743,1373,990,444,1428,1091,1200,1992,2215,2527,1081,1038,863,1742,1523,1313,2468,1522,1910
MXAN_1007,89,77,178,246,133,137,310,273,117,301,429,251,413,960,995,308,336,222,535,731,345,2142,635,585
MXAN_1009,1919,2022,2842,3282,2960,1944,6526,7581,2483,8875,7609,5349,6765,10685,11319,3259,3193,2316,5643,6113,4540,9122,5701,4762
MXAN_1010,142,113,363,333,373,709,624,447,287,1094,704,1093,1978,1724,1840,948,892,937,1161,921,985,1198,1195,1463
MXAN_1011,356,380,874,582,520,424,1336,1826,508,1767,2046,1288,1178,1920,1877,607,740,524,816,961,721,1592,881,675
MXAN_1012,640,719,1040,1056,1430,2075,3028,3185,1103,4693,3896,3963,5255,5216,4994,2950,2884,2734,2520,2158,2538,2895,3167,2936
MXAN_1013,1169,921,1400,1996,1989,2144,4901,3559,1568,5519,3758,3824,4034,5156,5980,2372,2515,2412,2367,2228,3091,2233,1889,1513
MXAN_1015,389,281,382,606,775,1211,1577,2159,756,2994,1875,2597,4702,3047,2649,1190,1012,1835,2092,1196,1317,2877,1381,1243
MXAN_1016,295,237,386,640,446,358,808,698,267,1172,1028,815,1169,1948,2395,627,751,642,1071,1305,955,956,1100,1003
MXAN_1017,2,1,55,3,1,3,6,11,1,7,2,4,12,27,33,12,8,11,17,11,8,20,10,15
MXAN_1018,10,4,130,4,14,12,36,26,4,47,12,23,33,32,77,26,18,12,24,20,26,31,23,26
MXAN_1019,10,2,44,10,4,5,5,9,5,15,10,12,15,12,21,8,4,12,9,12,5,8,5,10
MXAN_1021,3,1,71,6,3,10,5,15,3,7,4,6,13,18,23,12,14,15,10,17,13,12,10,6
MXAN_1022,52,52,224,89,121,182,197,152,82,235,171,264,368,331,471,205,253,305,165,157,264,56,132,117
MXAN_1023,219,196,348,375,363,930,725,548,386,986,417,960,1987,1573,1573,959,980,1451,826,641,1356,384,607,441
MXAN_1026,93,73,318,180,219,401,404,278,150,467,317,490,755,765,811,432,438,500,369,341,486,464,317,315
MXAN_1027,243,305,480,384,519,504,1100,1325,485,1290,1236,1036,1153,1452,1652,651,774,700,571,611,814,677,582,507
MXAN_1028,251,202,383,422,383,582,819,665,329,929,632,902,912,961,1074,539,518,719,368,357,549,410,404,393
MXAN_1030,114,61,261,156,129,196,318,287,157,477,329,437,322,301,398,191,231,233,130,135,182,107,92,78
MXAN_1031,45,31,130,72,57,129,132,111,92,171,130,177,273,241,292,167,192,201,101,143,172,63,117,77
MXAN_1032,44,35,196,53,63,117,109,106,52,165,128,154,309,281,361,195,187,153,229,194,189,236,171,154
MXAN_1033,39,35,145,73,70,160,129,82,49,166,135,146,400,460,579,186,243,203,378,332,339,259,270,247
MXAN_1034,185,89,156,306,211,309,428,234,148,567,314,506,697,833,850,435,409,467,636,442,547,147,430,425
MXAN_1035,321,271,645,669,728,913,1428,1271,476,1885,1374,1474,1700,1996,2246,986,903,775,964,784,964,1940,918,863
MXAN_1036,120,96,225,220,182,268,331,256,134,508,333,394,696,641,667,400,376,342,556,390,423,402,373,364
MXAN_1037,45,42,154,57,82,131,168,170,60,245,186,237,489,449,561,244,253,209,347,285,292,307,277,240
MXAN_1038,295,374,674,370,608,739,561,665,251,2203,2096,1423,2557,3836,3435,1631,1757,1223,1118,1500,713,3892,2870,1910
MXAN_1039,17,4,279,4,10,12,17,15,6,28,17,27,57,40,94,23,28,17,24,31,16,85,30,41
MXAN_1040,253,226,481,600,598,1205,981,895,389,1914,1249,1682,2827,2523,2696,1485,1580,1785,1405,1175,1689,1080,1041,1001
MXAN_1041,65,45,208,141,122,281,230,173,88,293,223,322,519,431,487,316,300,296,372,278,346,322,274,306
MXAN_1042,92,91,307,143,186,246,419,529,196,597,614,502,529,667,813,335,354,390,228,208,409,258,205,151
MXAN_1043,593,395,728,996,898,1352,1932,1716,836,2968,2332,2562,2668,3569,3726,1926,1861,1634,2028,1624,1878,2359,2193,1806
MXAN_1047,414,338,467,534,434,702,1020,858,401,1517,810,1118,1313,1448,1260,871,949,953,622,622,803,715,739,514
MXAN_1048,1482,983,1159,2473,1966,3107,3975,3289,1901,5401,3763,4157,5528,6089,6600,2905,2854,3654,2665,2788,3769,1809,2399,2049
MXAN_1049,50,45,269,84,101,206,175,218,105,286,170,266,412,401,530,223,268,323,205,191,288,265,183,215
MXAN_1050,168,77,171,298,286,451,534,230,200,712,306,575,772,875,931,528,587,565,517,408,530,296,448,385
MXAN_1051,88,62,157,166,168,311,250,167,112,473,252,412,447,473,598,249,305,309,183,237,276,265,211,181
MXAN_1052,536,781,1440,931,1188,1301,2673,3151,1072,3751,4008,2954,3862,4626,5183,2265,2303,1871,2173,2515,1958,5299,2506,1872
MXAN_1053,0,3,47,5,1,5,7,13,2,9,8,7,10,14,28,7,11,7,10,16,11,10,12,13
MXAN_1055,41,25,101,50,44,73,94,92,29,142,122,97,180,273,356,118,131,109,156,147,153,259,143,141
MXAN_1056,517,422,699,1010,1036,2148,1542,1279,728,3118,2214,2614,6071,4993,4197,2764,2667,2389,3543,2890,2082,3755,4472,5204
MXAN_1057,29,29,98,47,82,112,126,69,39,156,152,175,317,344,433,171,202,208,216,222,275,250,216,161
MXAN_1058,276,243,221,581,615,677,1004,1005,396,1530,1212,1215,1831,1890,1983,780,852,844,976,779,1273,2933,881,727
MXAN_1059,204,191,219,309,284,366,615,570,249,825,383,566,846,776,997,421,415,477,443,415,518,337,400,407
MXAN_1060,308,216,272,533,482,475,883,694,332,1335,993,917,1112,1701,1932,585,699,642,793,780,947,1261,760,593
MXAN_1061,681,600,853,1353,1169,1793,2075,2106,805,3148,3396,2546,4656,5183,5727,2294,2361,2157,3773,3381,2505,2622,4411,5441
MXAN_1062,244,189,215,463,362,590,789,450,224,834,387,756,1085,1297,1215,609,576,660,655,506,715,722,586,735
MXAN_1063,362,257,250,539,557,1188,1136,711,462,1555,837,1530,2124,1552,1379,1181,1190,1440,887,651,963,1119,924,830
MXAN_1065,1927,1533,2273,5587,2897,4499,3788,2150,1160,5818,5848,4102,17480,18794,21288,6783,6975,4906,19475,17554,9376,12179,17411,17494
MXAN_1066,587,436,472,1021,963,1369,1653,1535,699,2534,1941,1982,3291,4843,5200,1798,2002,1941,2360,2490,2632,5711,2514,1786
MXAN_1068,344,364,511,671,653,529,1193,1452,540,1804,1961,1216,1336,2158,2278,634,705,536,870,1045,888,2281,1073,886
MXAN_1070,792,670,1069,1692,1629,2984,1978,1796,654,5936,4822,5023,12311,12319,10658,7041,6929,5297,10527,7641,5258,11953,12444,15642
MXAN_1071,8875,9308,12271,15965,13188,12239,30281,39675,13997,26700,28659,20711,18952,27014,27962,9313,10786,10567,11669,11358,12411,14606,17294,16297
MXAN_1072,1151,846,797,1809,1622,1704,2890,1530,1180,3493,1841,2588,3256,2684,2732,1421,1696,1898,1386,1189,1750,126,1167,797
MXAN_1073,766,517,651,1248,1379,1413,1967,1770,628,2718,2185,1880,1700,1912,1899,886,862,797,1001,901,1050,730,1088,872
MXAN_1074,670,630,620,1116,1008,977,2235,2397,655,5532,4762,3036,4110,4322,4182,1800,1909,1879,1888,1817,2568,1189,1929,1385
MXAN_1075,606,421,476,1095,972,1906,1914,1462,685,2853,2276,2666,4334,4617,4438,2157,2221,2405,2639,1958,2944,2920,2719,2808
MXAN_1076,452,520,759,783,961,973,1888,2070,778,2651,2806,1985,2859,3976,4877,1474,1515,1315,2008,2727,1947,3492,2312,2064
MXAN_1077,377,295,552,722,722,1285,1283,1040,512,1732,1388,1649,3110,3123,3814,1555,1591,1657,2104,1860,2080,2878,1884,1961
MXAN_1079,34,38,107,62,68,68,261,329,150,210,90,125,124,136,210,81,95,88,140,100,75,364,109,158
MXAN_1080,2268,1296,1239,3879,3411,5476,7221,4941,2789,12720,5142,10582,9149,7068,6264,5269,5237,6699,3413,1900,4886,952,1861,2306
MXAN_1081,3217,2811,2208,4675,3693,6510,8920,7410,3157,14604,5875,10775,11583,8684,8067,6034,5920,7966,4236,2675,5775,998,2235,3018
MXAN_1083,187,150,122,437,327,611,679,483,219,910,594,736,882,903,802,496,532,775,344,305,579,55,254,229
MXAN_1084,461,420,376,909,802,1118,1634,1417,621,2332,1939,1799,1941,1861,2009,1022,1206,1364,816,795,1192,268,649,554
MXAN_1085,2270,1876,1842,4271,4025,5761,8275,6978,3124,10149,7766,8758,11704,11112,10650,6243,6566,8105,5006,4136,7566,1431,3602,2641
MXAN_1086,2746,1965,2061,5465,4001,4519,9365,7306,3398,10146,9128,8725,10484,13702,13157,5853,6230,6889,5298,5133,8005,1794,4356,2186
MXAN_1087,1432,1298,1482,2473,2085,2160,4432,4590,1891,6100,5309,4277,6739,11407,12255,4091,4761,4167,5459,6140,5863,4282,5739,5219
MXAN_1088,849,704,905,2302,1993,2853,3790,2835,1168,4336,4808,4125,7016,7380,8596,3055,3553,3539,4983,4948,4809,2738,4184,4268
MXAN_1089,246,248,357,540,450,627,822,888,319,1262,1502,1033,1485,2016,2467,831,932,857,1201,1492,1147,1403,1312,1197
MXAN_1090,227,185,248,592,610,854,835,598,283,946,783,824,1686,1576,1950,702,868,821,1578,1076,1162,1269,1300,1678
MXAN_1091,119,86,170,184,140,115,163,158,63,147,115,131,161,243,287,90,94,52,116,92,87,217,181,127
MXAN_1092,3144,2088,1876,459,536,373,2263,2401,602,1702,1862,845,1624,2608,2482,978,988,503,755,579,275,666,2152,358
MXAN_1095,2081,1291,1389,3738,2871,3331,6290,2926,2188,6595,2593,5112,5450,7269,7017,2670,2790,3089,3775,2766,3688,1643,3119,3656
MXAN_1096,4422,3412,3340,6421,4531,6388,12776,9206,5270,14048,5481,10232,8931,8915,8391,4565,4660,5620,3377,2810,4617,1771,3331,3339
MXAN_1097,126,94,202,256,192,434,268,211,108,536,269,531,874,823,1064,441,487,566,527,426,655,431,526,668
MXAN_1098,532,220,444,779,459,478,592,443,186,1131,693,756,654,842,912,343,281,281,369,275,446,470,441,415
MXAN_1099,280,211,328,535,492,859,837,747,394,1776,1258,1363,2317,2329,2532,1129,1078,1092,1190,1118,1233,2107,1275,1302
MXAN_1100,217,172,318,496,412,622,727,676,284,1205,1223,1145,1689,1943,2061,867,940,891,1028,994,978,524,1118,1014
MXAN_1101,77,64,214,124,83,221,114,66,45,320,243,331,711,536,343,472,385,337,440,254,137,345,901,1152
MXAN_1102,46,24,125,50,39,139,111,118,72,188,130,174,305,299,332,239,237,269,124,139,190,156,211,168
MXAN_1103,713,550,690,1117,1034,1980,1872,1577,1020,3212,2059,2732,4919,5103,4140,2613,2875,3757,2162,1791,3847,1248,1870,1562
MXAN_1104,408,321,652,799,847,1014,1509,1484,619,2082,2109,1775,2427,3395,3818,1347,1349,1173,1821,1783,1786,3755,2055,2334
MXAN_1105,553,501,516,859,1055,613,2412,3052,863,2633,3210,1672,1249,3131,3008,980,1207,942,579,819,895,880,654,335
MXAN_1106,639,523,801,1359,1169,1515,2348,2347,918,3627,3288,2720,4074,5864,6381,2658,2733,2280,3412,3240,3096,5029,3176,2803
MXAN_1107,153,115,215,302,281,411,598,625,168,825,673,675,1138,1288,1589,587,538,510,793,695,708,788,829,792
MXAN_1109,303,234,254,533,488,611,874,793,309,1280,903,933,1316,1890,2375,983,1127,1159,864,806,1130,730,925,954
MXAN_1110,1271,934,976,2198,2294,3019,4402,4099,1716,5773,4762,4758,4950,5991,6219,2804,2773,2917,2331,1933,3330,4332,2556,2566
MXAN_1111,846,540,626,1678,1333,2993,2320,1473,973,4162,1762,3523,5222,4778,4797,2615,2689,3257,2312,1699,3331,1882,2250,2487
MXAN_1112,226,125,173,389,458,643,649,528,287,1044,551,892,1111,1594,1373,749,784,918,569,401,745,1123,645,694
MXAN_1113,2234,1857,2032,4547,4378,5868,7228,4481,2322,9365,5772,9742,12852,12514,13445,6247,6625,7491,6663,4828,7690,2258,6436,6967
MXAN_1114,23,8,90,29,20,52,11,8,3,81,40,36,309,253,158,241,228,137,305,177,42,359,610,896
MXAN_1115,79,124,458,149,196,114,405,647,144,448,759,332,350,714,997,252,265,148,269,443,271,1327,471,430
MXAN_1116,7,3,48,0,2,2,5,8,3,7,7,7,23,28,34,5,10,10,13,17,10,22,13,11
MXAN_1118,6,10,50,18,24,41,25,30,20,56,46,44,98,131,146,61,79,82,51,61,74,118,83,92
MXAN_1119,296,291,574,584,643,828,1154,1209,370,1744,1694,1575,1637,2232,2977,911,1043,967,954,1096,1128,1271,980,836
MXAN_1120,253,227,445,488,495,670,1080,883,380,1388,1016,1173,1431,1613,1888,766,800,829,891,987,986,761,884,696
MXAN_1121,181,218,360,198,438,222,818,2328,374,1350,2646,1125,993,1923,2092,351,513,406,702,1029,661,573,970,891
MXAN_1123,837,684,1205,1308,1442,1606,3003,2967,1189,4765,3388,3130,3158,3691,4214,1719,1713,1658,1571,1545,2064,2025,1573,1185
MXAN_1124,11,13,120,32,24,36,44,56,14,88,45,54,78,118,158,74,69,48,74,72,60,126,79,55
MXAN_1125,52,53,180,58,53,110,40,63,18,273,326,269,1075,1301,1188,1847,1862,1687,881,946,338,1987,2228,2398
MXAN_1126,13,13,126,3,6,18,17,45,12,41,53,51,143,131,183,161,140,92,91,91,22,558,241,239
MXAN_1127,310,161,453,411,469,509,983,924,480,1650,1696,1210,1656,2300,2610,1064,1231,967,1007,1116,1180,1176,1294,1115
MXAN_1129,135,107,309,295,215,313,428,466,161,638,621,516,684,785,895,385,393,339,350,416,431,445,395,260
MXAN_1130,347,280,447,666,635,1333,1112,884,480,1879,1168,1665,3180,3472,4104,1764,1799,1747,2168,1925,2225,3511,2096,1976
MXAN_1132,71,79,151,168,126,138,206,260,83,485,431,336,388,633,664,242,289,256,248,330,320,321,398,340
MXAN_1133,127,127,227,270,239,415,425,396,182,924,557,836,1161,1029,1094,619,639,678,423,476,625,342,507,444
MXAN_1134,298,277,563,606,533,1002,836,1151,453,2143,1942,1768,4088,4699,5113,1914,2093,1977,3236,2944,2575,2761,2756,3323
MXAN_1135,48,37,66,189,88,166,55,49,27,864,523,915,1682,1584,2190,1013,1151,1681,1008,898,1599,990,1488,1634
MXAN_1136,1277,760,881,2684,1158,1128,793,513,456,12102,4316,9919,10566,10007,10563,6770,6146,8762,6137,3824,8008,3699,6156,7543
MXAN_1137,15,6,75,26,40,51,44,21,30,81,37,79,201,135,201,94,93,96,142,104,97,53,97,112
MXAN_1138,24,15,248,56,53,107,62,69,22,142,168,155,296,280,369,125,161,152,230,169,224,255,206,340
MXAN_1139,355,320,435,573,687,1152,1539,1546,668,2781,2294,2553,1811,1387,1433,957,949,1584,554,329,1092,187,438,411
MXAN_1140,38,30,199,60,32,67,46,73,22,166,216,135,246,288,279,182,180,109,207,203,87,724,496,450
MXAN_1141,1213,865,1229,2540,2048,3690,3426,2140,1389,4350,2107,3491,5169,4689,5093,2317,2442,2779,2749,2168,2767,2464,2918,3721
MXAN_1142,1589,1618,2208,2900,2844,3032,5960,5940,2409,9171,7914,6333,8292,10565,12246,4448,4619,3701,4900,5334,5345,8271,4874,3623
MXAN_1143,205,333,487,383,462,404,1213,1739,497,1373,1545,1068,935,1332,1723,490,665,535,454,590,623,1036,470,286
MXAN_1144,152,135,205,218,272,407,607,641,273,813,575,668,592,522,491,283,309,391,200,175,298,155,162,99
MXAN_1145,247,231,486,540,512,583,971,999,440,1376,1149,1046,1418,1605,1869,665,714,660,1001,778,934,1204,930,925
MXAN_1146,528,727,1694,761,669,2237,87,102,86,3065,2267,3207,8106,9837,7106,6884,7096,5719,7789,7060,2190,27232,15755,14054
MXAN_1147,1401,1653,3684,1821,1507,3519,455,647,238,8398,6929,7304,15066,21897,15812,14279,13493,8837,16058,19736,3688,34398,33404,23902
MXAN_1148,580,768,1327,660,618,1525,193,280,146,3994,2437,3185,7261,8822,6979,6718,6991,4768,6993,7449,1998,16608,13014,9360
MXAN_1150,1,0,7,1,0,14,0,0,0,3,4,8,40,48,44,49,52,39,42,58,19,55,72,76
MXAN_1152,128,161,166,283,336,407,576,843,272,715,717,574,791,1202,1415,381,444,479,490,563,747,585,682,519
MXAN_1153,2409,1982,1901,5597,3342,4062,7451,6445,3135,7084,3716,4667,4934,5578,6881,2439,2293,2876,2878,2660,3497,2545,3224,3244
MXAN_1154,2657,1613,1507,5818,3434,3775,7705,4590,3206,9153,2577,4918,3815,4626,4875,2199,1957,2241,1872,1658,2516,1470,2098,2000
MXAN_1155,1091,994,995,3146,2562,3130,4815,2922,1583,4553,2225,3638,3861,3467,4698,1741,1828,2153,1880,1642,2460,2659,2342,2341
MXAN_1156,1236,898,876,2668,1963,3152,3812,2753,1625,4473,1554,3547,3969,3035,3519,1987,1850,2062,1840,1374,2314,1863,1818,2125
MXAN_1157,1960,1602,1696,4114,3360,2457,6974,6861,2805,7443,4115,4613,3811,5223,5715,2129,2067,1772,2293,1978,2669,3141,2630,2250
MXAN_1159,29,20,174,59,43,38,72,83,21,67,102,59,86,106,145,37,44,46,51,60,68,124,59,60
MXAN_1161,158,186,339,300,523,604,735,1100,290,1286,1623,1301,2193,1346,1217,438,509,1360,1309,781,593,640,774,913
MXAN_1162,530,471,919,1057,1070,1746,1895,1543,754,3080,1887,2496,3466,3172,3585,1763,1949,2107,1692,1530,1690,2104,1892,1935
MXAN_1163,432,378,601,942,873,1726,1668,1548,817,2374,1408,2036,5380,4905,6014,2719,2875,3296,3698,3131,3768,3619,3117,3840
MXAN_1164,122,116,169,81,114,212,389,257,189,193,221,211,389,312,280,225,201,312,195,176,128,319,428,764
MXAN_1166,149,163,324,324,341,614,784,832,335,1256,1017,1056,1660,1666,1959,961,978,1028,780,712,941,1132,906,810
MXAN_1167,469,448,702,838,855,1251,1811,1579,749,2887,1813,2207,3243,3382,3285,1806,1917,1902,1604,1283,1890,1907,1610,1538
MXAN_1170,46,30,57,104,87,214,117,161,61,287,201,289,791,965,1227,460,526,498,620,672,602,587,580,623
MXAN_1171,883,863,945,1622,1427,1965,2749,2330,1148,4581,2324,3505,6618,6489,6655,3040,3349,3601,4194,3295,4232,3003,3201,3483
MXAN_1174,28,13,52,45,53,120,70,59,26,115,79,120,237,252,266,150,192,183,136,113,155,109,156,137
MXAN_1175,15,7,44,43,51,144,72,58,22,114,64,124,361,242,277,178,179,192,128,125,160,83,143,207
MXAN_1176,319,256,313,557,528,969,1027,584,373,1613,1005,1500,2199,1387,1242,951,896,1058,779,524,759,367,719,713
MXAN_1177,26,17,86,47,69,222,81,62,32,118,42,82,229,166,178,120,101,152,101,98,85,60,128,178
MXAN_1178,714,578,750,1257,1478,2052,2595,2895,1194,5925,4601,4377,9777,12067,13336,4562,4453,4171,6996,6780,6848,8189,7093,6548
MXAN_1179,66,71,174,150,130,289,262,277,191,432,230,336,915,798,1167,388,362,423,603,609,542,689,574,871
MXAN_1181,2520,2376,3136,4774,4055,3769,8467,9771,2921,11272,13175,9219,9250,15685,17664,5407,6005,5742,6024,7023,7850,7646,5174,4085
MXAN_1182,1060,745,989,1800,1505,1870,2964,3433,1157,3973,3372,3618,4002,5650,5464,2072,1808,1925,2057,2065,2746,1888,1411,1017
MXAN_1183,510,478,520,1091,1069,1704,2468,1941,905,2836,1855,2696,3203,3281,3554,1790,1659,2067,1520,1366,2018,1462,919,675
MXAN_1184,479,636,881,855,937,1073,2439,3012,965,2703,2609,2260,2115,2595,3099,1198,1364,1284,1144,1259,1471,1464,871,597
MXAN_1185,42,59,360,64,61,69,191,267,85,214,254,187,151,232,350,90,121,96,97,125,114,248,100,92
MXAN_1187,10,11,84,17,18,22,45,51,17,57,31,44,42,71,68,31,34,34,46,43,33,96,64,54
MXAN_1188,87,62,316,93,102,102,382,263,93,436,231,245,287,335,379,207,187,159,250,206,146,351,306,193
MXAN_1189,30,22,136,58,41,83,95,95,41,150,117,146,278,289,424,146,171,176,227,204,234,188,167,181
MXAN_1192,939,793,1397,1429,1256,1792,2038,1691,765,4295,3937,3305,4151,5447,4491,2784,2991,2322,2877,2859,1621,4057,5101,4797
MXAN_1193,741,493,851,1603,1448,2110,2136,1291,883,3207,1489,2628,4877,4610,4734,2079,2258,2560,3093,2280,2722,3071,2784,3603
MXAN_1194,48,22,73,64,53,70,124,109,44,151,118,107,154,199,266,104,115,114,123,122,134,91,93,132
MXAN_1197,363,254,323,843,614,1266,1447,704,463,2101,733,1414,3556,2102,2401,1233,992,892,2713,1501,1523,1045,1487,1938
MXAN_1198,569,560,852,980,953,817,1889,2191,692,2844,3546,2159,3044,5639,5910,1839,1691,987,3360,3763,1743,10889,4751,4063
MXAN_1199,0,3,12,6,4,9,18,18,3,18,26,20,28,26,46,12,14,15,15,15,14,12,10,13
MXAN_1204,16,22,27,39,30,52,53,78,39,41,43,51,40,92,149,29,37,42,47,61,60,52,24,30
MXAN_1214,9,16,72,21,25,11,29,99,16,61,104,38,24,59,110,12,15,16,19,40,22,59,31,44
MXAN_1215,16,17,68,30,28,31,64,91,24,78,89,59,81,99,123,32,26,20,35,65,33,67,40,39
MXAN_1226,58,65,176,108,108,81,206,350,90,310,303,176,220,369,558,103,85,91,130,173,173,197,120,159
MXAN_1231,683,656,901,1240,1211,1731,1128,1581,541,5757,4060,4661,3747,5382,6606,2230,1867,1501,2665,2472,2277,2334,2364,1668
MXAN_1232,560,640,837,1253,1070,1000,1974,2708,778,2161,2691,1873,1968,2952,3509,812,819,814,1314,1458,1232,1344,1215,1105
MXAN_1233,1825,1645,1921,3579,3079,2535,5508,5402,2002,6007,7050,4872,5650,10224,10996,2882,3046,2683,4411,5045,4759,5095,3950,3310
MXAN_1234,2290,1741,3121,4914,3335,4927,9095,7489,3447,9807,7007,8791,25494,36560,44571,14434,15464,14967,19467,26782,19023,28139,28425,28457
MXAN_1235,8,3,13,8,17,27,28,20,3,42,69,47,48,73,76,47,38,37,48,47,52,53,46,44
MXAN_1236,315,252,366,652,586,923,1157,1017,392,1964,1615,1606,2130,1990,2066,1033,973,946,1247,899,1117,899,1086,1045
MXAN_1237,19,17,29,19,27,66,60,44,22,87,45,110,104,73,128,62,52,74,64,30,56,25,39,70
MXAN_1238,23,15,79,37,31,46,75,78,33,586,260,302,93,118,145,64,59,77,48,55,45,63,38,43
MXAN_1239,392,357,435,774,802,977,1406,1257,484,1534,1562,1620,2058,2351,2359,1235,1460,1481,1124,1100,1328,518,999,834
MXAN_1240,1130,1382,1447,1887,2099,2783,4281,4998,1303,5774,5859,5487,5942,5979,5587,2445,2620,3042,2543,2248,3008,1457,2495,2377
MXAN_1242,134,120,146,157,170,309,380,451,201,579,385,433,982,887,1081,499,526,578,489,399,617,507,404,405
MXAN_1243,120,86,152,193,152,273,287,235,105,419,302,351,610,530,620,300,254,319,411,366,410,372,345,429
MXAN_1244,154,187,255,351,320,422,741,711,340,963,800,768,10224,9320,7175,5056,5410,4753,9419,9203,4647,4539,3304,6940
MXAN_1246,37,27,78,52,65,116,132,123,51,182,130,167,285,280,292,140,180,266,133,103,256,102,114,104
MXAN_1248,41,39,306,44,45,116,47,71,23,280,212,198,815,1089,826,575,505,322,694,575,129,5492,1121,1400
MXAN_1249,52,41,163,76,89,148,138,164,63,222,185,187,392,445,497,165,169,196,286,255,255,306,231,242
MXAN_1250,190,119,228,351,282,477,526,564,262,819,575,825,883,945,927,401,405,441,504,355,542,473,411,499
MXAN_1254,40,39,96,89,59,79,129,86,55,207,159,152,181,207,261,101,78,112,134,93,137,37,89,77
MXAN_1256,720,670,965,1066,1223,1005,2806,3139,1144,3599,2695,2416,2039,3028,3592,967,1166,1056,1062,1206,1407,1604,1308,936
MXAN_1257,1588,1267,1327,2605,2230,3323,4293,3360,1810,6531,4013,5408,7136,5572,5697,3401,3357,3930,3002,2093,3639,1606,2293,2119
MXAN_1258,170,183,262,338,510,518,1151,1184,207,1077,1504,983,1149,1264,1494,593,616,586,607,644,738,397,620,397
MXAN_1259,21,17,73,32,37,118,77,82,36,133,67,121,210,212,258,113,137,143,108,92,131,130,102,89
MXAN_1261,12,7,103,17,17,31,50,34,16,71,33,51,74,61,109,44,50,57,31,25,32,53,22,21
MXAN_1262,865,658,727,2213,1647,2032,3907,2285,1565,2878,1727,2630,4551,4729,5401,1752,1847,2282,3480,2505,3333,2108,2185,3013
MXAN_1263,985,895,962,2226,2080,2245,5520,4322,2050,4858,3033,3445,5410,7102,8279,2300,2333,2479,3450,3271,3755,3702,2970,3432
MXAN_1264,11429,8397,10205,12382,10121,13705,12898,8882,3762,36314,17367,22297,26087,28519,23132,14199,14504,12336,11815,10155,7783,8878,24481,24680
MXAN_1265,67,59,417,69,59,89,113,147,50,270,275,201,385,463,511,263,305,203,268,308,145,631,568,642
MXAN_1266,30,28,96,85,98,239,187,147,67,275,251,310,464,395,421,242,239,285,218,188,273,126,183,158
MXAN_1268,15,6,33,15,24,40,40,25,19,80,49,56,122,107,124,63,48,70,98,64,67,45,82,88
MXAN_1269,41,63,223,74,66,85,82,112,43,306,243,228,399,480,625,205,221,175,226,303,153,431,399,434
MXAN_1270,5,2,118,9,5,9,14,13,10,25,14,19,41,25,85,12,18,16,21,30,14,27,29,28
MXAN_1271,32,17,98,77,59,118,138,74,33,145,105,143,202,205,239,131,108,142,157,94,129,63,117,107
MXAN_1272,62,62,173,138,157,198,287,219,107,351,231,342,535,720,1007,259,337,328,412,490,449,430,432,453
MXAN_1273,475,321,576,879,744,1121,1465,1386,592,2080,1786,1900,2260,2654,2865,1253,1316,1291,1392,1062,1493,977,1186,1071
MXAN_1275,168,117,230,324,233,423,490,402,188,738,455,684,1034,1138,1411,634,798,807,787,611,792,239,710,650
MXAN_1277,43,34,190,95,103,113,195,208,72,225,276,259,421,353,382,190,226,390,199,151,211,302,154,146
MXAN_1278,1584,970,1431,4031,3094,6065,2998,2336,1014,6742,5420,6698,20218,18475,14139,11832,10440,9941,13544,8617,9017,16310,14390,23221
MXAN_1280,30,32,106,81,60,250,68,46,34,155,77,216,705,516,429,358,390,415,514,324,260,383,657,1344
MXAN_1282,23,32,233,60,60,134,131,140,60,181,179,189,476,375,454,425,360,389,255,225,197,367,380,421
MXAN_1283,27,20,164,46,48,94,100,97,55,160,123,173,285,314,379,349,300,317,178,182,161,321,368,280
MXAN_1287,18,9,124,27,27,84,36,69,25,85,87,100,363,438,530,582,672,615,261,285,235,662,658,543
MXAN_1290,8,8,51,21,15,40,23,24,15,36,43,57,141,150,125,120,159,137,65,55,86,158,124,155
MXAN_1293,105,77,200,152,207,268,342,250,125,532,337,419,630,603,663,331,284,295,301,232,315,502,338,217
MXAN_1294,70,63,134,126,109,173,79,118,36,367,295,244,1004,1540,1786,600,584,379,1443,1775,699,4893,1916,2265
MXAN_1295,102,132,153,224,275,482,395,295,160,585,426,568,870,677,795,397,416,492,423,286,523,260,345,348
MXAN_1296,290,224,293,419,374,802,721,699,388,1495,878,1276,1923,1834,2017,842,929,1032,1051,766,1247,1045,846,897
MXAN_1297,459,318,419,807,650,1455,1669,1006,632,1697,950,1602,2678,2564,2938,1258,1290,1335,1720,1269,1571,2171,1432,2009
MXAN_1298,30,28,50,46,60,98,150,102,62,153,77,131,303,248,318,131,143,144,138,143,169,331,145,205
MXAN_1299,574,342,405,987,724,500,1986,1166,540,545,355,411,285,536,677,232,230,264,243,255,432,239,159,139
MXAN_1300,167,126,172,320,361,384,966,629,322,227,154,214,173,196,375,113,146,160,107,114,239,123,63,64
MXAN_1301,696,499,704,1286,1049,1788,1747,1625,644,2599,2606,2559,5239,6054,6091,2775,3160,3021,4063,3562,3580,2034,3613,4865
MXAN_1302,182,179,215,351,468,713,827,938,335,1787,1402,1229,2366,2533,2652,1172,1160,1131,1352,1432,1157,2177,1312,1157
MXAN_1303,256,280,261,496,388,473,653,765,252,1645,1467,1068,1563,2533,2643,999,1108,856,1214,1382,889,3735,1200,1158
MXAN_1304,43,43,50,63,73,89,102,117,34,254,269,181,260,417,446,157,151,124,159,210,138,491,177,157
MXAN_1305,141,145,207,284,269,359,416,429,179,1127,792,786,975,1106,1272,521,429,345,454,395,368,1003,541,455
MXAN_1307,276,263,312,469,408,468,663,829,241,1447,1332,933,1227,1715,1680,629,632,453,798,912,603,584,627,390
MXAN_1309,165,111,174,298,313,351,523,435,207,909,562,688,846,904,762,407,362,331,453,256,259,251,275,222
MXAN_1310,27,32,49,52,74,130,149,142,47,216,215,231,372,265,327,178,166,309,225,165,181,161,199,209
MXAN_1311,63,44,74,151,113,197,164,136,85,306,245,305,555,608,551,308,308,291,389,299,355,642,385,518
MXAN_1312,75,63,183,181,148,314,174,151,48,545,492,455,1320,1395,981,756,795,606,926,799,367,1675,1640,2254
MXAN_1314,14,8,26,36,29,75,238,110,148,1050,622,1568,639,1106,1396,674,637,404,749,552,669,810,574,163
MXAN_1316,25,8,174,29,22,52,192,96,88,684,313,1047,854,1013,1372,528,587,425,724,479,726,505,479,157
MXAN_1317,18,5,44,43,11,38,94,32,56,253,38,410,465,280,284,158,162,273,174,95,228,68,60,52
MXAN_1318,61,26,91,96,49,121,122,71,101,573,98,706,959,795,982,332,278,534,422,232,587,153,225,157
MXAN_1319,7,4,73,10,14,41,46,24,19,101,28,185,367,255,398,108,99,207,143,99,218,94,83,60
MXAN_1320,7,6,83,8,11,30,24,15,10,43,19,90,224,203,363,88,64,135,106,88,168,67,69,72
MXAN_1321,17,12,81,34,16,44,47,29,29,141,32,214,341,310,400,100,125,224,136,87,249,97,84,91
MXAN_1323,288,187,379,284,289,377,766,878,471,1275,814,943,711,1200,1184,527,447,619,327,319,563,730,318,273
MXAN_1324,667,751,1001,1354,1336,1773,2398,3569,1011,5962,6039,4264,7674,10259,10210,3382,3720,3690,4457,4769,4180,3750,3412,3367
MXAN_1325,222,241,375,503,643,610,1097,1504,417,2370,2296,1716,2841,3958,4332,1145,1326,990,1608,2328,1590,2049,1512,1238
MXAN_1326,17,16,18,39,53,129,99,85,54,293,156,224,635,550,571,275,327,338,299,266,286,441,221,272
MXAN_1327,865,887,1260,1936,1790,2862,3143,3113,1265,7122,4402,5631,11162,11767,11005,4703,5141,4719,6658,6313,5869,4582,4385,4631
MXAN_1328,236,190,290,541,526,891,1001,907,377,2365,1280,1828,3578,3062,2884,1458,1302,1125,1901,1395,1490,805,1056,957
MXAN_1331,94,96,106,192,169,355,257,257,158,754,320,621,1498,1295,1488,555,626,649,1264,986,919,209,697,1010
MXAN_1332,319,263,713,657,592,856,736,756,339,2708,1777,1796,3977,4586,4780,1655,1750,1260,2914,2477,2274,5505,2735,2876
MXAN_1333,335,307,473,921,838,1259,1316,1316,509,3338,2418,2666,5274,5539,6397,2257,2040,2032,4644,3488,3888,2813,2165,2393
MXAN_1334,682,627,710,1718,1453,1543,2345,2549,918,5886,3488,3937,6125,6459,7356,2461,2333,2182,4230,3284,3739,1339,2082,1665
MXAN_1335,686,564,780,1613,1287,1395,1978,2403,774,5199,3764,3514,5824,7080,7271,2682,2631,2124,3976,3475,3649,1707,2479,2170
MXAN_1336,307,245,463,748,712,981,1223,1352,439,2891,2568,2402,3948,3844,4157,1749,1894,1653,2406,2093,2316,1640,1429,1307
MXAN_1337,281,246,573,765,722,1128,1025,1193,440,2649,2367,2346,3963,4036,4198,1644,1832,1983,2243,2185,2322,1313,1510,1468
MXAN_1338,267,272,323,548,459,658,713,613,373,1847,1129,1390,2725,2085,2338,984,1055,1319,1324,1213,1475,321,792,760
MXAN_1339,200,208,348,470,347,397,745,1178,339,1544,1372,1137,1116,1606,1473,504,529,596,556,599,625,367,369,275
MXAN_1340,40,39,175,103,100,202,172,162,99,298,199,267,793,666,927,362,339,353,547,502,514,601,398,439
MXAN_1341,64,56,131,210,170,248,320,164,109,485,232,440,794,608,783,296,346,338,561,366,470,241,353,414
MXAN_1342,857,694,852,1907,1589,2566,2520,1861,1023,5076,3063,3823,7093,6661,6819,2701,2427,2516,4069,3172,3919,2362,2815,3163
MXAN_1343,228,180,291,524,466,628,818,649,306,1451,1060,1059,2036,2041,2174,918,836,763,1399,906,1193,824,964,1126
MXAN_1344,2100,1575,2359,3444,2755,5746,4323,3782,1644,11127,9912,10120,16359,13132,10274,7770,8033,7664,6789,3897,5725,3081,7933,8417
MXAN_1345,116,66,213,259,199,289,460,379,161,637,423,514,1008,919,1079,493,483,498,708,660,570,379,600,530
MXAN_1346,64,66,199,97,91,80,198,263,75,330,204,235,261,383,357,124,134,140,170,134,147,156,146,116
MXAN_1347,38,30,336,52,65,45,96,152,36,99,160,87,157,188,280,54,82,59,86,131,84,252,113,108
MXAN_1349,81,50,131,137,116,256,207,162,87,274,194,306,443,411,459,245,238,274,207,206,283,118,195,210
MXAN_1350,751,715,1045,1248,1186,1220,2179,2601,852,3086,3139,2188,2700,4175,4580,1457,1706,1664,1797,1946,2133,3016,1886,1612
MXAN_1351,643,585,961,909,883,1438,2467,2045,943,3360,2633,2682,5957,6159,6153,3768,3826,4208,4001,3484,3886,5141,3385,4106
MXAN_1352,14,16,96,36,45,93,57,64,31,113,107,152,235,214,292,110,164,138,128,135,137,155,143,110
MXAN_1354,543,407,632,1063,741,1064,1310,1263,428,2054,1875,1640,2871,3409,3576,1363,1334,1309,2111,1706,1883,1938,1910,1792
MXAN_1355,140,87,107,231,201,350,295,260,148,540,261,382,959,1066,1182,566,661,651,1026,889,816,251,708,974
MXAN_1357,336,254,598,722,592,620,1133,963,399,1796,1494,1408,1948,2862,3485,978,1188,873,1526,1701,1353,2172,1735,1752
MXAN_1358,81,101,197,153,197,461,399,534,233,709,605,645,2163,3167,4128,1247,1722,1522,1861,2819,1934,1866,2093,1964
MXAN_1359,372,394,445,805,727,1226,1741,1491,814,2116,1111,1697,1993,1602,1846,893,969,1397,832,656,1351,504,499,403
MXAN_1360,117,117,137,284,278,458,573,432,248,717,360,577,715,552,764,372,413,488,334,267,503,332,214,187
MXAN_1361,1949,1639,1927,3900,3625,4156,7205,6374,2548,9203,7744,7507,11747,13261,14733,5822,5817,5729,10127,8791,8470,4342,7054,8189
MXAN_1362,93,74,296,195,234,284,361,379,138,576,516,457,923,1164,1252,559,585,496,855,833,534,1682,1020,1310
MXAN_1363,7812,5101,4692,11522,9687,17910,17104,11029,6405,25417,9661,18576,24759,19416,17099,12116,11553,16313,8443,4827,11864,3962,7730,11650
MXAN_1364,70,47,107,143,172,278,285,264,98,638,459,624,1139,1150,1211,555,624,632,854,796,819,279,596,754
MXAN_1365,1876,1396,1801,2920,2091,2669,3295,3660,1585,24703,12820,16624,35121,31325,26158,13374,13276,11815,25400,22870,16029,9192,17345,23419
MXAN_1366,14,17,28,36,23,79,47,35,21,313,101,219,674,478,389,240,241,215,454,416,290,153,312,455
MXAN_1367,107,82,158,220,127,306,241,248,117,1793,1023,1237,3535,2540,2486,1364,1275,1014,2718,2317,1633,858,1647,2419
MXAN_1368,3,0,32,8,5,28,10,17,4,84,52,77,313,239,290,159,121,102,246,262,176,173,186,287
MXAN_1369,24,21,61,51,27,93,46,48,29,398,174,282,790,639,655,338,318,256,689,666,447,236,457,586
MXAN_1372,92,83,145,175,165,284,335,159,141,360,128,352,457,270,330,155,177,227,203,114,179,58,147,188
MXAN_1373,18,14,76,31,21,68,70,40,31,68,33,62,106,67,103,41,58,62,63,44,68,20,45,41
MXAN_1376,156,180,333,306,277,457,601,609,232,1047,830,722,1233,1288,1491,567,523,429,932,878,629,1019,693,652
MXAN_1378,249,155,229,418,260,419,413,402,185,758,569,717,1265,1462,1277,751,721,662,1021,803,561,764,1323,1465
MXAN_1380,602,335,806,848,814,1503,719,729,295,2283,2590,2507,4891,6276,4192,3311,3360,2952,2705,2127,2081,1801,6406,8260
MXAN_1382,11,7,66,24,30,54,31,32,13,65,26,59,143,113,157,54,73,90,75,82,107,90,81,113
MXAN_1383,513,499,791,952,861,997,1662,1578,731,2867,1608,1962,2456,3021,3245,1194,1367,1443,1315,1298,1512,1182,1481,1361
MXAN_1384,89,123,126,101,67,48,375,471,97,183,142,119,164,384,655,151,239,181,161,268,206,182,227,133
MXAN_1385,3107,3619,4232,5093,5380,4619,11976,14412,3775,18662,14674,11241,17093,22209,21431,7911,8357,6138,11291,12653,7321,9293,14549,10079
MXAN_1386,4053,3937,4604,6782,5615,7534,10526,10601,4549,19163,13332,12798,23267,28520,26836,11949,12967,12641,16322,16347,13193,12919,16960,19024
MXAN_1387,260,334,501,364,445,453,1003,953,345,1333,1298,1038,2280,3441,3037,1306,1554,1106,2041,2301,1052,6021,3249,3788
MXAN_1388,3651,2754,3501,6584,5009,7165,9375,10347,4409,13222,9845,11222,11609,14760,13810,6396,6735,7362,7892,8215,7825,7320,8308,10410
MXAN_1389,4495,2652,3089,11910,6747,10793,17081,8263,5837,21786,8590,14294,42158,29704,26008,13164,11412,13083,24111,14087,18506,8467,13463,16858
MXAN_1390,348,329,522,614,708,695,1334,1354,576,1596,1213,1364,1609,1971,2244,869,972,984,882,891,1171,1261,907,772
MXAN_1391,1131,1029,1303,1737,1523,2059,3538,2962,1214,6165,3358,4006,4877,5185,5216,2512,2551,2248,2652,2282,2310,3447,3366,2779
MXAN_1392,1164,881,1282,2015,1640,1426,3195,2631,1233,5105,4121,3409,3331,4864,4810,1989,1943,1604,2193,2433,2465,3085,1921,1379
MXAN_1393,720,638,895,1312,1108,1373,2498,2559,978,4018,2627,2685,2847,2876,3135,1574,1546,1491,1781,1553,1658,510,1215,1163
MXAN_1394,1117,859,1146,2094,1920,2490,3063,1699,755,2716,2114,2386,3583,3344,3375,1406,1461,1566,1436,1093,1827,1188,1319,1249
MXAN_1395,629,438,688,887,783,1280,1532,1117,560,1597,1109,1356,1671,2064,2462,1080,1252,1253,902,966,1280,878,1116,861
MXAN_1396,110,119,486,148,248,266,399,530,158,707,601,562,623,661,656,376,394,342,267,282,247,616,364,276
MXAN_1397,1062,922,1635,1668,1427,3212,1053,847,388,9673,5613,6483,25784,24719,19054,12354,11402,8658,18386,13927,6333,16387,25969,32623
MXAN_1399,564,548,730,954,969,1181,1966,2239,881,3504,2348,2287,3262,3449,3317,1545,1808,1758,1459,1615,1395,1406,1432,1213
MXAN_1400,672,734,887,1033,1077,1231,2219,2175,978,3763,2602,2650,2824,3490,3203,1543,1712,1829,1167,1233,1530,2353,1265,1142
MXAN_1401,225,223,476,470,483,904,759,712,335,1324,1219,1345,1917,1867,1935,1142,1300,1478,835,711,1017,781,809,795
MXAN_1402,977,810,1096,2332,1931,2988,4309,3660,2097,6311,4576,5788,8003,11031,10881,4461,5113,6291,4642,4386,6016,3299,3935,3988
MXAN_1403,0,4,18,4,4,10,12,7,2,11,3,12,19,18,29,17,17,15,10,14,17,4,4,14
MXAN_1405,8,4,110,13,6,5,16,12,5,24,8,13,38,42,59,7,15,11,18,26,8,33,37,33
MXAN_1406,0,0,42,1,1,2,1,0,0,4,4,3,15,14,35,14,8,5,14,10,5,109,17,9
MXAN_1407,115,84,288,207,192,360,395,286,187,576,424,579,806,795,906,391,447,538,484,335,606,319,402,433
MXAN_1409,478,382,680,957,840,1097,1949,1596,653,3192,2674,2306,5147,6095,6518,2575,2492,2156,3528,3695,3429,4787,3577,3480
MXAN_1412,1004,1960,3278,879,1675,2101,675,1414,262,10076,17160,6675,18756,26689,17780,11575,14487,8169,13442,20189,3079,34954,28783,30202
MXAN_1413,14,6,128,20,16,53,7,29,3,45,52,38,147,140,157,121,133,107,120,132,55,150,140,135
MXAN_1414,1825,1628,2030,3520,3504,3102,6330,6385,2516,11134,8646,8050,9963,15576,12938,6310,6579,5650,5852,6382,5450,9789,5002,4177
MXAN_1415,71,49,290,107,145,167,256,195,104,312,186,213,403,384,482,186,164,164,215,194,184,386,278,223
MXAN_1416,143,115,205,294,302,541,570,496,289,880,597,620,1169,1067,1054,609,578,540,582,543,565,662,570,520
MXAN_1417,610,685,775,968,1240,2606,2780,3241,1157,3980,2856,3717,5315,4254,4606,2573,2933,3391,1917,1985,2751,1761,2544,2547
MXAN_1420,345,319,477,558,616,711,1414,1658,499,1957,1755,1485,1603,1721,1809,968,1223,1165,627,815,648,411,966,667
MXAN_1421,286,338,606,456,587,622,1131,1436,517,1541,1331,1150,1374,1639,2025,750,806,711,608,662,908,1581,812,609
MXAN_1422,30,23,160,33,49,36,75,78,25,100,123,91,121,159,262,68,92,89,99,127,112,104,99,81
MXAN_1423,519,458,1042,1118,1186,2060,2233,1804,841,3233,3040,3080,5389,6059,7534,2655,2886,2637,4117,3851,3939,4253,3243,3120
MXAN_1424,481,472,650,924,781,1087,1392,1638,633,2357,1964,1833,2610,2885,2944,1211,1254,1386,1806,1484,1905,1184,1419,1279
MXAN_1425,2405,1393,1636,4130,2840,4983,5233,3238,1881,8360,4124,6800,8727,8320,7204,4075,3448,3297,5525,3352,4627,2679,4430,4529
MXAN_1426,333,244,314,486,426,1331,878,664,393,1473,532,1375,2280,1567,1600,1057,926,1034,1139,720,1007,1086,946,1182
MXAN_1427,1549,1246,1136,1943,1493,3811,3461,2818,2845,6230,2004,4466,9026,4260,3859,2614,2202,3463,2451,1695,2471,1720,1522,1337
MXAN_1428,291,207,486,525,553,1334,1263,1080,651,1723,1083,1677,2348,2435,2874,1282,1349,1424,1037,1062,1462,2786,1164,1150
MXAN_1429,1929,1881,2889,4285,3956,4095,7827,7703,3008,11725,10845,8667,11066,15057,18049,5581,6152,5374,7211,8128,8310,10294,7740,6273
MXAN_1430,967,776,966,1828,1642,2270,2620,2832,922,3655,4027,3593,4903,6087,6285,2626,2707,2735,3382,2586,3630,1001,3339,3439
MXAN_1432,145,140,208,296,303,469,586,538,199,712,652,611,887,920,1224,411,527,517,420,457,631,350,350,301
MXAN_1433,47,38,101,119,93,186,231,199,94,275,253,238,449,546,694,224,272,229,324,422,278,466,438,392
MXAN_1435,218,200,467,372,393,439,844,965,312,1513,1101,918,1551,1885,1891,762,743,491,934,979,567,2599,1385,1322
MXAN_1436,217,158,245,353,314,504,525,530,244,633,476,509,771,923,1072,337,388,427,535,539,533,1106,540,522
MXAN_1438,115,99,191,303,301,548,594,471,233,891,588,785,1311,1481,1759,724,792,877,833,923,1053,568,704,729
MXAN_1439,242,216,300,435,358,523,779,579,262,1191,584,895,1026,1003,1141,573,513,568,593,512,589,479,402,354
MXAN_1440,57,27,79,59,51,88,97,91,29,160,118,109,204,217,240,112,154,124,133,110,132,82,113,109
MXAN_1441,238,226,372,385,320,274,917,990,307,698,671,543,551,876,1046,329,360,355,389,492,432,795,499,462
MXAN_1442,5108,3463,3692,6061,5277,5464,6482,4981,2265,6802,3351,4334,4078,4385,4327,2203,2103,2268,2116,1645,2386,1402,2507,1519
MXAN_1443,136,105,245,206,173,184,366,502,142,491,448,360,450,746,930,262,315,246,327,394,335,890,348,282
MXAN_1444,2370,1614,2016,2751,1795,1284,7658,3355,1836,2219,1235,1412,1202,2340,2483,815,962,883,1225,955,1078,1474,1325,1331
MXAN_1445,285,359,424,773,712,835,1356,1463,485,2249,1992,1767,2916,3743,4349,1410,1763,1668,2786,3277,2463,1809,2553,3071
MXAN_1446,7483,3690,4066,11829,7580,10377,17699,13000,5629,22943,11287,17330,20077,24524,21502,14524,13562,15181,11885,6885,13741,1719,7453,8140
MXAN_1447,8164,6306,4559,9718,9387,11234,19890,15793,9908,24791,15309,17088,23405,38061,38159,17099,16337,15122,13129,14455,16945,14228,12103,10053
MXAN_1448,5937,4955,4762,10739,9278,14141,15729,13709,5576,23653,22174,19772,30534,26908,25574,17133,17442,20776,13361,15230,16041,9004,10471,10123
MXAN_1449,8765,8198,7828,14656,16784,20199,36326,33866,12945,54094,24520,39241,42755,46208,37816,24609,22494,25567,16511,11372,19567,12533,15832,14305
MXAN_1450,77971,50627,38680,165733,120713,212157,413962,239275,150185,317968,94717,235509,512768,340874,309767,185959,153665,226408,176562,117253,183230,29299,75568,120573
MXAN_1451,17782,9468,8604,39834,32741,54851,83123,49755,32228,85056,37845,69638,173343,156050,141838,68192,64434,86298,85807,52475,98669,19092,36539,62739
MXAN_1452,353,318,361,700,713,906,1591,1312,677,1526,1159,1312,2203,2250,2606,1189,1305,1615,992,1051,1510,836,746,826
MXAN_1453,1321,1804,1822,1924,2257,2857,5002,7419,1858,7276,6004,5285,7466,6533,6961,3850,4125,3910,2873,3441,3486,3399,3701,2941
MXAN_1454,503,404,480,839,894,1194,1946,1908,610,2711,2156,1860,3116,4064,4155,1773,1886,1647,2179,1817,1856,2195,2168,1671
MXAN_1455,1259,1104,1314,2212,2304,2885,4293,4176,2013,7275,5732,5195,9698,10610,10672,4402,4188,3832,5473,4399,5305,4331,6534,4967
MXAN_1457,73,61,129,166,161,373,247,223,118,448,332,475,855,932,1147,476,501,461,639,563,659,1338,633,799
MXAN_1460,2912,2368,2946,4815,4417,6748,11610,11197,4369,16225,11805,11933,14864,16890,17793,7494,7491,6532,8478,7662,7166,13251,10061,8730
MXAN_1462,8,11,8,28,41,48,71,74,36,79,70,75,170,179,245,115,110,123,80,107,102,37,112,92
MXAN_1463,266,222,257,531,490,1273,1049,685,442,1419,733,1409,2810,2128,2349,1241,1362,1664,1217,753,1511,640,1013,1211
MXAN_1464,839,702,938,1526,1292,1557,2663,2732,933,3658,3139,2829,3561,5067,4729,2080,2113,1972,1839,1788,2193,2359,2072,1902
MXAN_1465,29,18,85,60,52,82,102,67,48,109,50,83,109,131,158,58,65,68,69,66,67,88,72,82
MXAN_1466,111,179,182,226,200,286,469,485,204,595,323,441,538,456,547,208,208,293,265,260,245,186,232,224
MXAN_1468,287,496,631,432,480,242,1176,1926,378,2072,3432,1075,1980,4233,6042,768,1131,747,1502,3491,1569,1632,2129,1483
MXAN_1470,4027,2456,2341,6630,6831,8242,11923,10147,5547,25143,13210,19157,23360,25145,20253,14142,12542,16255,7843,7198,12070,7234,7453,6561
MXAN_1471,1398,1356,1290,2722,3467,4288,7213,5425,3174,9229,4443,7753,9058,10046,9350,4615,5414,7276,2582,2470,5170,2666,2773,2658
MXAN_1472,378,410,394,764,593,844,1599,1346,741,2111,1076,1494,1399,1973,2231,874,1116,1426,588,700,959,353,613,563
MXAN_1474,118,73,187,226,249,491,395,316,194,922,573,877,1158,1196,1289,688,672,763,564,485,674,643,557,572
MXAN_1476,1347,1049,992,2294,1964,2418,5655,4647,2102,7534,4148,5070,5812,6277,5826,3482,3854,4875,2411,2238,3415,990,2056,1802
MXAN_1477,613,535,448,947,959,1301,2877,2454,1260,3933,1766,2361,3766,4195,3687,2014,2347,2677,1445,1495,2111,1356,1149,843
MXAN_1478,574,432,378,1014,868,952,2277,1569,866,2554,1478,1901,3551,5141,4059,2217,2698,2840,1925,1821,2791,592,1421,975
MXAN_1479,293,213,303,537,370,511,606,449,238,808,540,749,1141,1162,1298,501,518,603,725,599,796,550,601,735
MXAN_1480,54,49,254,104,101,218,243,232,131,434,313,391,831,861,1171,365,459,493,540,560,585,372,533,594
MXAN_1481,153,94,182,247,203,550,328,211,170,515,255,462,630,547,528,317,299,320,320,199,279,376,257,269
MXAN_1482,188,118,207,319,260,479,389,276,143,1124,535,881,1594,1567,1804,706,608,649,965,664,721,486,748,795
MXAN_1483,76,71,141,137,106,166,206,196,73,268,235,267,222,265,331,117,116,128,157,140,118,122,106,118
MXAN_1485,27,28,59,46,30,57,73,81,31,154,149,107,177,352,395,114,113,105,162,240,145,299,222,197
MXAN_1486,15,20,108,70,68,52,93,201,35,197,187,150,90,170,203,63,57,69,69,101,67,69,75,79
MXAN_1493,229,219,262,340,306,396,593,681,286,1220,956,815,1122,1427,1338,570,629,642,603,585,728,352,444,288
MXAN_1495,52,79,197,109,143,179,373,438,153,466,338,301,348,436,576,185,210,246,170,196,222,179,167,132
MXAN_1501,56,37,168,65,74,81,158,157,61,213,135,158,357,408,488,327,306,310,312,314,213,168,280,266
MXAN_1504,357,269,439,502,482,1041,1205,1113,617,2019,1261,1644,1981,2112,2460,1010,966,980,960,801,1076,1398,948,746
MXAN_1505,7,15,77,20,32,36,41,57,21,91,67,64,74,81,135,36,38,37,29,32,45,63,36,28
MXAN_1507,36,21,117,69,51,54,97,90,29,216,112,176,107,156,191,78,85,55,63,79,92,93,75,85
MXAN_1508,85,75,304,179,160,141,299,409,121,610,405,604,250,367,531,135,165,150,135,173,176,123,170,157
MXAN_1509,32,26,97,49,31,61,88,124,59,895,558,689,220,204,227,165,193,238,136,147,158,62,119,106
MXAN_1510,756,550,634,1543,1243,1863,2484,2121,1040,7387,4801,6552,5314,5227,4561,2665,3165,3570,3099,2532,3694,837,2381,2857
MXAN_1511,547,416,501,1133,910,2226,1622,1043,851,6076,2492,5619,4887,4021,3942,2309,2133,2896,2342,1834,2944,1676,1798,2402
MXAN_1512,679,823,983,1081,940,1015,2106,2535,951,3216,2856,2172,3453,4902,4641,1755,2073,1932,2249,2814,2291,2561,2077,1662
MXAN_1513,14,12,16,25,24,51,42,37,25,73,50,83,176,156,163,89,90,97,96,92,103,63,82,65
MXAN_1514,10,15,46,47,28,72,45,34,27,73,67,84,237,227,217,129,134,143,214,215,171,171,162,177
MXAN_1515,25,24,40,63,49,122,83,53,26,88,44,131,275,160,145,130,115,154,186,88,74,61,113,220
MXAN_1516,1480,1372,1715,2456,2225,2446,4702,5219,1788,6055,5043,4398,4892,7073,7872,2964,3547,3466,2780,2918,3597,2550,2738,2373
MXAN_1517,80,48,122,111,95,139,180,200,88,331,269,295,321,457,494,219,241,266,217,246,265,201,187,210
MXAN_1518,131,167,285,240,232,367,546,689,263,817,676,589,845,872,950,399,421,415,455,412,500,747,420,429
MXAN_1520,413,364,454,705,788,1290,1881,1361,732,2000,843,1684,1955,1882,1847,1034,1054,1130,856,660,896,1333,942,1197
MXAN_1521,14,3,137,7,14,25,15,28,13,36,22,41,45,40,108,14,28,29,27,41,22,53,36,62
MXAN_1522,266,212,249,569,445,911,802,586,315,1359,876,1243,1797,1171,1097,725,655,795,1002,456,855,704,571,705
MXAN_1523,28,31,74,52,57,188,57,54,33,310,186,303,983,836,723,456,578,582,547,428,270,545,735,1152
MXAN_1524,601,570,907,932,740,1690,691,648,273,3090,2468,3040,6926,5583,4326,3530,3806,3250,4462,3515,1556,3165,4973,7598
MXAN_1527,447,407,448,923,926,1604,2060,1729,755,2527,1955,2429,3274,2935,3267,1577,1756,2076,1590,1183,2413,537,1118,1261
MXAN_1528,2706,2068,2280,5032,4787,7223,10953,9010,4178,13811,8975,11323,13403,13393,14678,6878,6950,8178,6722,5236,8954,4302,4763,5122
MXAN_1529,1983,1886,1789,4053,3261,3774,7881,6145,2895,9079,5338,6143,7208,8211,8560,3247,3670,4302,3538,3631,4693,994,2780,2755
MXAN_1530,538,513,469,1068,907,1070,2197,1568,825,2252,1338,1820,2330,2562,2722,1057,1350,1580,1310,1201,1675,202,947,751
MXAN_1531,98,130,172,151,162,220,403,454,177,518,410,362,607,860,1130,326,413,380,364,414,436,374,422,412
MXAN_1532,6622,4553,5394,11487,11427,18219,18664,18617,14657,43125,32711,32004,66684,77176,67582,35156,28659,26935,39954,23359,32977,35789,33866,44400
MXAN_1534,1017,909,1443,1449,1106,1669,2159,2062,737,4798,4337,3446,4893,6386,5900,2986,3156,3019,3306,3102,2451,3186,3659,3759
MXAN_1535,508,343,444,715,635,1052,1288,1008,570,1697,1228,1724,1545,1724,1650,975,970,1276,744,625,1016,497,601,514
MXAN_1536,313,263,309,743,510,668,806,684,313,889,739,851,935,1043,1216,494,566,583,528,525,745,578,587,575
MXAN_1537,266,179,290,486,435,660,673,504,201,801,622,716,862,1170,1357,551,630,626,638,515,719,966,682,666
MXAN_1539,135,101,163,475,406,854,566,454,284,926,531,891,1422,1154,1397,912,937,1156,744,635,865,817,909,902
MXAN_1540,12,7,55,30,14,12,30,26,20,39,26,26,38,56,65,18,17,25,39,43,24,11,39,22
MXAN_1541,1201,1130,1682,1580,1588,1584,4162,4314,1588,5411,4005,3543,2500,3473,4065,1561,1636,1552,1265,1321,1814,1854,1281,1036
MXAN_1542,202,248,364,413,280,211,671,668,210,955,1027,627,472,708,796,217,249,200,295,420,286,127,187,137
MXAN_1543,52,43,123,136,73,152,162,141,44,282,199,241,205,200,191,135,79,106,133,93,103,75,78,75
MXAN_1544,14,24,41,32,31,38,49,80,26,104,92,69,100,100,108,47,44,46,66,62,60,26,30,36
MXAN_1546,55,52,159,101,121,158,191,182,56,410,287,341,601,587,604,313,357,305,292,336,216,429,402,368
MXAN_1547,420,340,476,636,701,853,1548,1480,661,2394,1536,1696,1419,2267,2228,940,944,966,790,771,935,1112,848,475
MXAN_1548,115,125,166,215,155,286,318,280,82,458,303,369,373,366,418,260,252,234,187,179,225,189,204,137
MXAN_1549,522,417,517,691,778,1203,1787,1251,660,3466,1471,2249,2070,1875,1971,1275,1198,1190,891,636,974,980,869,736
MXAN_1550,78,68,178,122,154,397,305,296,136,586,348,580,811,607,809,483,522,505,436,259,457,490,356,346
MXAN_1552,253,205,299,330,234,480,272,325,108,1061,759,864,1505,1314,915,726,808,845,734,554,345,667,890,894
MXAN_1553,523,393,713,548,440,981,253,310,77,1954,1623,1524,3959,4577,3783,2349,2583,1975,2852,2998,1013,4774,3807,3683
MXAN_1554,10,9,221,10,12,23,11,25,7,52,67,58,145,190,206,90,124,64,122,147,36,304,178,200
MXAN_1555,47,42,132,68,76,48,79,144,34,236,435,155,222,357,380,111,150,81,154,222,83,719,280,226
MXAN_1556,190,147,280,349,261,398,487,412,167,717,864,745,930,1056,1000,640,588,510,827,728,537,620,725,675
MXAN_1557,35,23,163,67,79,136,125,70,48,191,138,185,344,360,421,163,167,196,276,228,215,211,198,324
MXAN_1559,67,61,155,83,122,94,132,262,44,342,378,203,304,498,490,174,202,84,227,337,136,420,405,233
MXAN_1560,395,256,421,712,581,967,1173,909,467,1494,1079,1369,2049,1817,1984,1003,1032,1145,1149,863,1198,643,970,1159
MXAN_1561,590,213,359,232,177,238,762,308,189,611,357,387,835,817,863,608,600,675,634,500,666,703,949,898
MXAN_1562,2309,1591,1733,2548,1785,2113,2168,1391,937,2118,986,1693,3114,2875,2525,1211,1149,1771,1924,1014,1629,619,2375,3759
MXAN_1563,3146,1969,2385,4849,4733,7845,6781,4163,2358,12993,8586,12669,13178,15581,15772,8868,7804,8396,8419,5430,8452,9062,10635,13559
MXAN_1564,39795,47928,62030,56422,42703,40251,55133,47920,18635,142530,146208,103726,71479,107022,108722,42562,45108,37515,45726,44365,38049,31562,76551,55400
MXAN_1565,607,411,643,960,797,840,2081,1748,716,2089,1312,1269,1612,2246,3205,947,823,867,1353,1195,1516,2408,1305,1183
MXAN_1566,252,210,387,555,487,674,985,691,386,845,462,668,1043,1044,1172,485,499,554,696,591,633,321,545,846
MXAN_1567,77,68,171,159,161,190,252,218,97,414,322,341,494,543,655,256,286,287,340,286,320,273,302,215
MXAN_1568,43,23,141,71,71,153,137,99,53,174,124,181,327,307,399,168,198,209,215,178,245,125,184,136
MXAN_1570,146,103,332,273,230,672,301,170,116,671,485,727,1254,931,792,601,632,569,718,514,332,904,921,1138
MXAN_1571,16419,10921,11699,28520,18359,20807,17184,8954,6399,13619,4101,10316,8793,8454,8307,4320,4015,4543,4010,2098,4342,1337,3476,4241
MXAN_1572,3355,3376,3096,5194,3452,3373,4179,2606,1639,2624,1035,2013,1638,1581,1846,867,847,1040,727,697,857,421,806,1016
MXAN_1574,141,115,227,210,204,240,397,459,194,586,483,440,621,636,732,269,273,334,318,344,380,240,320,290
MXAN_1575,23,21,181,32,25,78,30,52,21,132,74,71,188,178,171,82,81,68,114,109,44,194,159,193
MXAN_1578,178,58,247,190,122,195,534,271,199,87,124,139,134,96,116,47,52,52,53,41,55,39,56,68
MXAN_1579,32,35,146,69,58,150,131,107,67,192,114,178,255,316,357,126,161,132,189,173,178,452,166,170
MXAN_1580,428,353,585,855,723,1016,1185,720,369,1904,1006,1376,3588,2510,2328,1032,940,983,1617,1083,1100,942,1262,2361
MXAN_1582,18,17,129,37,40,176,98,107,76,186,102,189,403,258,301,150,166,204,236,123,254,174,144,200
MXAN_1585,32,24,158,46,62,47,113,109,33,140,283,110,124,272,379,77,106,45,105,175,116,231,154,139
MXAN_1586,347,293,635,483,572,781,1028,957,462,2006,1511,1379,2384,2885,2363,1527,1582,1190,1486,1325,919,4520,2379,2547
MXAN_1587,47,19,363,63,55,113,125,72,31,157,127,149,263,258,402,135,134,133,171,144,117,306,169,186
MXAN_1588,37,19,160,39,38,76,74,89,32,137,78,98,172,199,235,111,102,113,104,116,104,129,119,77
MXAN_1589,16,21,78,28,39,65,59,78,45,115,72,84,178,164,158,100,94,96,96,82,51,109,91,63
MXAN_1590,129,130,351,204,183,226,502,540,190,723,485,428,630,973,1075,417,423,416,426,429,395,467,436,250
MXAN_1591,381,283,981,1027,758,1429,956,600,464,2230,1030,1724,4566,4443,4346,2008,1665,1369,3120,2248,1469,2454,3211,2719
MXAN_1593,84,72,328,255,240,356,317,284,168,650,616,716,1340,1932,2268,711,762,555,1397,1283,781,1345,1689,1355
MXAN_1594,8,15,324,35,47,58,85,149,33,184,167,103,292,381,551,168,120,103,282,334,197,760,265,282
MXAN_1595,95,131,222,178,200,226,489,501,193,626,536,451,1066,869,1209,355,423,445,624,777,669,258,523,609
MXAN_1596,288,204,458,568,421,587,938,921,333,1422,1021,1176,1698,1874,2008,663,718,768,1046,822,1169,504,832,1202
MXAN_1597,204,178,494,605,462,710,1103,904,423,1236,1138,1090,2303,2698,3167,805,848,899,1706,1520,1941,2708,1448,1950
MXAN_1598,50,29,230,104,75,178,170,114,86,224,150,201,585,531,682,194,188,221,377,325,374,692,341,446
MXAN_1599,94,91,429,243,224,293,457,422,224,685,459,516,1145,1015,1241,455,445,413,664,572,709,893,502,469
MXAN_1600,152,139,434,315,270,350,665,548,284,854,462,722,1360,1198,1256,508,482,426,838,491,779,746,537,441
MXAN_1601,88,55,201,163,100,171,195,98,69,288,88,251,723,560,618,246,269,227,641,423,409,181,389,590
MXAN_1602,180,115,438,322,294,519,686,393,245,833,460,754,1537,1553,1687,658,563,610,1200,765,897,1016,836,1120
MXAN_1604,657,517,1105,1161,1017,1550,2035,1557,858,3194,2070,2526,4143,4190,4902,1821,1847,1721,2939,2775,2932,2796,2466,2797
MXAN_1605,206,146,489,380,381,734,648,549,334,1061,629,925,1636,1490,1636,707,652,659,1065,810,958,1294,731,877
MXAN_1606,350,278,460,600,472,502,874,764,334,1234,1073,910,1788,1986,2219,771,875,674,1512,1313,1175,827,1177,1331
MXAN_1608,155,101,414,339,248,319,474,412,242,631,356,467,951,1112,1339,375,390,381,766,699,564,705,623,692
MXAN_1610,62,39,121,138,101,228,199,130,84,210,123,213,635,572,669,296,275,302,554,455,385,713,458,495
MXAN_1611,37,37,126,107,75,185,133,75,49,157,56,191,397,214,278,128,144,173,240,154,180,64,159,188
MXAN_1612,902,718,985,2138,1531,1922,2910,1739,979,3158,1661,2809,4489,4198,4434,1917,1932,1884,3082,2421,2267,1631,2244,2578
MXAN_1614,23,21,205,43,43,95,114,94,40,128,100,124,348,319,420,130,132,176,249,237,221,201,216,256
MXAN_1615,151,116,386,322,267,323,500,574,190,700,915,603,876,1205,1505,380,462,294,868,836,649,911,724,672
MXAN_1616,373,226,548,782,744,1173,1151,1093,479,1623,1749,1672,2187,2613,3208,1075,1148,1146,1281,1344,1718,2288,1312,1274
MXAN_1617,690,855,908,1223,1852,1529,2700,4085,1603,2460,3098,1834,3930,6701,11598,2319,3072,2695,2412,3160,4079,2714,3603,4402
MXAN_1618,1557,1792,2005,2194,3151,1737,5252,7286,3976,6259,6445,3210,3593,7414,8524,2147,3078,3006,1517,3023,3089,1895,3082,2358
MXAN_1619,120,95,236,201,163,252,540,568,195,590,504,466,609,674,813,294,371,352,416,388,371,283,303,243
MXAN_1620,78,59,387,147,109,195,245,236,120,366,243,322,538,606,766,271,275,281,267,315,408,299,284,259
MXAN_1621,116,70,155,206,195,640,355,190,150,470,116,500,1452,905,1137,459,413,699,870,595,872,334,464,759
MXAN_1623,4023,2406,2670,7242,5330,8408,8458,5189,2685,17139,6655,11749,19043,15415,13814,6808,5734,6105,7099,4788,6954,3336,5211,6692
MXAN_1624,1253,801,963,2270,1726,4285,3324,2191,1197,6488,3098,5086,9177,5698,5514,3283,2845,3800,3696,2061,3593,860,2184,3443
MXAN_1626,97,76,170,208,179,291,371,256,118,498,555,469,506,594,612,303,254,241,284,225,350,173,216,173
MXAN_1627,1978,1023,1381,3070,3505,5408,6543,6440,3331,11999,10547,11373,10589,8799,7369,4241,3724,4298,3944,2138,4992,2610,2648,2543
MXAN_1628,40,45,91,82,70,159,58,71,42,326,304,362,573,534,652,278,282,361,325,274,389,142,268,250
MXAN_1632,701,571,1095,1369,1127,1624,2332,1850,983,4633,2583,3048,7305,7435,7226,3896,3222,2455,6059,4568,3313,10504,6523,6604
MXAN_1633,302,277,386,544,509,584,1266,1131,569,2041,816,1488,2092,1709,1811,956,917,797,1331,1008,763,1875,1415,1522
MXAN_1640,53,48,287,95,116,167,251,276,102,297,252,293,365,424,599,234,253,317,173,186,303,154,174,180
MXAN_1641,14,18,120,33,23,15,61,127,30,76,105,54,76,141,182,27,51,63,46,105,133,52,47,67
MXAN_1643,196,122,172,242,200,164,253,197,65,256,183,149,190,321,399,102,114,94,112,148,159,184,177,140
MXAN_1644,871,535,748,1508,1188,994,1294,778,286,1028,1152,711,1262,1566,1895,541,511,351,800,870,787,1005,819,752
MXAN_1645,56,39,144,89,77,161,85,76,46,160,91,162,344,457,583,186,207,200,237,225,275,505,253,363
MXAN_1646,54,80,185,99,111,122,154,241,60,341,344,322,444,535,470,198,258,200,250,228,193,242,315,282
MXAN_1647,94,69,182,161,118,176,287,234,86,454,355,350,579,654,612,258,227,266,367,287,341,394,331,402
MXAN_1648,47,30,96,95,77,119,207,204,87,236,179,239,323,352,576,113,171,216,206,208,354,61,96,122
MXAN_1649,11,8,184,14,20,52,28,24,7,112,67,82,224,210,229,134,133,92,132,101,58,65,92,123
MXAN_1650,864,1202,830,1404,2337,3142,862,2238,653,11041,9036,7998,54931,59767,46987,33196,29629,27475,24946,20317,12018,73567,50086,97455
MXAN_1651,725,532,565,1073,1014,1367,2022,1741,921,2568,1619,1968,2881,1877,1610,1050,1047,1343,791,458,1053,176,587,799
MXAN_1652,164,171,267,264,274,326,597,674,236,848,834,705,898,1182,1242,535,605,640,538,587,718,1452,513,401
MXAN_1653,14,18,95,38,27,67,49,57,23,76,91,58,106,124,143,42,42,49,52,44,44,77,45,62
MXAN_1654,48,67,125,91,110,111,220,353,87,270,377,215,296,334,418,148,128,101,181,177,183,286,153,190
MXAN_1656,20,24,73,28,21,34,48,61,19,90,99,85,83,127,124,84,85,65,47,41,52,92,69,70
MXAN_1657,48,41,85,92,92,87,203,259,144,388,575,312,310,437,426,211,214,178,173,187,178,126,271,142
MXAN_1659,56,31,95,38,66,62,164,215,72,206,162,116,145,261,270,118,86,86,110,101,123,128,86,44
MXAN_1661,7,6,50,18,7,29,30,25,11,45,35,51,63,57,69,44,37,37,25,16,29,23,32,40
MXAN_1663,55,43,103,109,87,150,170,210,97,336,320,279,463,675,731,228,221,185,304,370,314,240,275,401
MXAN_1665,51,29,122,64,40,59,102,71,36,129,125,130,140,186,232,83,88,101,107,118,97,86,105,98
MXAN_1666,7,4,90,6,10,17,34,15,6,42,18,31,52,37,63,27,20,19,20,23,22,35,18,23
MXAN_1667,107,77,227,126,134,237,299,310,185,507,293,420,579,602,811,249,263,236,430,384,369,268,276,357
MXAN_1669,7,2,36,9,12,10,28,28,9,30,22,26,28,43,43,20,21,18,26,24,28,27,20,16
MXAN_1671,1623,1167,1235,2992,3075,4177,9247,6908,3130,6735,3600,6290,6929,6664,7019,3249,3312,4901,2473,2264,4068,749,1861,1674
MXAN_1672,174,250,232,283,334,412,407,433,166,1451,854,971,2144,1466,1581,699,929,802,805,956,603,104,830,1217
MXAN_1673,92,147,305,245,166,238,408,376,167,778,564,528,1102,923,1153,335,333,330,649,679,579,143,416,508
MXAN_1674,19,28,79,105,160,310,159,188,68,524,476,600,659,526,743,300,294,415,300,235,366,179,204,315
MXAN_1675,153,177,375,899,1054,1907,1196,997,535,3907,2426,3561,2572,2603,2886,1059,1096,1437,1123,977,1370,491,864,1007
MXAN_1676,316,375,494,1498,1781,2151,2142,2881,1282,6357,3469,4863,4045,4681,4162,1643,1772,1833,1810,2187,2105,1162,1151,753
MXAN_1677,10,18,154,36,69,53,92,182,32,178,264,107,212,277,308,85,97,83,96,154,89,193,127,88
MXAN_1678,439,440,445,526,549,810,1026,1348,534,4030,2947,2686,2744,2405,2209,2357,2501,3335,857,864,1320,287,733,590
MXAN_1679,20,39,140,53,64,71,103,156,56,201,162,133,186,305,376,110,127,105,164,177,189,408,152,137
MXAN_1680,6,4,83,19,26,52,21,35,15,61,22,53,101,77,136,34,40,44,68,61,68,29,46,76
MXAN_1681,14,6,127,12,10,11,27,52,14,49,27,28,38,39,75,17,11,20,19,25,22,29,23,23
MXAN_1683,14,12,160,25,31,51,42,39,24,71,102,95,82,80,109,40,41,40,40,30,50,25,34,38
MXAN_1684,80,67,137,166,115,189,232,152,64,437,239,322,414,357,375,223,166,135,256,189,194,140,187,190
MXAN_1686,46,16,139,50,53,67,97,74,40,165,108,155,184,186,242,89,114,83,122,131,105,75,99,92
MXAN_1689,109,69,194,188,155,258,728,420,366,2966,1052,5212,7362,7197,8232,2381,2660,3622,2312,1375,3996,290,823,364
MXAN_1692,30,19,60,82,51,69,89,56,38,129,75,143,237,261,245,72,67,114,235,116,183,133,93,194
MXAN_1693,175,133,293,416,319,397,749,548,339,1099,657,844,1515,1581,1638,422,431,467,1133,801,901,477,650,921
MXAN_1695,21,17,347,55,35,102,111,70,32,249,128,207,263,160,271,183,169,133,336,228,133,530,293,342
MXAN_1697,114,133,228,246,301,337,438,389,222,206,111,222,216,236,312,178,240,227,124,123,81,244,533,707
MXAN_1700,163,134,255,214,262,250,652,722,240,817,784,591,686,1050,1188,314,295,271,431,480,492,434,278,295
MXAN_1701,2,8,135,6,11,13,22,38,11,47,42,35,40,43,98,15,20,21,11,29,16,29,25,29
MXAN_1703,3,4,59,4,5,1,6,15,4,12,17,4,11,15,30,6,8,7,10,13,4,7,11,3
MXAN_1706,57,93,213,128,112,126,165,202,95,506,346,347,467,794,903,308,345,293,242,341,218,410,282,246
MXAN_1707,14,6,84,18,23,56,35,22,20,110,65,82,184,212,285,115,103,113,85,67,95,70,61,121
MXAN_1708,54,39,124,82,74,113,117,134,56,329,228,222,533,891,1130,348,335,341,270,317,229,386,331,376
MXAN_1709,163,158,239,291,241,468,207,253,110,1192,968,1008,2490,2603,2345,1080,1090,1048,1566,1379,1017,1231,1286,1136
MXAN_1710,324,308,519,612,538,1430,484,604,291,2979,2077,2651,7399,6499,6599,3124,3007,3332,4565,3813,3259,4987,3701,4851
MXAN_1713,4,1,78,8,14,24,14,24,9,36,38,27,42,64,89,22,28,30,28,38,27,67,35,44
MXAN_1714,40,38,101,70,39,33,93,95,43,112,113,84,81,169,221,37,51,51,47,86,89,75,58,53
MXAN_1718,45,57,114,103,83,46,213,323,72,239,482,170,198,347,371,105,121,72,135,202,128,150,117,94
MXAN_1719,16,9,69,13,9,19,22,28,16,45,24,22,59,35,60,17,16,33,23,23,25,33,23,31
MXAN_1720,78,115,240,98,133,67,265,567,125,349,622,214,230,712,959,176,202,133,189,543,207,577,359,331
MXAN_1726,64,39,155,109,73,138,164,147,49,274,288,219,332,361,397,155,167,148,215,177,174,194,204,187
MXAN_1728,34,14,103,49,42,73,90,53,34,91,65,102,131,141,166,67,75,59,112,87,62,94,70,112
MXAN_1732,1696,1550,1959,3185,2774,3264,5196,4274,2333,7679,5066,5494,7084,8610,9747,3209,3560,3439,4237,4506,4458,4314,4705,5483
MXAN_1733,65,64,321,107,116,112,151,184,66,300,250,266,646,1001,1142,798,741,645,501,569,310,792,1354,1082
MXAN_1735,52,42,158,104,73,129,158,140,92,186,62,108,165,150,217,61,51,82,69,73,81,32,49,59
MXAN_1736,1,6,144,6,2,6,6,17,6,24,22,17,37,63,97,18,28,22,26,35,11,74,53,56
MXAN_1737,331,318,509,531,456,334,1189,1454,407,1510,1379,874,986,1456,1691,453,533,353,707,908,526,1288,715,487
MXAN_1741,15,12,125,39,52,105,94,123,45,95,49,114,68,67,104,25,22,45,20,17,24,17,22,24
MXAN_1742,106,126,127,208,232,518,459,345,183,504,374,547,894,681,701,394,431,512,374,350,347,236,276,305
MXAN_1743,326,323,271,639,634,981,1065,705,450,1498,572,1307,1503,1213,1236,677,706,939,609,450,571,216,562,615
MXAN_1744,1337,1168,1041,2480,2100,2812,3840,3009,1880,5925,3208,4905,5317,4595,4689,2660,2688,3202,2094,1834,2354,1268,1795,1876
MXAN_1745,1001,1748,1791,1601,2559,1810,4917,12868,2381,7663,13710,5052,6474,12029,17127,3025,3716,2965,3971,10674,4565,29563,6090,5504
MXAN_1746,166,151,305,376,294,366,607,635,221,970,820,714,895,1111,1185,478,496,399,822,665,529,519,542,622
MXAN_1748,8,13,32,13,10,10,26,43,17,28,10,22,49,43,69,24,27,20,16,22,30,26,25,27
MXAN_1751,13,13,34,37,22,78,39,40,29,111,70,96,375,454,462,277,250,187,338,326,176,1170,625,763
MXAN_1752,93,65,148,165,121,378,194,188,97,508,307,499,1745,1523,1324,953,1036,883,1442,1049,605,1823,2225,3143
MXAN_1754,24,14,38,52,49,50,49,50,25,54,57,50,73,55,87,23,32,26,32,32,27,12,32,40
MXAN_1756,33,38,92,71,53,55,187,175,58,114,103,88,89,140,155,31,37,29,58,57,59,12,45,72
MXAN_1757,7,9,31,11,7,13,22,24,12,27,21,19,30,31,63,10,12,15,15,26,18,9,12,14
MXAN_1758,11,24,66,46,45,73,98,109,51,95,135,110,156,213,338,54,83,91,107,157,124,161,94,131
MXAN_1759,22,34,42,34,36,45,77,42,20,82,37,71,119,110,85,51,67,70,48,37,63,6,43,38
MXAN_1766,80,94,91,168,189,216,373,420,153,522,637,439,788,1064,1341,346,298,291,623,620,484,666,564,534
MXAN_1769,65,57,96,125,104,146,183,131,69,168,123,168,201,175,232,75,131,135,106,95,130,88,125,120
MXAN_1774,23,20,39,42,30,57,36,66,21,181,106,129,266,191,254,80,93,85,104,75,123,58,63,81
MXAN_1775,36,28,35,76,68,80,71,129,49,352,263,215,458,502,539,176,124,135,253,195,220,485,174,195
MXAN_1776,208,187,192,470,458,653,284,424,147,1857,901,1350,3405,3399,3328,937,1006,984,1783,1515,1570,807,952,1289
MXAN_1777,262,241,281,788,666,879,422,832,258,2633,1810,1944,3530,5835,5574,1343,1204,1255,2055,1966,2038,1779,1420,1543
MXAN_1788,35,59,133,89,93,97,304,241,109,303,372,274,539,804,988,173,167,171,628,706,575,1007,480,711
MXAN_1789,31,15,186,57,59,95,163,125,74,181,119,158,471,538,679,136,151,158,444,433,415,215,303,538
MXAN_1790,9,4,107,24,26,49,53,58,23,56,52,75,190,270,372,83,90,99,212,175,189,122,172,270
MXAN_1791,12,19,105,35,27,37,73,90,35,94,81,83,181,207,259,76,75,61,141,135,147,124,68,101
MXAN_1792,25,15,94,62,52,103,118,112,42,118,76,116,321,253,266,107,104,126,204,122,167,60,83,191
MXAN_1793,70,68,131,197,157,149,346,314,124,311,384,312,485,553,643,148,200,197,334,405,346,110,254,282
MXAN_1796,4,7,61,17,17,14,31,27,7,16,24,20,30,34,70,12,15,10,9,11,16,15,5,17
MXAN_1800,9,8,56,22,14,25,35,32,18,54,52,48,82,62,74,17,37,44,49,35,32,2,33,63
MXAN_1801,3097,3383,4126,5313,4552,3130,8176,11730,2878,13293,18970,9031,12803,22489,24348,6249,6267,4328,11487,14553,9035,10861,11039,8908
MXAN_1805,893,782,958,1696,1363,1247,2816,2720,936,3547,4435,2548,3861,5457,6638,1575,1666,1309,3473,3792,2551,1782,2534,2104
MXAN_1807,325,318,330,675,673,498,1594,1500,550,1861,1736,1268,1779,3126,3161,895,949,639,1769,1679,1370,2361,1352,1317
MXAN_1808,6313,6258,7655,11684,8478,7027,21287,22218,6572,27626,19450,16586,21890,32615,35705,10082,10802,8103,15541,19136,12980,6739,13075,11416
MXAN_1810,192,119,202,354,262,666,856,475,406,1065,528,853,1787,1724,1756,564,492,548,1105,927,978,552,651,514
MXAN_1813,280,537,698,622,561,308,1267,1872,579,1256,1309,841,786,1551,1907,294,425,396,394,814,490,372,488,402
MXAN_1814,4,1,19,4,6,14,10,13,2,33,14,23,46,40,45,12,26,9,14,10,10,34,12,26
MXAN_1816,20,30,115,13,17,27,20,26,4,135,219,93,170,277,187,166,187,70,132,236,33,449,196,150
MXAN_1819,6,4,25,14,19,21,34,40,13,42,52,52,35,52,64,19,19,16,18,20,20,67,9,4
MXAN_1831,3,13,39,5,15,4,23,40,17,24,25,13,16,18,36,8,6,2,8,20,15,18,10,5
MXAN_1833,18,11,62,26,21,41,37,34,26,42,45,46,69,70,63,31,21,17,25,17,38,15,19,14
MXAN_1839,7,3,104,6,6,9,16,18,4,21,14,13,31,32,44,14,8,7,8,22,14,14,9,19
MXAN_1850,145,123,424,250,286,285,554,746,251,720,832,596,658,1021,1024,350,360,338,388,448,427,1285,516,504
MXAN_1851,9,11,142,20,18,18,28,38,9,35,30,33,57,52,77,18,34,34,23,35,20,22,32,45
MXAN_1862,10,9,122,16,9,16,19,26,5,33,18,26,45,26,57,18,15,28,14,17,18,11,23,23
MXAN_1863,4,1,91,16,16,10,29,27,7,30,19,23,32,23,65,8,11,10,17,12,10,15,16,27
MXAN_1866,5,0,146,9,2,11,6,14,4,18,13,9,21,22,75,6,5,8,13,8,13,24,17,29
MXAN_1868,22,11,311,36,23,31,35,73,25,52,50,41,71,100,200,35,56,40,59,67,46,97,57,94
MXAN_1872,3,5,120,5,3,10,15,33,7,21,12,17,25,23,88,15,10,8,18,19,10,20,18,23
MXAN_1874,20,6,119,19,13,17,35,50,20,57,18,40,46,40,70,21,29,38,32,32,29,14,18,27
MXAN_1875,4,6,67,9,11,17,22,16,16,24,18,21,45,28,68,15,18,35,20,34,26,19,15,22
MXAN_1876,7,3,52,16,5,17,16,10,7,21,3,16,22,14,31,6,8,8,7,12,11,9,5,10
MXAN_1877,7,4,120,13,9,16,36,16,11,26,9,28,25,45,81,10,9,12,18,22,18,13,17,30
MXAN_1878,11,12,67,19,10,11,37,15,12,20,20,11,33,21,36,3,5,7,11,10,11,9,8,13
MXAN_1883,264,288,976,462,474,386,1022,1416,411,1193,1258,887,942,1553,2033,472,630,642,525,725,736,695,598,487
MXAN_1884,116,91,233,175,198,305,372,400,165,619,419,465,539,542,615,236,197,238,224,165,242,206,141,215
MXAN_1887,287,287,620,376,440,370,1092,1382,473,1561,1192,1071,887,1188,1539,439,431,373,424,578,502,724,375,352
MXAN_1888,101,121,224,145,190,136,504,581,241,621,577,433,339,595,657,128,177,129,199,235,246,276,143,119
MXAN_1890,1519,1625,2299,3102,4620,4575,10250,14233,4647,12567,15258,9481,13258,20453,22447,5073,5279,4693,6964,9565,7900,17960,8821,7593
MXAN_1892,50762,39165,57743,104582,98312,131779,259774,188107,82325,295391,219715,255684,343150,501845,546886,128332,128358,121343,206728,223317,202036,267616,195767,156992
MXAN_1894,915,748,1065,1996,1553,2819,3657,2684,1518,5976,4023,5221,9492,9270,8989,3668,3755,3927,6980,5452,5888,2756,4659,5462
MXAN_1895,101,97,115,258,190,285,675,271,258,572,167,534,734,485,647,217,214,247,431,329,478,47,209,203
MXAN_1896,3301,2867,4164,5902,4988,6704,11534,12876,5328,20157,19883,17679,23928,36148,37390,11984,12634,11207,15938,17074,13787,31859,17214,15423
MXAN_1897,969,913,1107,1276,928,903,2737,2913,1396,4817,3488,2801,2946,5295,5384,1594,1607,1104,1986,2727,1522,3022,1928,899
MXAN_1899,1315,1860,2144,1987,2283,1388,4558,7137,1937,6554,7604,4206,3856,6960,8385,1858,1945,1376,2479,4012,2262,4848,3024,2132
MXAN_1900,238,280,289,269,267,326,570,712,303,864,662,718,852,849,939,338,294,301,403,476,343,603,342,241
MXAN_1903,453,171,240,824,575,2130,1443,898,952,2652,1183,2359,4022,4133,2907,1328,1097,1340,2070,1548,1686,1432,853,1251
MXAN_1904,1145,1484,1680,1885,1242,1164,2173,2960,1013,3343,3020,2085,3058,5190,5060,1484,1674,1379,2305,3077,1436,5610,3020,2986
MXAN_1905,2992,4212,5784,6274,4436,3500,6480,9594,2362,9316,11619,6900,7325,13187,12691,3541,3619,2536,5565,7908,3635,3892,4892,4005
MXAN_1907,1104,1150,1504,2262,1803,1845,3328,4138,1364,4572,4404,3429,3157,4825,4912,1532,1495,1328,2093,2376,1742,1939,1609,1142
MXAN_1909,13,19,38,30,35,76,72,55,26,91,99,111,215,174,245,97,107,111,119,105,125,153,68,96
MXAN_1910,23,14,32,46,50,117,67,42,21,97,51,128,238,194,225,139,166,161,150,139,125,144,156,169
MXAN_1911,62,103,86,112,108,184,247,178,95,331,144,261,426,384,453,246,241,266,241,199,259,322,289,251
MXAN_1914,50,37,75,114,90,284,172,106,59,289,150,281,574,558,639,344,375,344,411,312,319,443,371,374
MXAN_1915,110,129,136,191,159,302,391,523,173,738,478,528,878,1026,1098,582,589,537,567,523,432,745,568,524
MXAN_1916,279,225,281,592,506,1177,986,870,496,1687,1079,1567,3256,3664,3977,2059,2185,2172,2304,2114,1896,2103,2523,2300
MXAN_1917,774,664,721,1319,1201,1669,2382,1815,1157,3840,2261,2836,5082,5542,5440,2901,3025,2627,4081,3331,2525,4517,4537,4757
MXAN_1918,62,51,72,109,85,111,178,161,115,267,169,179,292,556,646,195,215,198,282,329,242,653,369,234
MXAN_1919,707,577,710,1410,1175,1724,2533,2004,1166,3381,2288,2643,5222,5878,6327,2529,2789,2735,4024,3598,3618,5431,3528,3892
MXAN_1920,30,40,26,108,88,119,164,46,71,154,56,159,300,253,268,148,182,212,251,243,199,48,188,213
MXAN_1921,153,136,186,262,271,537,475,479,271,727,395,563,1578,1478,1901,767,844,836,1084,1108,965,845,1118,1227
MXAN_1922,761,735,931,1571,1318,1914,2931,2664,1081,3837,2917,2885,6620,7849,9059,3441,3821,3465,5186,4817,4543,3290,4849,4613
MXAN_1923,288,277,371,610,522,808,1048,1049,418,1418,1380,1152,2900,3101,3880,1391,1703,1526,2326,2254,1997,2198,2127,2177
MXAN_1924,456,363,422,895,623,869,1271,1217,437,1681,1515,1326,2499,3380,3438,1252,1422,1510,2099,2166,1910,1928,2032,2277
MXAN_1925,1463,1234,1293,2752,2134,2732,3458,2883,1289,5391,3261,4478,6374,7241,7651,3292,3747,3833,4542,3849,4607,2127,3997,4153
MXAN_1927,451,436,644,932,952,1289,1912,1760,842,3120,2539,2382,3957,5154,5609,2063,2034,1741,2630,2654,2625,4680,2469,2398
MXAN_1928,338,400,561,726,907,1063,1532,1534,612,2656,2359,2026,3602,4212,4794,1722,1694,1509,2200,2330,2341,4011,2368,2063
MXAN_1929,1357,1285,1645,2255,2404,2687,4568,6596,1811,9065,10951,6200,11639,17806,16697,6718,6986,4750,9086,10757,6035,26151,13457,12136
MXAN_1930,69,73,64,136,145,350,215,198,95,320,183,330,477,556,640,314,369,401,271,257,398,208,294,282
MXAN_1931,993,1499,1552,1815,2861,1926,5633,6856,2252,7459,6315,4739,5710,10008,10732,3027,3607,2741,2701,3834,4092,4649,4587,2416
MXAN_1933,934,647,794,1976,1548,2420,2736,2385,1000,4047,3250,3391,4955,5878,6451,2672,2569,2634,3626,3226,3417,2232,3233,3503
MXAN_1937,3034,2051,2160,5524,4317,5587,11053,12482,4716,11966,17199,9976,14905,32722,33530,13247,17339,17585,10527,16968,18666,17641,11372,4897
MXAN_1941,1287,1009,1082,1940,1956,2615,4192,3575,1833,7903,3940,5255,6032,6731,6004,3369,3589,3728,2541,2065,3002,1512,2920,2257
MXAN_1942,2201,1748,2198,5036,4261,5880,9743,7250,3761,10088,6699,7899,13281,13150,13416,6207,6080,6022,9701,7758,7534,6544,7835,7853
MXAN_1943,293,211,293,431,382,717,773,646,333,1121,701,1088,1488,1339,1394,770,828,1080,626,551,912,365,593,559
MXAN_1944,1020,740,978,1772,1438,2001,3378,2787,1201,4190,2974,3554,4092,4149,4030,2357,2460,2656,2290,1968,2309,1571,2139,2167
MXAN_1945,98,54,110,159,135,228,242,188,128,395,278,319,484,698,712,327,346,347,334,371,402,388,352,355
MXAN_1947,450,368,439,782,543,1061,1105,992,506,1863,1073,1557,2217,2348,2363,1315,1392,1476,1447,1171,1358,971,1452,1429
MXAN_1948,1813,1514,2001,3742,3625,5441,6186,5222,2493,12113,8740,9945,19009,20533,21715,9211,9499,9005,12332,10391,11781,12980,11459,11793
MXAN_1949,68,44,94,136,101,183,163,163,77,389,224,312,573,642,691,342,321,364,368,322,404,297,303,351
MXAN_1951,15,12,35,19,31,29,65,66,27,81,92,51,78,143,177,45,39,24,57,78,40,285,103,76
MXAN_1953,214,253,273,369,374,346,783,939,313,1141,1089,857,985,1688,2025,595,828,676,757,902,904,371,781,512
MXAN_1954,14227,11315,12404,22517,15392,16632,23650,20173,9894,31794,19730,21917,20168,23020,22959,9568,9580,10207,11805,9815,13547,17494,12639,14288
MXAN_1955,1320,1235,1446,2923,2188,1864,3494,2537,981,3002,2206,2029,1793,2439,2873,954,1115,923,1172,1535,1280,984,1546,1003
MXAN_1956,329,225,306,732,720,695,963,721,328,1075,604,727,821,1012,1153,436,477,427,413,418,574,1351,618,591
MXAN_1957,35,50,97,105,102,81,142,113,27,132,87,96,72,73,90,53,54,62,28,34,31,59,53,54
MXAN_1963,150,125,225,348,269,449,535,288,215,741,299,532,1092,866,932,415,400,481,606,431,570,305,370,476
MXAN_1965,336,343,536,754,833,1141,1465,1249,588,2503,1915,2311,3170,2848,2926,1524,1397,1322,1551,1197,1450,3197,2134,2356
MXAN_1966,247,151,216,375,290,918,403,314,167,954,644,937,1879,1428,1184,863,694,802,1030,615,733,1766,1101,1443
MXAN_1967,303,388,575,569,681,1229,232,273,115,2037,1940,1929,9848,7733,6570,4234,4255,5116,4500,3646,2106,4432,7617,12862
MXAN_1968,102,73,298,127,212,311,399,355,221,295,273,299,420,531,527,278,290,296,265,263,228,657,265,323
MXAN_1969,215,178,270,323,273,608,710,512,356,445,319,483,519,465,492,297,388,504,229,200,272,97,181,184
MXAN_1970,131,111,306,250,233,361,865,1060,360,633,593,578,3930,5402,4901,528,731,1047,923,987,1530,407,461,758
MXAN_1973,101,58,231,217,184,549,313,219,158,504,427,635,1691,1375,1349,688,759,785,992,664,780,886,1111,1572
MXAN_1975,4,6,22,14,19,55,23,24,10,51,36,53,258,208,159,178,214,122,141,108,56,693,566,528
MXAN_1976,82,54,144,190,147,244,241,186,115,383,236,333,528,537,758,221,258,299,414,315,458,180,213,250
MXAN_1977,572,355,499,1134,835,1427,1647,1255,754,2683,1929,2389,2802,3521,4368,1435,1466,1547,1852,1527,2476,1529,1433,1214
MXAN_1978,1235,927,1258,1858,1371,1691,2963,3010,1186,5511,4807,4096,5303,7126,5727,3386,3417,2717,2979,3124,2642,2535,3322,1932
MXAN_1979,437,297,429,723,699,1095,1553,1283,589,1820,1115,1486,2110,2168,2282,1238,1220,1326,1098,903,1277,516,941,749
MXAN_1980,29,17,66,51,47,83,83,65,38,125,59,117,164,161,204,108,90,124,83,79,125,69,87,99
MXAN_1981,195,166,533,224,313,1113,232,256,135,1120,736,1083,3215,2468,2020,2033,1846,1739,1059,840,587,4045,3490,4151
MXAN_1982,20,19,58,29,32,82,59,79,34,174,104,117,282,181,202,112,120,159,110,97,125,41,109,75
MXAN_1984,148,154,302,300,348,665,785,740,363,1186,781,908,1766,1660,1868,995,911,903,1026,798,995,1676,958,957
MXAN_1986,133,114,210,196,248,276,391,547,182,699,670,509,571,678,689,297,282,296,283,304,350,329,270,176
MXAN_1987,44,46,121,136,110,227,184,152,67,295,205,307,522,449,605,233,294,266,361,288,368,344,312,303
MXAN_1991,500,350,474,942,793,1030,1831,1428,552,2633,1960,1882,2431,2802,2903,1286,1184,1113,1653,1268,1384,1994,1477,1359
MXAN_1992,1584,1225,1518,2434,2295,2642,5388,4983,2006,7506,5100,5065,4103,5639,5513,2720,2817,2859,1936,1738,2654,2924,1839,1074
MXAN_1994,765,548,486,1246,1439,2484,3463,3170,1263,3629,4738,4110,4666,6553,6198,3151,3809,4797,2415,2336,4075,513,2466,2066
MXAN_1996,262,231,375,412,487,878,942,1107,346,1428,1376,1310,2238,2197,1922,1194,1248,1307,993,782,923,918,1284,887
MXAN_1997,67,79,163,144,184,180,385,322,119,382,470,329,513,654,927,224,353,298,307,412,394,373,368,226
MXAN_1998,1163,861,954,2140,1838,2206,3830,2230,1383,4770,2632,3973,4703,5338,5662,2570,2665,2582,3265,2438,2942,1575,2954,3218
MXAN_1999,168,196,246,404,574,576,969,828,326,1203,1476,981,1669,2722,3458,908,1024,830,1316,1978,1466,5729,1745,1619
MXAN_2000,1302,1175,1318,2823,2326,3003,4535,3891,2071,5911,5081,4893,9268,11709,12886,4552,4943,4634,6934,6901,6449,6813,6793,7940
MXAN_2001,2016,1565,1776,4132,2882,3999,6036,5090,2215,7861,5615,6717,10153,12184,12051,5141,5298,5354,7259,5794,6054,3784,5866,6468
MXAN_2002,506,395,465,1175,1051,1812,1952,1920,1218,2968,2219,2603,4545,6747,8302,2713,2898,2515,2816,3345,3134,7500,3624,3545
MXAN_2003,30,37,62,50,59,134,143,141,85,210,184,178,464,458,687,239,278,240,323,379,271,1233,361,342
MXAN_2004,180,110,199,310,290,714,503,309,197,595,565,625,1190,1094,1091,540,587,740,559,405,640,321,491,688
MXAN_2005,294,202,307,500,502,839,1060,905,372,1738,1056,1126,1514,1844,1554,878,846,980,707,489,798,2193,812,708
MXAN_2010,124,93,200,290,218,275,365,277,126,379,277,362,478,574,558,208,252,267,274,218,370,197,248,292
MXAN_2013,5524,3767,3493,11744,12979,13411,23187,16336,7446,32983,19135,25496,22760,29765,27314,13304,13595,17143,6546,5682,12447,3137,5401,4432
MXAN_2014,6994,7121,9242,13131,9428,7880,14270,16896,4549,19702,28346,14128,15098,21728,25700,8771,10646,9378,10728,22917,8425,6237,21038,23024
MXAN_2015,12664,7799,10197,23738,18382,18968,26304,23692,8978,36156,22567,27920,40261,61994,57534,20871,22654,21030,30463,24211,23573,48468,37221,49412
MXAN_2017,15079,10680,12652,27675,18919,24548,33045,28295,12027,51280,35666,36863,52510,65867,61415,27012,26119,26047,32779,31706,30531,30017,31846,35095
MXAN_2019,29,22,63,63,83,110,109,124,52,220,166,227,367,379,393,179,171,185,199,186,232,140,159,154
MXAN_2020,2,2,50,6,8,40,19,20,9,27,24,37,81,100,102,44,39,59,50,48,72,38,49,47
MXAN_2021,13,2,42,16,19,29,26,15,11,27,19,33,43,55,65,28,39,33,26,39,23,27,36,33
MXAN_2022,78,112,129,116,177,331,286,407,191,454,400,386,698,880,1164,388,442,457,438,520,553,510,573,586
MXAN_2023,20,20,19,45,58,109,72,78,41,160,69,129,213,235,313,148,159,130,145,139,162,216,162,154
MXAN_2024,3267,2455,3050,5831,4283,5844,8146,8348,3166,10738,8463,8519,7990,9070,8721,4429,4318,4356,4580,3278,5683,2174,4545,4202
MXAN_2025,353,294,387,765,584,1072,1256,1108,478,1707,1113,1413,2537,2801,2871,1272,1325,1472,1780,1523,1635,2639,1491,1905
MXAN_2026,1041,729,845,1654,1324,2912,2180,1230,879,4701,1560,3724,5223,3177,2734,2426,2052,2296,2538,1380,1608,2477,2795,3932
MXAN_2027,22,20,48,47,40,62,84,54,39,67,60,74,128,111,138,57,69,119,54,47,77,36,47,35
MXAN_2028,116,142,206,187,223,361,531,486,192,601,478,622,685,763,837,423,492,596,341,280,524,214,257,151
MXAN_2029,131,94,252,211,231,246,406,448,141,696,541,510,519,666,867,320,359,320,360,323,341,287,348,257
MXAN_2031,395,423,634,636,679,1030,1340,1340,472,2172,1972,1894,3132,3236,2517,1630,2051,2230,1544,1327,835,1556,2356,2343
MXAN_2032,160,181,274,244,313,331,710,685,265,756,512,647,703,940,1150,353,528,591,293,381,520,547,355,238
MXAN_2034,80,61,156,125,128,200,237,199,84,361,282,315,452,422,564,215,217,191,255,201,253,481,290,234
MXAN_2035,2591,1536,1333,4623,3390,5492,4979,3382,2278,7003,3443,5716,6280,5809,6076,2956,3191,4105,3233,2389,4220,1690,2906,3307
MXAN_2036,1486,1904,2232,2796,2641,1567,6268,6457,2405,7497,5746,4255,7572,10117,11572,2967,3670,2774,5177,5453,4729,3040,5160,4780
MXAN_2037,1095,812,830,2564,2082,2654,3602,2271,1367,3778,1747,2929,5398,5308,5654,2131,2146,2312,3551,2555,3304,1996,2771,3564
MXAN_2039,57,49,47,172,180,279,414,379,135,292,194,244,492,567,645,241,190,214,395,377,318,501,360,362
MXAN_2040,271,238,256,501,407,623,793,793,288,1411,1157,1158,1230,1175,1058,608,578,570,730,464,551,329,720,706
MXAN_2041,4866,4304,4185,8995,9287,9276,16769,14018,6177,21901,17232,17666,20473,25282,24776,9547,10345,10914,8523,7916,13214,6693,8454,6355
MXAN_2042,664,499,626,1069,782,1008,1633,1198,528,2729,1544,1945,3515,4202,3755,2046,2033,1496,2902,2331,1664,3597,3216,2745
MXAN_2043,69,56,147,162,151,339,235,212,101,522,401,499,1125,1001,1066,587,607,509,720,615,452,1466,772,685
MXAN_2044,546,466,569,1185,957,1140,1844,1612,621,2480,2495,2179,3339,4187,4552,1705,1892,1696,2539,2662,2439,1251,2045,1572
MXAN_2045,98,104,139,244,169,291,317,295,129,506,353,441,627,675,876,285,390,431,414,527,432,301,381,304
MXAN_2046,106,94,162,117,131,223,335,360,143,499,201,374,379,317,311,194,229,231,114,82,168,204,119,95
MXAN_2050,1727,1308,1735,3444,2611,2870,4823,4604,1812,8010,6223,5776,7874,10870,10164,4643,4511,3807,6149,4944,4979,7148,5928,4893
MXAN_2051,918,860,974,1676,1552,1680,2692,1940,748,3075,2706,2391,3016,4292,4914,1730,1931,1636,1924,2187,2214,1839,2270,1722
MXAN_2052,331,241,270,543,501,936,888,664,348,1241,663,1180,1445,1214,1371,769,775,962,755,545,831,1013,617,549
MXAN_2054,492,453,402,600,578,897,1364,1507,659,1942,1060,1628,2140,2266,2183,1313,1463,1770,944,961,1343,978,771,516
MXAN_2055,2364,2253,2537,4164,3073,3425,6826,6500,2889,7994,6343,5329,9446,12913,14043,4813,5025,4553,9615,9564,6961,3681,8791,9907
MXAN_2056,441,386,400,858,834,1353,1703,1170,661,1978,1171,1668,2949,3176,3598,1596,1472,1637,2395,1888,2125,5348,2309,3157
MXAN_2057,12620,14755,18183,21222,14597,7896,25393,35569,8888,29027,30505,16925,18732,44967,50612,10743,11976,8414,16833,23864,17740,37681,25124,19024
MXAN_2058,186,157,188,466,418,1032,580,454,241,732,527,869,1442,1563,1891,792,918,1044,1087,996,1306,1151,1013,1277
MXAN_2059,127,105,212,176,140,391,316,329,148,554,259,441,772,734,842,471,526,559,421,357,438,477,381,318
MXAN_2060,393,374,418,698,626,746,1233,1269,535,1670,1261,1277,1681,2061,2150,965,988,1027,899,813,1082,1107,1002,799
MXAN_2061,847,646,976,1660,1334,1706,2322,1904,875,3639,2803,2502,5594,6698,6614,3363,3334,2522,4407,3972,2742,4977,5637,5630
MXAN_2062,75,68,121,196,186,336,265,255,120,465,309,426,1000,932,1214,505,514,500,663,670,644,625,667,690
MXAN_2063,72,51,62,143,108,112,223,136,71,263,190,216,373,396,438,158,190,198,317,300,284,163,258,257
MXAN_2064,103,79,155,232,188,436,313,213,140,431,317,470,938,808,1040,386,384,504,472,452,598,536,559,642
MXAN_2065,3931,4986,4654,6377,7801,6592,20435,27305,7168,22896,21688,17556,19699,32104,30707,11106,14081,14718,7533,9207,14619,4759,9661,4253
MXAN_2066,25080,37702,38089,37254,38963,19902,76931,142066,31412,81534,87928,48709,43990,94415,117955,23621,32937,30095,16732,38253,34734,27619,31460,22953
MXAN_2067,11949,14062,14552,24647,28602,22946,54193,62896,23446,55334,44377,41491,50385,81560,87769,23987,26429,27619,24067,26755,37113,55076,34113,39286
MXAN_2068,14179,10273,10824,31906,23703,31346,44525,33866,18200,53401,34765,47062,47569,56105,56688,25003,27192,38892,22668,21375,34813,13212,21368,26349
MXAN_2069,777,558,577,1676,1363,1622,2224,1688,945,3185,2154,2590,2068,2752,3220,1321,1641,2122,757,958,1624,726,755,811
MXAN_2070,83,76,87,252,300,348,366,280,107,527,348,554,433,480,522,278,300,381,147,196,235,306,172,158
MXAN_2071,340,269,331,691,666,1311,1116,965,440,1746,1228,1674,2249,2180,2332,1194,1239,1618,1166,1029,1408,1078,1098,1528
MXAN_2072,9702,9446,9289,14359,14151,11579,28555,34198,11165,36772,35897,27284,20580,33930,31985,16213,17851,19185,8698,9142,16673,13919,9765,7127
MXAN_2073,11289,10675,9705,25489,22128,21209,42133,36032,19513,35575,22005,28201,20532,28001,28664,10029,12409,20720,4207,5817,11603,2103,4694,4319
MXAN_2074,40,43,120,90,96,185,180,132,109,271,161,279,391,435,455,213,220,283,198,179,250,285,173,217
MXAN_2075,44,58,113,94,121,126,234,239,85,314,299,268,313,513,524,186,218,182,184,209,224,550,200,214
MXAN_2076,23,17,61,33,28,68,61,84,70,115,61,89,148,175,250,96,96,108,86,91,142,100,77,67
MXAN_2077,1385,1788,1947,2287,2551,2073,5726,7121,1736,8444,8789,5497,5485,7512,8406,3084,3109,2906,3201,3832,3395,3543,3246,2326
MXAN_2078,255,322,365,511,761,747,1580,1905,538,2488,1895,1804,2135,2564,2987,1176,1207,945,1072,1231,1337,3062,1151,814
MXAN_2079,481,342,420,826,677,987,1532,1092,509,2260,1444,1838,2152,2341,2574,1251,1345,1334,1286,1109,1348,978,948,838
MXAN_2080,282,210,335,583,563,608,869,675,224,1132,1472,1048,1447,1782,1560,727,848,818,846,762,742,509,903,708
MXAN_2082,649,555,788,1257,1193,1276,1835,1925,750,3119,4250,2603,4603,7322,7797,2317,2504,2298,3772,3904,3831,4330,3807,4087
MXAN_2084,76,57,159,131,150,187,389,507,136,583,609,458,713,1313,1340,619,572,331,614,594,412,6324,1430,1339
MXAN_2085,732,387,526,1060,912,1557,2166,2501,2049,4573,3359,3383,3936,5910,5171,2253,1896,1652,2288,1690,2105,12458,2903,2872
MXAN_2087,413,329,513,885,903,1276,1496,1094,505,1956,1730,1882,2597,2652,2660,1414,1477,1605,1292,1091,1485,1490,1208,1122
MXAN_2089,110,80,124,187,151,207,231,218,75,309,458,281,375,503,668,264,310,306,230,283,253,232,259,205
MXAN_2090,672,572,801,1497,1272,1821,2212,3196,981,7125,6632,5931,9927,11850,12541,4090,4740,4658,6427,5634,6825,1846,5327,5645
MXAN_2091,284,249,309,654,528,982,763,351,200,1054,487,993,2132,1417,1250,810,917,1000,832,511,707,275,784,1300
MXAN_2092,507,609,522,782,728,876,1343,638,461,1887,451,1151,2090,1348,1399,727,929,879,685,786,395,195,736,971
MXAN_2094,2468,2705,3360,3453,2583,2330,4366,5286,2359,9992,8215,6080,9091,18054,21293,4431,4727,3555,8320,11119,6586,21925,8450,6783
MXAN_2095,1177,1193,1399,1809,1455,2207,2364,3204,1194,6119,4904,4073,7025,7991,8481,3010,2316,2217,4841,4301,3175,3757,3279,2793
MXAN_2096,1720,2026,2665,2593,2173,1926,3966,5288,1609,9107,7788,5870,6734,9887,9808,3213,3050,2230,4074,3729,3073,4485,2993,1589
MXAN_2098,1436,2270,2773,2326,2102,1113,3811,4503,1512,7063,7963,4118,5272,10838,11100,2400,2666,1500,3788,6277,2670,6896,3480,1752
MXAN_2100,1217,1319,1558,1882,1510,1367,2235,2313,975,5479,4179,3475,5068,8558,7714,1883,2152,1624,3178,3376,2400,2665,2075,1377
MXAN_2107,17,15,44,41,44,76,114,78,59,194,65,147,121,134,148,66,73,95,52,45,77,27,45,56
MXAN_2112,249,263,508,459,398,510,562,564,229,1486,874,1007,1916,2550,3106,1261,1324,1072,1022,990,641,1486,1447,1639
MXAN_2117,6,5,16,13,8,29,21,19,11,53,17,36,114,42,43,32,36,68,32,12,32,12,24,46
MXAN_2128,20,21,40,52,49,54,120,74,39,68,41,83,139,147,184,69,78,66,116,90,128,39,70,81
MXAN_2132,0,0,23,0,3,9,9,5,5,4,7,9,14,22,41,6,7,12,14,12,18,14,16,14
MXAN_2134,84,87,123,182,204,142,252,275,121,545,658,425,810,1232,1398,315,381,256,792,764,532,2291,642,534
MXAN_2136,42,43,84,122,72,125,169,113,72,192,79,207,308,254,276,85,87,78,125,94,122,49,77,86
MXAN_2137,110,119,224,119,103,106,255,366,105,402,245,241,459,555,565,215,235,194,253,226,235,194,247,244
MXAN_2139,28,40,44,49,43,69,94,82,42,153,71,128,194,179,163,69,98,101,80,60,85,15,59,61
MXAN_2140,52,41,130,64,64,77,136,181,69,306,314,192,351,487,394,124,231,216,134,185,163,165,195,152
MXAN_2143,10,10,102,44,39,51,46,62,21,101,73,79,138,122,145,73,60,51,74,81,88,80,59,100
MXAN_2144,78,50,130,155,95,118,176,164,62,346,198,167,177,151,213,90,90,75,87,68,88,100,76,68
MXAN_2145,155,163,303,310,358,305,887,921,291,1234,1611,917,940,1582,1734,561,482,429,765,809,651,1229,767,668
MXAN_2147,11,15,131,10,10,27,32,34,8,31,22,38,66,42,76,23,20,30,28,24,20,28,34,45
MXAN_2148,79,39,359,112,109,191,249,217,108,387,248,298,367,324,415,185,215,235,158,166,218,240,183,198
MXAN_2150,21,12,215,18,20,26,37,68,19,82,78,61,101,117,141,35,59,44,48,88,28,104,105,78
MXAN_2151,16,9,57,18,24,49,49,35,35,56,10,56,117,49,47,32,22,42,42,22,40,14,26,36
MXAN_2152,41,32,140,94,87,120,239,101,70,187,98,163,278,278,281,116,100,107,175,116,118,217,137,157
MXAN_2154,261,191,288,536,429,814,612,322,226,912,428,909,1699,1661,1681,744,626,668,1107,648,1085,989,703,1080
MXAN_2155,105,95,139,204,220,178,408,335,186,579,387,351,482,721,787,329,285,209,399,368,416,685,334,315
MXAN_2160,793,639,788,1762,1502,2995,3405,2482,1284,4151,1968,3644,6349,5202,5194,2661,2508,3103,3373,2244,3303,1898,2026,3116
MXAN_2162,109,78,168,236,247,369,404,332,144,539,655,606,1284,1483,1569,553,548,490,1174,856,825,603,833,672
MXAN_2163,17,8,21,16,15,36,17,24,15,43,45,37,82,111,123,47,41,41,79,59,66,78,38,56
MXAN_2164,573,517,737,1400,1184,1838,1470,1258,615,2332,2587,2784,5078,5739,5203,1892,2137,2265,3168,2599,2970,682,2469,2651
MXAN_2165,1885,1999,3049,3421,4095,5666,4031,5163,2644,9320,9889,10884,12741,17636,14066,7298,7642,7997,5169,4562,6585,3596,7415,6406
MXAN_2170,25,22,143,30,31,48,62,105,39,93,91,69,120,186,345,44,92,66,49,99,72,120,80,102
MXAN_2171,549,934,1157,1528,1237,911,2033,2798,1003,1882,1943,1529,1850,2855,3566,362,517,441,1334,1884,1246,576,750,617
MXAN_2176,315,241,341,639,471,709,838,750,352,1229,1117,1133,1250,1538,1542,652,678,668,674,536,929,531,556,601
MXAN_2177,1076,911,1587,1990,1121,2451,3767,3140,1990,5571,1877,4779,11883,10865,11375,5917,5518,6527,7579,4912,6717,5245,7515,10417
MXAN_2178,130,140,187,291,217,186,327,613,110,1117,854,650,1083,1262,1279,356,368,277,688,833,594,486,765,696
MXAN_2179,19,4,57,36,33,72,35,38,16,234,121,146,399,298,267,86,79,84,180,126,141,345,188,160
MXAN_2180,77,46,85,196,105,167,80,54,40,213,133,161,232,167,219,92,90,107,157,91,163,63,237,220
MXAN_2184,31,26,72,52,46,65,96,90,34,128,107,118,150,234,294,123,153,136,180,137,137,419,161,235
MXAN_2185,17,10,39,50,30,40,64,35,18,106,64,86,116,133,138,118,125,121,129,105,93,39,131,235
MXAN_2186,270,202,397,521,512,705,987,857,342,1520,1352,1327,1731,2255,2631,954,1152,1082,1014,1075,1166,786,1098,943
MXAN_2188,1318,1192,1351,2830,2578,5161,2165,1490,863,10642,4786,7970,21373,18526,18307,7387,6682,7128,10136,6148,7014,7630,9915,14018
MXAN_2189,11,7,39,15,11,34,18,17,10,38,39,41,69,54,46,27,27,44,33,26,32,19,31,42
MXAN_2191,6,9,55,9,5,9,15,37,7,16,25,21,27,33,61,9,16,26,26,20,16,8,21,21
MXAN_2194,264,315,382,476,419,308,770,638,289,1100,652,799,958,976,1034,336,399,376,418,367,433,73,332,334
MXAN_2195,63,86,137,131,122,145,215,232,90,414,298,299,494,542,559,199,200,208,319,260,288,220,258,268
MXAN_2200,67,58,118,136,152,123,361,273,100,366,235,251,322,307,309,115,148,136,155,74,224,57,136,134
MXAN_2201,25,14,130,39,38,75,106,82,76,182,73,127,172,145,164,70,75,84,76,76,95,68,60,85
MXAN_2202,22,14,222,45,37,33,108,118,47,196,211,128,204,321,469,98,117,98,131,232,208,479,137,122
MXAN_2203,60,99,548,96,122,74,298,633,116,458,568,262,378,761,1004,154,215,147,266,448,303,795,349,331
MXAN_2204,10,6,77,26,20,32,37,34,20,88,85,93,273,296,320,110,98,86,305,208,177,270,184,203
MXAN_2205,53,83,187,163,151,180,511,582,163,1072,859,609,1363,1620,1836,466,377,230,1382,1521,620,2769,1527,1082
MXAN_2206,173,112,639,265,212,455,548,459,240,1682,960,1007,3496,2974,2563,1440,1150,684,3106,2323,1379,5137,2353,2308
MXAN_2207,1,0,70,6,0,7,10,10,2,9,12,13,27,20,42,14,19,24,11,14,24,8,15,19
MXAN_2208,1031,663,1018,2280,1440,1258,3005,2550,1102,7995,6333,4471,9772,11953,11606,3078,3058,2609,6241,4572,6091,2689,5655,5632
MXAN_2209,710,680,900,1469,1083,1144,2028,1946,638,3589,2952,2684,3502,4388,5184,1397,1614,1477,2229,2297,2084,1814,2189,1875
MXAN_2212,43,39,192,60,69,64,152,283,53,244,257,197,243,373,376,134,142,149,134,148,144,528,185,186
MXAN_2213,58,87,233,142,112,97,246,277,89,287,327,221,337,641,767,152,184,173,226,357,347,196,237,251
MXAN_2215,2762,2038,1601,165,280,239,8233,5237,1137,2601,2183,1019,5724,5035,3639,4622,4085,2953,4839,3724,2606,2977,3329,2956
MXAN_2216,39,30,142,75,44,102,96,113,42,113,78,87,99,116,120,40,41,71,49,41,64,31,45,44
MXAN_2217,93,50,223,196,101,241,245,160,81,294,178,212,195,165,194,77,113,114,55,58,94,30,75,94
MXAN_2218,23,21,79,50,43,59,83,62,29,98,90,87,264,255,249,87,87,91,179,155,130,74,140,133
MXAN_2219,45,30,173,106,75,101,166,150,48,202,227,172,218,230,293,92,115,71,164,141,130,225,189,190
MXAN_2221,413,338,607,870,495,701,711,577,253,1516,1311,1061,5438,6090,6007,2003,1686,944,5244,4159,1867,6841,5556,5134
MXAN_2223,195,114,403,404,288,692,310,200,119,1322,856,1168,3488,3565,2939,1610,1581,1312,2919,2148,1003,1967,2063,3016
MXAN_2225,59,85,259,101,108,146,222,233,96,348,241,234,384,422,428,185,221,200,243,205,234,177,205,202
MXAN_2226,72,63,165,116,153,217,322,259,123,433,344,407,680,725,738,411,478,452,270,262,426,352,368,216
MXAN_2230,278,174,304,653,414,626,494,223,222,783,340,572,1763,1422,1613,1201,1326,1376,1297,911,760,1085,1944,1159
MXAN_2232,7429,4948,5653,10377,6315,6356,8129,5399,2766,7063,3128,4763,4365,5053,5421,2699,2612,2630,2947,2755,2954,3628,3215,4226
MXAN_2236,32,37,278,61,59,88,112,104,61,172,85,123,157,140,187,113,89,146,60,67,75,101,110,100
MXAN_2237,3,8,75,9,6,9,21,21,10,36,24,20,22,31,41,6,9,6,13,16,5,16,12,18
MXAN_2238,14,10,80,25,33,22,44,36,19,65,25,49,59,50,57,18,15,15,27,39,26,28,18,32
MXAN_2239,11,11,142,20,11,36,38,26,13,56,35,32,57,56,79,13,16,21,16,21,15,17,19,30
MXAN_2240,225,155,473,355,212,158,340,378,152,267,182,208,281,318,354,77,110,185,113,106,117,178,176,181
MXAN_2241,410,321,725,802,548,695,963,828,331,1005,776,804,1029,1308,1446,479,533,572,670,557,787,858,650,913
MXAN_2242,71,37,307,64,80,64,180,266,76,193,201,146,153,257,281,96,88,82,68,90,88,109,80,82
MXAN_2243,62,61,134,113,100,149,160,150,74,215,102,225,335,295,351,151,201,196,153,123,162,151,166,181
MXAN_2244,31,21,252,114,66,108,162,115,51,170,93,110,251,210,263,78,75,56,146,91,88,94,95,92
MXAN_2245,247,194,321,511,363,761,416,361,164,1492,853,1081,2881,2898,2447,1256,1267,1223,1873,1208,1257,1683,1864,2669
MXAN_2246,11,13,146,13,19,15,30,37,14,48,19,23,49,60,98,13,33,19,22,46,28,59,33,37
MXAN_2247,208,211,605,268,323,414,817,932,339,1178,968,789,945,1199,1588,477,454,403,589,547,668,792,494,491
MXAN_2249,125,135,276,282,226,268,568,445,296,502,264,503,290,340,293,108,172,311,58,75,199,25,43,37
MXAN_2250,13,18,63,47,46,48,75,65,28,47,39,72,47,51,57,18,35,68,8,23,26,42,9,11
MXAN_2251,262,173,287,428,334,394,565,458,305,691,328,617,312,379,403,158,167,314,98,87,163,74,52,59
MXAN_2252,18,9,115,30,28,37,48,48,19,27,31,43,66,49,73,24,39,28,40,23,38,43,23,29
MXAN_2253,134,120,288,409,337,655,570,333,243,861,320,706,1314,866,954,384,340,479,613,390,614,291,316,549
MXAN_2255,267,226,376,469,441,460,1055,1024,374,1052,680,634,1109,1247,1414,502,599,584,688,659,769,479,494,574
MXAN_2256,2114,1911,2132,3017,3377,3392,7619,7791,2884,9501,7771,6369,8209,9585,9740,3900,3839,3796,4428,4231,5101,3975,3875,3307
MXAN_2257,2306,2582,2622,3198,4284,3586,9544,12983,3352,13090,12773,8321,11201,16683,15921,5880,5915,4606,6413,6998,6865,11241,6906,6131
MXAN_2258,489,459,815,604,698,723,1769,1819,647,2374,1795,1490,1164,1502,1857,913,967,942,662,644,702,732,645,433
MXAN_2259,13,19,210,30,28,37,74,87,28,78,57,71,114,115,178,51,70,49,53,87,68,78,49,73
MXAN_2260,596,388,754,1001,816,1439,1491,1186,727,2458,1384,1864,2525,2659,2947,1293,1148,1413,1227,910,1586,964,1149,1437
MXAN_2261,2939,2291,3208,5778,4177,5996,8262,5898,2632,13935,8321,10462,14208,13461,12314,7316,7234,6740,8997,6553,7265,3996,8371,9176
MXAN_2262,485,447,586,722,731,760,1869,1560,526,2329,2107,1750,1719,2463,2955,1136,1233,1088,997,1253,1344,882,1236,900
MXAN_2263,686,443,655,892,887,1646,1964,1568,913,3712,1750,2545,2794,2311,2516,1532,1553,1809,1215,993,1488,1162,1135,1276
MXAN_2264,199,170,294,345,360,517,669,528,285,1007,516,794,1125,913,1252,583,639,841,496,536,690,314,557,458
MXAN_2265,123,81,218,174,170,291,330,342,129,654,421,528,669,731,780,322,349,351,332,326,371,431,456,416
MXAN_2266,79,48,129,107,70,82,93,87,26,97,85,71,84,118,176,56,68,49,50,82,64,118,98,95
MXAN_2267,423,226,392,562,303,537,351,216,129,455,185,331,317,254,310,148,151,199,151,127,205,152,214,247
MXAN_2268,241,141,724,200,204,320,547,420,186,483,287,312,827,714,887,445,345,232,359,269,304,516,510,754
MXAN_2270,492,413,696,722,664,946,1544,1319,581,2163,1187,1629,2020,2059,2165,1120,1133,1099,1348,967,1307,1245,1148,978
MXAN_2273,174,122,271,305,232,347,369,297,180,764,353,544,862,1001,995,379,408,438,560,434,636,706,493,480
MXAN_2274,175,112,291,303,198,529,459,274,149,914,467,731,1382,1292,1015,760,740,692,859,617,488,629,1090,973
MXAN_2276,113,58,67,275,241,726,423,248,142,446,293,539,1406,878,957,487,452,490,705,442,645,642,425,767
MXAN_2277,3257,2932,3054,6578,5819,6665,10791,7394,3720,15394,6283,9860,15972,14400,15419,6069,5659,5006,9889,7487,7454,8754,7242,7517
MXAN_2278,210,196,505,409,470,657,1009,834,477,2391,687,1477,1340,1040,1200,592,537,599,549,495,539,509,499,601
MXAN_2280,923,609,706,1484,972,1861,2581,1834,872,3332,966,2796,2235,1827,1616,1355,1147,2050,629,412,1213,415,400,471
MXAN_2281,1636,1339,1335,2640,2144,2460,4298,4260,1785,6405,3758,4324,3893,5584,5563,2257,2250,2911,1437,1352,2949,710,1302,833
MXAN_2282,228,168,275,314,350,376,596,429,172,640,313,384,327,262,386,130,130,138,106,138,170,147,150,83
MXAN_2283,727,583,767,972,1167,1369,2390,2000,945,3140,2395,2498,2859,4114,4483,1507,1961,1962,1685,1667,2482,2395,1830,1353
MXAN_2284,48,41,202,83,86,121,158,193,107,223,166,176,259,337,392,166,180,152,119,143,162,205,139,128
MXAN_2285,416,379,531,882,680,806,1462,1098,519,1502,945,1315,1479,1565,1682,794,970,1017,806,725,898,182,633,590
MXAN_2286,1887,1295,1564,4670,3093,4027,4620,2448,1547,7014,2517,5164,6933,5588,5687,2348,2138,2406,2708,1917,3383,1435,2377,2477
MXAN_2289,161,155,486,388,354,702,766,721,312,1103,788,1150,2415,2232,2539,1117,900,1038,1690,1081,1417,2626,1377,1776
MXAN_2290,5637,5705,6135,11783,12851,12182,18015,22855,6228,46228,42080,33296,65953,75801,75756,30914,30574,24531,43760,38933,32097,35655,39429,40293
MXAN_2291,313,312,630,699,638,717,1459,1271,277,1268,1867,1241,2341,3459,4170,1245,1365,1188,1740,2064,2032,1639,1848,1243
MXAN_2292,108,78,261,255,225,245,454,370,172,487,340,374,752,879,1048,339,351,307,529,532,449,799,640,496
MXAN_2293,88,62,101,237,163,307,280,147,133,338,109,320,1037,616,639,366,307,386,501,239,406,152,303,465
MXAN_2295,284,191,583,658,517,909,1015,752,518,1451,842,1376,2471,2668,2848,1139,1164,1355,1632,1216,1667,1273,1256,1786
MXAN_2296,150,119,207,302,254,489,496,273,256,656,230,595,904,590,628,419,377,538,416,265,410,313,314,602
MXAN_2297,1015,821,1126,2189,2708,1973,5061,2970,1848,2936,2472,2969,2077,3128,4646,901,1210,1464,1141,1661,2298,1150,1618,2118
MXAN_2298,2807,1976,2459,4893,3832,5144,8018,6357,3026,12379,6155,9180,7522,8750,8173,4275,3909,4548,3294,2434,4406,2689,2974,3147
MXAN_2299,21,16,207,17,35,76,29,30,14,105,164,95,331,465,305,268,327,166,235,249,61,3119,781,800
MXAN_2301,5,5,74,7,4,10,7,9,1,12,15,11,43,48,62,24,18,8,35,42,15,134,45,55
MXAN_2304,7,9,140,14,14,21,22,41,19,39,23,33,44,58,57,25,31,20,22,28,28,25,27,32
MXAN_2306,567,463,617,1065,992,1436,2714,2234,1105,3752,1967,2970,2665,2183,2266,1249,1193,1393,1118,779,1330,546,876,825
MXAN_2307,755,916,1108,1414,1520,2028,2855,2615,1099,3197,2971,2556,3499,4379,5344,1816,2018,2037,1993,2146,2214,3023,2131,1763
MXAN_2309,112,106,232,173,188,407,373,297,180,423,274,503,820,734,899,391,451,655,398,303,612,154,424,505
MXAN_2310,16,12,89,32,25,51,54,68,26,113,75,79,119,116,208,65,94,70,64,93,97,50,70,49
MXAN_2311,53,38,133,83,66,75,144,170,35,152,174,103,144,293,332,270,311,361,108,147,110,147,308,101
MXAN_2312,249,168,346,544,441,620,728,576,245,1124,686,855,1414,1402,1437,688,553,529,738,484,698,489,542,577
MXAN_2313,29,30,141,66,41,103,113,81,47,150,80,137,210,164,186,96,97,96,105,67,111,127,79,77
MXAN_2314,327,385,682,435,503,603,1012,1090,362,2015,1686,1541,1884,2168,1713,1092,1122,841,940,907,492,704,1378,1000
MXAN_2315,774,692,931,1714,1388,2013,2777,2181,1059,3703,2522,3110,4414,4918,5045,2125,2250,2439,2796,2478,2632,1602,2245,2195
MXAN_2316,2246,1897,2595,3749,3608,2922,6263,7631,2427,12618,13208,6139,18625,38523,43888,8649,8270,4419,17887,24047,11912,50473,26119,14714
MXAN_2317,311,245,681,589,509,906,750,719,308,1994,1451,1338,3806,4686,5719,1901,1587,1150,3172,2958,2027,10793,3388,2647
MXAN_2318,2163,1397,2097,2815,2262,2868,2444,1606,949,6554,4108,4798,5642,6601,4993,3211,3366,2106,3408,2696,1558,6233,5911,5276
MXAN_2322,10,5,65,13,21,53,36,26,11,64,61,60,178,126,107,132,106,91,91,41,52,43,81,113
MXAN_2323,214,158,476,311,275,301,721,637,309,872,782,642,1101,1669,1748,794,825,758,861,804,949,1499,655,571
MXAN_2325,985,861,1135,1557,1148,1315,3351,3811,1560,4416,3567,2851,3476,5354,4539,1774,2087,2466,1819,1596,2842,2109,1773,1158
MXAN_2326,52,52,267,41,38,130,7,16,7,253,219,177,664,668,319,726,604,337,513,354,50,1487,1302,1223
MXAN_2327,82,65,277,119,97,110,219,213,83,260,207,231,248,264,304,109,138,149,149,133,167,107,126,113
MXAN_2330,377,204,432,395,367,480,786,860,370,1195,772,871,751,901,929,459,499,564,385,298,606,350,418,330
MXAN_2331,99,59,185,192,125,256,145,137,52,210,118,237,254,277,415,134,180,188,219,167,219,302,220,326
MXAN_2332,22,16,113,22,19,41,42,23,18,52,59,84,89,72,97,35,41,47,65,59,34,17,34,158
MXAN_2333,28,11,183,40,31,70,65,45,36,105,65,88,143,111,142,62,70,58,66,63,75,62,65,75
MXAN_2334,92,59,294,191,148,218,454,352,121,613,259,504,396,374,377,216,232,275,239,173,230,169,281,360
MXAN_2335,96,63,260,176,154,194,495,312,123,589,242,349,339,329,309,171,203,177,189,147,153,123,270,291
MXAN_2336,40,11,141,83,53,130,229,108,59,267,60,185,183,93,125,89,69,74,54,54,63,75,85,88
MXAN_2337,5,12,85,29,26,32,109,72,26,77,40,79,91,60,41,43,34,36,45,28,35,19,37,39
MXAN_2338,19,11,102,34,51,62,142,90,28,184,75,104,103,99,108,52,53,55,43,28,46,106,94,61
MXAN_2340,8,1,57,22,18,26,58,29,9,59,20,46,52,20,46,21,18,17,25,18,10,31,21,23
MXAN_2342,52,42,159,79,63,85,127,146,34,207,206,145,251,324,349,109,146,110,142,145,169,214,192,158
MXAN_2343,133,148,275,320,382,490,726,969,261,1039,1300,908,2098,2668,3640,1011,1339,1206,1881,2311,1648,1416,2220,2301
MXAN_2344,163,125,200,329,306,692,483,322,174,987,526,920,2212,1309,1309,899,900,1020,1055,686,771,427,707,1129
MXAN_2345,44,49,100,107,80,230,69,101,28,266,236,311,1222,773,607,526,516,549,853,545,369,283,633,1047
MXAN_2346,165,129,350,363,273,734,337,340,160,849,622,885,2156,1917,2318,924,953,1113,1559,1267,1317,1175,1151,1473
MXAN_2348,227,194,316,486,384,598,719,732,275,1282,1018,985,2764,2810,3099,1033,977,1018,2094,1716,1369,1218,1363,1241
MXAN_2349,1233,1108,1532,2237,2256,3137,4212,3353,1576,7821,4810,6253,8819,9445,9417,4567,5367,5941,3754,3506,5509,2269,3436,2793
MXAN_2350,1446,874,1235,1997,1277,2772,2279,2528,1201,4416,1659,3317,4059,3182,2689,1682,1274,2268,1611,785,1991,1251,1480,2189
MXAN_2351,95,121,271,166,172,136,376,464,135,415,453,252,228,420,625,155,137,113,104,230,173,656,267,196
MXAN_2352,17,15,115,19,41,86,77,75,31,633,211,603,216,212,323,117,137,162,148,176,120,141,157,162
MXAN_2354,100,41,318,199,163,411,261,215,105,558,361,500,827,667,673,325,327,325,478,285,372,389,343,446
MXAN_2355,25,26,161,53,54,80,134,105,44,147,115,140,255,336,496,117,134,131,242,214,178,361,244,326
MXAN_2356,67,71,239,97,112,117,290,354,105,330,432,243,341,512,546,184,219,209,190,223,240,222,178,113
MXAN_2357,265,242,424,490,432,661,811,669,263,933,688,812,1270,1290,1459,623,625,699,792,692,787,768,720,597
MXAN_2358,211,141,285,440,443,1024,855,674,372,1098,716,1079,2722,2443,2857,1348,1487,1640,1805,1450,1708,1713,1567,2106
MXAN_2359,443,412,511,813,1107,1667,1993,1867,789,2393,2770,2180,5390,6392,6713,3322,3608,3638,3631,3808,3719,6722,3856,3528
MXAN_2360,46,41,148,94,76,157,222,246,108,353,251,341,548,699,792,305,327,330,355,391,416,390,358,302
MXAN_2361,64,68,218,89,124,126,274,301,124,389,334,250,384,513,588,152,189,183,232,238,270,323,214,192
MXAN_2362,611,479,697,1167,898,1393,1844,1494,789,3385,2197,2851,3798,5225,4640,1829,1899,1815,2173,1971,2450,5362,2044,1855
MXAN_2363,3868,3469,3900,5904,4880,5580,10982,9834,3734,15778,10806,10954,9495,10349,10873,5264,5261,5100,5079,4437,5670,2042,4137,3004
MXAN_2366,31,38,148,79,66,119,125,95,51,178,101,204,531,440,388,586,488,642,265,170,199,139,269,247
MXAN_2367,1660,1622,2165,2503,1343,1557,1838,1823,1030,2457,1170,1514,1719,1553,1506,837,908,850,717,524,656,1513,1504,1780
MXAN_2368,22,22,258,46,27,41,76,95,31,97,105,92,118,145,224,71,78,70,68,79,64,150,103,103
MXAN_2369,25,28,112,53,50,157,90,86,31,123,123,152,249,234,268,127,111,131,180,139,170,261,150,211
MXAN_2371,22,26,76,59,74,135,68,53,37,179,131,191,522,439,366,244,275,192,457,286,132,198,472,528
MXAN_2372,401,409,597,727,703,1244,1123,1204,634,2101,1717,1675,3071,2820,3035,1311,1417,1403,1804,1758,1634,1744,1872,2192
MXAN_2373,1089,1024,1190,1682,1323,1467,2444,2771,1036,4103,3066,2668,3222,4126,4245,1567,1560,1193,2180,2507,1735,3056,2565,1860
MXAN_2374,87,100,183,117,131,128,249,169,65,268,248,175,286,486,559,226,237,152,277,332,228,1026,354,218
MXAN_2375,34,18,150,61,62,118,113,80,36,202,127,201,295,316,304,192,230,142,163,124,124,370,207,209
MXAN_2377,30,44,92,53,65,73,105,173,57,150,270,102,203,267,338,115,109,106,141,198,136,152,155,163
MXAN_2378,1671,1563,1656,2369,2005,2264,4087,4365,1784,7161,4176,4379,3372,4110,4184,1734,1678,1831,1785,1684,2125,3104,1601,1493
MXAN_2379,150,132,231,282,271,515,452,402,168,739,427,742,867,701,581,433,423,473,410,260,310,529,437,621
MXAN_2380,155,104,182,251,302,224,810,505,201,243,202,162,184,238,306,99,110,71,149,126,126,168,142,149
MXAN_2381,190,128,233,237,206,325,594,414,233,458,234,326,352,435,403,235,172,202,207,199,232,213,178,176
MXAN_2382,367,271,359,675,642,1121,1308,990,467,1691,885,1596,1820,1215,1521,745,812,895,782,536,865,396,560,639
MXAN_2383,94,34,169,28,17,23,121,51,23,59,15,12,41,29,49,31,26,14,14,17,17,26,22,31
MXAN_2385,117,51,175,58,37,49,285,163,45,98,48,59,68,47,104,49,37,55,44,37,34,54,42,48
MXAN_2386,129,105,307,308,207,384,327,270,126,690,404,585,1306,1512,1639,678,763,623,968,1012,573,3773,1095,1323
MXAN_2387,324,253,494,608,561,751,975,1029,345,1665,1957,1503,2452,3570,4004,1269,1342,1107,2187,1736,1409,4508,2303,2749
MXAN_2388,1594,1183,1684,2874,2647,2933,4683,3340,1754,3842,2063,2825,2122,2276,3213,1058,961,1122,1107,1107,1966,1541,933,932
MXAN_2390,297,191,283,403,296,617,659,387,254,602,286,588,924,824,681,591,569,659,532,400,342,621,696,739
MXAN_2391,22,22,73,47,21,48,82,88,32,113,80,80,152,163,174,79,89,73,126,123,91,144,126,81
MXAN_2392,89,87,106,154,179,207,294,246,132,481,335,367,579,746,739,274,224,196,452,389,350,656,409,392
MXAN_2394,49,87,104,102,117,94,259,236,81,336,319,222,431,521,710,189,189,153,387,472,277,651,409,297
MXAN_2395,17,18,99,47,49,82,76,86,28,104,85,91,254,256,292,116,100,102,185,188,124,316,222,219
MXAN_2396,129,85,229,222,185,275,385,364,136,647,565,480,1177,1632,1876,555,674,464,1179,1383,760,2408,1225,1330
MXAN_2397,242,212,420,348,420,737,826,649,436,1524,1107,1131,2486,3073,2910,1236,1316,1184,1424,1437,1305,2797,1780,1681
MXAN_2398,47,48,184,80,98,190,128,112,64,274,207,260,869,866,1098,397,538,406,497,495,430,938,646,687
MXAN_2399,906,971,1202,1779,1743,2860,2621,2962,1401,4597,4244,5067,8262,8282,8750,3657,4150,5200,3927,3267,5245,4473,3987,5188
MXAN_2400,174,126,250,363,389,768,619,543,341,926,688,940,1754,2116,2240,998,955,1081,948,852,1170,1913,916,1025
MXAN_2401,90,99,145,159,169,312,326,306,126,445,262,379,551,585,729,324,346,373,250,213,362,155,269,219
MXAN_2402,67,37,118,113,100,193,154,103,43,232,202,254,371,358,398,174,158,211,269,167,272,107,170,196
MXAN_2403,188,134,273,417,317,810,511,434,267,861,442,890,1022,951,1064,645,575,731,604,367,658,597,466,516
MXAN_2404,304,306,339,829,774,1194,1145,945,458,1700,1078,1447,1837,1448,1568,819,851,1032,785,443,922,482,685,830
MXAN_2405,386,282,409,891,704,1491,1398,991,673,2399,1187,2183,2825,2542,2529,1512,1386,1853,1415,1040,1895,899,1104,1320
MXAN_2406,27,43,147,58,73,75,161,188,62,273,135,175,287,293,267,126,118,114,234,189,161,143,125,75
MXAN_2407,287,253,437,518,522,842,1111,942,441,1587,895,1235,1267,1304,1363,721,791,1109,412,395,779,373,371,336
MXAN_2408,23999,24601,22460,49292,41864,34306,92621,66307,29216,105244,58230,64493,83752,107363,108914,36559,41978,47322,34271,41018,48719,13755,31970,29598
MXAN_2409,102,67,149,215,180,305,315,245,95,418,455,469,869,803,867,399,425,411,486,468,469,886,438,459
MXAN_2410,205,183,259,367,360,409,675,715,250,1082,1380,869,1785,2952,3585,954,1224,968,1684,1909,1438,809,1929,2162
MXAN_2411,146,115,211,258,368,415,1000,759,427,1405,789,802,1097,1569,1851,459,475,465,632,667,746,823,629,479
MXAN_2413,1160,1487,751,1485,2556,1328,1943,2029,625,1039,576,704,972,870,987,732,628,733,615,534,600,534,737,1308
MXAN_2415,90,87,146,277,246,334,485,376,193,670,404,631,838,700,795,452,529,564,370,277,568,163,299,323
MXAN_2416,38,38,109,98,91,172,172,155,116,236,166,211,413,362,492,214,198,208,231,231,299,229,197,211
MXAN_2417,4077,3296,3547,8378,7893,10606,14136,10242,5535,18058,9699,13822,19110,19121,19822,7615,7297,7942,10026,8077,9689,10518,8777,10649
MXAN_2419,158,175,378,295,318,461,877,855,296,920,1061,762,926,1187,1390,459,492,488,478,541,507,990,460,390
MXAN_2420,58,58,265,88,82,86,160,196,52,256,159,203,242,289,411,143,173,150,135,174,107,197,232,207
MXAN_2421,15,17,119,22,38,43,36,73,28,75,69,85,132,139,151,58,67,43,51,60,70,247,80,78
MXAN_2422,1307,991,1387,2669,2183,3268,4080,2795,1489,6400,3659,5196,9188,8533,8573,4476,4363,4161,5954,4817,3856,6313,6079,7334
MXAN_2423,968,796,816,1858,1476,2304,2981,2223,1083,4536,2599,3548,5253,5550,5483,2304,2371,2492,3693,2553,3162,2696,2883,3964
MXAN_2425,12,7,106,6,8,15,57,72,22,57,34,23,34,47,99,29,19,31,18,29,20,71,29,42
MXAN_2426,158,112,250,293,280,625,1925,1118,722,1968,893,1728,2679,1780,1309,1317,1231,1587,1228,746,1093,485,467,656
MXAN_2427,599,529,513,1100,806,780,6944,5587,1774,6511,3183,3809,3869,3904,3131,2123,1892,1652,2026,2005,1556,1116,1079,901
MXAN_2428,230,161,162,462,366,553,3187,1717,928,2765,833,1795,2349,1481,1111,1062,907,985,997,520,721,208,470,500
MXAN_2429,573,428,451,1299,1217,1346,9792,5375,2574,7603,3559,4929,5710,5398,4658,3179,2598,2339,3198,2160,2192,1268,1532,1154
MXAN_2430,50,51,63,126,122,218,826,524,294,779,380,620,808,442,435,307,278,312,310,161,240,129,144,124
MXAN_2431,22,17,43,37,51,51,848,849,249,456,269,362,526,550,521,323,259,252,295,248,247,1121,169,75
MXAN_2432,34,19,108,31,36,51,84,91,42,145,125,102,120,149,178,63,66,42,69,63,65,172,104,124
MXAN_2433,877,651,858,2371,1780,2403,3848,3023,1214,5030,3930,4241,5824,7016,6372,3346,2576,2713,4548,3130,3739,5292,3572,3833
MXAN_2434,4264,3976,4009,11469,12999,13164,19949,15267,6317,19427,13154,14082,24992,24252,23238,9640,8937,7828,14688,11763,12583,8025,13293,14248
MXAN_2436,2501,1595,1958,7349,6920,8584,9336,5844,3335,10337,7137,10915,19229,24198,24912,9442,9708,8826,14720,10547,14392,17775,12630,18695
MXAN_2437,11063,11356,13038,22723,22306,14175,43135,56175,13268,45183,54141,27162,35982,82072,94495,19581,22161,14610,34829,59983,30698,49750,43652,32963
MXAN_2438,3726,3118,3491,8131,7052,7105,11197,11596,3991,13283,12027,10753,17049,26021,25458,8074,8380,6897,12783,13472,12056,13730,12408,12562
MXAN_2439,860,645,638,1489,1381,2750,2604,2502,1365,4849,2566,3881,9132,8516,8487,4139,3815,4376,5664,4689,5227,6709,4988,7401
MXAN_2440,243,299,389,614,625,1073,1204,1133,529,1946,1631,1728,4303,4527,5361,2234,2151,2000,2744,2806,2862,3604,2507,2874
MXAN_2441,1063,987,1137,2117,1767,2386,3346,3781,1603,6163,4962,4391,8488,9297,9396,3922,3643,3281,5556,4863,4386,9910,5860,6422
MXAN_2442,715,571,753,1529,1134,1792,2160,2009,839,3205,2863,2607,5716,6300,6681,2949,2965,2746,4598,3733,3524,4885,3930,4219
MXAN_2443,2821,3117,4048,5805,6413,3836,11681,15148,4824,18221,21510,11892,16713,30583,36642,8020,9632,6307,14894,23050,13185,22298,19020,16453
MXAN_2444,514,483,580,1233,1412,2072,2482,2836,1111,3910,3556,3505,5400,4990,5541,2338,2331,2374,3159,2758,2822,4565,3047,3366
MXAN_2445,3044,3588,4496,5974,5688,6270,12653,14033,5289,17623,13381,12165,18068,22204,24303,8580,8969,7606,10946,11936,10595,18616,11423,11390
MXAN_2449,127,74,109,307,188,398,341,183,145,402,265,478,672,693,724,417,434,425,485,354,464,193,283,310
MXAN_2450,1759,2825,2914,2770,2970,1752,7632,12084,2579,7973,10351,4969,5967,11664,14028,2963,3698,2237,3957,7869,3879,12971,4775,2733
MXAN_2451,1222,835,1240,2077,1642,1151,3298,3086,1136,4549,4735,3293,3507,8377,8567,2209,2271,1473,3245,3605,2932,6414,3836,2978
MXAN_2453,216,226,270,602,555,903,957,864,327,1399,1257,1279,2608,3209,3825,1287,1193,1048,2165,1897,1737,3201,1790,1682
MXAN_2454,1429,1264,1299,2884,3179,7396,4834,3476,1685,7395,5155,8138,21052,16424,16471,7449,6995,7969,9841,6714,9574,11349,8208,11544
MXAN_2455,4148,2829,3255,8184,6145,5254,9302,7821,2904,11400,9519,7748,16623,25562,25076,8469,8033,6102,15680,11839,11378,12586,12788,12739
MXAN_2458,2789,2670,2552,5533,5174,3295,10239,7719,2406,6831,3655,4025,5666,7302,7888,2258,2100,1519,3855,3470,2703,2726,3956,3462
MXAN_2459,83,83,105,211,271,540,398,257,142,345,237,377,913,729,827,377,395,425,611,483,601,758,478,748
MXAN_2462,696,383,573,1165,1115,2209,1554,806,594,4262,1770,3396,9262,5609,4441,3646,3291,3184,4067,2090,2525,3961,3860,5809
MXAN_2463,1749,1181,1487,3852,2769,4440,5046,3553,1894,7423,4813,6615,13174,14616,13530,6359,6314,6414,10675,7622,8365,6194,8643,11348
MXAN_2464,373,344,436,869,693,1174,1415,1172,557,2160,1514,1766,2950,2808,2966,1366,1329,1382,1884,1376,1790,1529,1383,1334
MXAN_2465,1025,817,912,2437,1810,1916,3383,1937,1268,4508,2470,3399,5266,5965,6219,2360,2497,2486,4517,3499,3329,1731,3370,3824
MXAN_2466,787,455,589,1676,1153,1692,1825,1069,683,3470,1854,2986,3829,3334,2887,1671,1666,1845,2504,1262,2423,516,1476,1793
MXAN_2467,312,174,332,667,464,701,813,624,335,1339,943,1077,1676,2012,2183,874,917,871,1536,947,1114,1129,1208,1500
MXAN_2468,517,464,816,1162,1240,1553,2403,2806,1006,2842,2833,2511,3442,4386,5216,1850,2001,2099,1600,1840,2320,2281,2201,1959
MXAN_2469,179,213,394,340,350,471,812,774,343,1198,865,890,1490,1711,2139,616,727,727,1146,1228,1004,891,845,839
MXAN_2470,2789,1961,2148,5192,5427,9492,10978,9296,4267,19536,15327,15107,30189,31989,29464,12105,11982,12409,16207,15827,14745,15129,15241,13852
MXAN_2471,226,182,366,401,317,443,756,640,341,1222,684,894,1409,1482,1781,646,751,694,1000,757,863,770,812,794
MXAN_2472,218,203,286,404,380,583,696,739,344,1305,852,1091,1584,1965,2490,756,841,758,980,945,1098,1502,1008,1103
MXAN_2475,107,73,134,194,185,371,365,266,164,478,287,457,666,663,716,373,284,351,410,297,408,315,324,306
MXAN_2476,41,47,102,113,140,204,204,192,117,360,268,281,581,555,626,283,328,252,379,300,373,367,300,303
MXAN_2477,219,230,363,406,370,550,793,709,306,1208,984,997,1351,1615,2083,739,777,799,981,947,1068,1180,1005,947
MXAN_2478,17,9,19,40,36,61,45,55,23,66,68,58,125,334,483,129,183,151,126,237,144,224,218,223
MXAN_2480,453,415,746,678,734,1388,1253,1279,452,2859,2007,2234,3982,3912,3419,2284,2284,1847,2262,1971,1430,4204,3471,3428
MXAN_2482,273,221,307,720,808,1919,1395,958,615,1919,1065,1897,4569,3645,4535,1925,1967,2181,3143,2264,2893,4254,2598,3156
MXAN_2483,1928,1745,1725,3256,3352,4252,6794,5665,2484,9834,6484,8080,7176,8111,7898,4258,4799,5614,3596,3007,4562,2085,3324,3943
MXAN_2485,2424,2212,2387,3949,3438,4074,7569,8114,2947,12203,8121,8033,6862,9219,8534,4265,4698,4742,3009,3076,4114,2492,3444,2832
MXAN_2486,177,101,188,409,395,793,883,489,261,1193,532,1026,1805,1380,1277,855,749,730,1332,611,862,707,680,837
MXAN_2489,173,149,239,342,195,292,429,358,137,460,373,442,670,658,811,308,365,389,570,470,480,137,403,412
MXAN_2490,1231,778,1170,2285,1734,2209,1927,1659,846,2532,2319,2293,3177,4276,4842,1633,1520,1541,1946,1840,2311,4778,2370,2561
MXAN_2491,3,4,63,5,2,5,13,24,7,23,12,10,27,27,47,14,5,12,12,16,17,18,20,9
MXAN_2492,80,67,216,108,121,247,213,231,114,432,192,287,390,344,488,162,179,173,193,197,173,720,232,228
MXAN_2495,92,98,175,139,151,140,308,394,108,463,434,274,436,610,761,197,216,152,290,395,271,515,336,295
MXAN_2496,67,89,159,112,123,66,174,300,87,333,390,193,203,392,495,81,106,78,146,301,138,1057,266,180
MXAN_2497,86,74,143,174,132,235,287,254,108,372,281,353,462,629,759,245,266,272,296,301,347,843,377,428
MXAN_2498,1884,1293,1460,3151,2738,4223,6384,4646,2266,7945,3609,6160,7020,7114,7987,3609,3672,4286,3436,2870,4615,1624,3276,3465
MXAN_2499,287,181,252,645,680,1239,1149,738,451,1473,956,1606,2287,2705,3593,1296,1429,1592,1316,978,2022,1211,1463,1627
MXAN_2500,8,10,40,21,14,38,45,36,11,40,16,33,70,77,85,75,73,47,61,50,33,214,88,52
MXAN_2501,646,722,708,1273,1817,2104,4143,5095,1191,4302,4365,3357,4493,5913,7297,2592,3041,3210,2420,2634,4041,4068,2323,1679
MXAN_2502,862,739,735,1452,1552,1805,2476,1939,983,1556,1118,1502,2316,2533,2817,1255,1467,1600,1098,927,1667,733,1152,1196
MXAN_2503,860,778,683,1633,1373,1032,2185,1468,684,1230,824,1032,1335,1998,2038,861,1004,1011,720,632,1235,578,787,770
MXAN_2504,1063,1088,1155,2204,2464,2682,4035,3355,1710,2656,2020,2220,3114,3078,3374,1550,1719,2061,1220,1189,1978,1618,1396,1268
MXAN_2505,686,604,632,1305,1098,1714,1750,1140,813,1015,588,996,1487,1395,1446,873,877,1219,661,499,1095,555,689,698
MXAN_2507,442,354,335,650,601,1047,879,760,469,607,364,610,1008,875,996,594,688,1021,384,329,975,402,451,487
MXAN_2508,555,572,579,893,897,1155,1438,1185,547,732,636,860,1257,1082,1208,622,704,1084,494,423,1024,371,529,508
MXAN_2509,72,67,75,154,134,376,193,139,95,125,63,141,264,215,281,164,185,278,120,98,271,86,130,131
MXAN_2510,4379,3981,4101,6327,6424,6599,11491,10660,5869,7976,3352,5858,6190,8014,7173,3447,3489,4537,1984,1179,4937,2371,2429,2526
MXAN_2512,670,704,752,1098,1129,1840,1972,1566,910,1044,693,1184,1583,1693,2243,851,982,1770,672,637,1621,626,844,1061
MXAN_2513,2299,2385,2310,3729,3399,3984,5623,4155,2621,3229,1771,3191,4139,4201,5381,1995,2516,5052,1584,1363,3804,967,1810,2299
MXAN_2514,3590,3010,2847,5708,5211,6825,9148,6202,4321,5274,2701,4940,6739,7238,7460,3080,4039,7216,2243,2249,5449,1608,2863,3890
MXAN_2515,2193,1779,1896,3355,2587,3435,3820,2282,1725,2910,1582,2706,4755,5617,5195,2451,3418,4718,1908,2198,4537,633,2357,3708
MXAN_2516,484,469,669,807,694,1072,1261,1045,553,1291,1065,1159,1736,2107,2035,970,1106,1174,951,933,1073,2027,1331,1327
MXAN_2518,377,311,381,601,529,1084,792,490,282,1420,650,1083,1856,1476,1549,948,909,1027,1016,647,906,840,848,1284
MXAN_2519,679,601,648,1177,955,1317,1548,930,574,2533,1199,1682,2711,2653,2515,1266,1276,1281,1564,1150,1278,1880,1627,1874
MXAN_2520,3665,3243,3812,7574,6433,6985,13866,12912,5332,20543,13962,13868,20143,24632,26923,9782,9148,7827,15330,13369,12604,19179,14524,13108
MXAN_2521,704,652,711,1545,1481,2471,2636,2017,1064,4401,2547,3429,6647,5945,6798,2663,2560,2532,4181,3462,3656,4242,3726,3565
MXAN_2522,434,266,355,778,740,1105,1448,1224,589,2188,1510,1690,2572,3220,3225,1498,1338,1121,1914,1650,1643,3229,1666,1603
MXAN_2523,2,5,119,8,11,18,18,24,7,48,44,35,79,73,86,64,57,32,47,28,20,115,136,110
MXAN_2524,139,94,201,204,233,474,479,446,234,827,479,633,965,876,949,459,487,486,504,470,513,984,468,475
MXAN_2525,61,64,78,130,149,388,204,218,108,424,222,439,773,530,548,372,400,524,315,228,402,158,305,253
MXAN_2526,1534,1093,1387,1803,1578,1768,3713,4115,1955,7580,5716,4204,5437,8898,7260,3240,3083,2806,3229,3450,3128,6141,4543,3405
MXAN_2527,137,94,225,235,182,412,403,286,157,717,392,603,1019,936,944,590,557,614,612,395,533,415,599,684
MXAN_2530,430,314,443,1015,755,1048,1437,1043,491,1930,1284,1589,3029,3497,3811,1485,1498,1448,2575,1986,2033,1590,2237,3168
MXAN_2531,9,7,94,34,14,55,37,20,15,39,13,42,60,49,101,27,20,20,37,38,29,205,103,165
MXAN_2532,47,31,160,93,76,136,161,167,68,277,243,209,519,573,728,225,246,201,385,371,358,809,438,511
MXAN_2533,39,27,65,54,75,112,97,92,39,269,121,187,317,395,431,221,224,219,121,122,210,182,145,120
MXAN_2534,177,108,137,265,272,575,534,546,307,1223,511,885,1318,1025,956,680,723,812,462,351,692,486,407,295
MXAN_2535,115,122,138,291,292,425,652,479,217,606,611,510,1215,1291,1287,647,698,739,648,751,751,500,562,491
MXAN_2536,4208,2958,3664,10026,6336,9133,11162,6645,3427,15708,8865,12464,31902,37960,35931,11866,12256,13047,20492,20516,17881,13125,21846,30600
MXAN_2537,289,253,367,604,434,849,587,565,259,1319,675,1194,2827,2499,2201,1621,1620,1600,1789,1278,1174,2241,2267,3441
MXAN_2539,1141,657,734,3113,2294,5762,3480,2527,1527,6261,2610,7233,16189,9820,9462,5888,4620,7390,8210,4465,7136,2301,3897,7473
MXAN_2540,552,332,313,1281,1043,2235,1372,969,631,2886,1427,2869,6678,4662,5015,2542,2347,2982,4160,2676,3673,1157,2089,3336
MXAN_2543,1014,918,1094,1751,1641,1924,2760,2672,1176,5946,4971,4050,6991,8863,9631,3548,3765,2955,5096,4778,3979,7139,5210,5022
MXAN_2544,946,783,940,1366,1201,1639,2257,2991,995,4535,3615,3118,4479,5631,5290,2690,2598,2254,2871,2436,2390,4046,2575,1981
MXAN_2547,198,187,292,314,297,175,542,625,227,817,891,520,634,1324,1342,343,397,332,466,505,455,688,566,356
MXAN_2548,94,95,128,159,222,370,394,370,168,735,422,625,1206,1137,1158,602,607,590,676,590,621,500,503,446
MXAN_2549,642,461,650,1300,720,1144,1546,1224,543,2516,1307,2161,3681,4398,4301,2034,1993,1659,3714,2478,2297,1191,2733,2603
MXAN_2550,1156,1374,1579,1643,2092,1699,3847,4892,1818,6661,6941,5003,6795,11511,11335,4499,5471,4585,3892,5141,3429,7930,7490,7464
MXAN_2551,345,433,624,651,588,546,1258,1391,534,1670,1508,1387,1946,3458,4053,826,1051,928,1268,1883,1364,888,1436,1266
MXAN_2552,125,80,129,138,118,102,258,285,168,452,211,288,366,580,634,155,178,157,211,233,224,73,222,198
MXAN_2553,31,13,92,51,40,58,94,135,34,141,123,107,210,216,263,91,82,64,135,122,116,141,106,126
MXAN_2555,651,613,715,1177,1252,1350,2533,3137,1090,3104,4007,2788,3799,6081,6439,2508,3041,2868,2214,2970,3620,2869,2550,1389
MXAN_2556,282,236,286,441,385,612,844,849,364,1204,1002,1028,1324,1813,1923,883,1089,1179,667,766,1106,680,652,509
MXAN_2558,148,135,137,255,276,256,406,333,162,648,406,377,602,753,904,393,382,291,426,490,399,835,553,504
MXAN_2559,105,111,132,219,250,341,353,431,173,609,414,554,710,695,728,430,465,492,279,303,464,375,301,268
MXAN_2560,402,308,436,561,764,1224,1463,1367,474,2466,1888,2145,2309,2747,2344,1400,1352,1397,843,791,1067,1934,1176,893
MXAN_2561,8903,7600,8388,11442,8858,10079,16568,13481,8082,15108,11152,12035,14627,19667,16827,7905,10068,13952,5646,7277,13246,4282,6962,8233
MXAN_2563,728,768,911,1083,1077,1566,1934,2365,853,4103,2997,2977,4057,4719,4252,2410,2647,2491,2311,2146,2111,2495,2919,2475
MXAN_2564,247,214,333,387,432,699,743,755,351,1684,1219,1362,1711,1849,1731,924,960,956,868,694,744,1771,981,1007
MXAN_2565,135,86,172,295,217,359,452,271,183,746,437,602,697,714,687,422,378,308,581,469,247,474,860,901
MXAN_2567,372,372,571,786,771,954,1459,1327,465,2083,2227,1690,2854,3805,4245,1512,1616,1302,2065,2172,1777,3557,2473,2440
MXAN_2568,250,198,314,442,329,519,652,534,289,1260,928,998,1512,1539,1335,733,827,705,1082,793,683,615,1132,1326
MXAN_2570,615,421,632,1642,1116,2271,1613,885,590,2693,1443,2142,5512,4338,4455,2118,1891,2024,3477,2517,2620,2865,3336,5103
MXAN_2571,1027,705,826,1192,839,900,3829,1691,1494,1015,493,771,912,969,1026,582,610,766,593,497,568,558,595,671
MXAN_2572,10,15,60,21,39,75,49,63,24,105,65,106,157,131,178,100,85,113,106,90,94,181,110,104
MXAN_2573,78,58,98,118,116,166,316,275,112,370,280,296,539,606,684,255,277,266,335,300,335,431,260,256
MXAN_2574,192,174,272,332,326,368,888,825,345,994,777,743,1085,1531,1624,602,635,591,793,810,811,1126,675,538
MXAN_2575,4,9,44,25,17,13,51,60,22,66,59,35,58,87,99,32,36,18,53,100,35,71,44,21
MXAN_2576,52,40,119,123,95,204,186,159,96,367,193,296,465,326,434,215,177,218,380,223,282,222,202,295
MXAN_2577,427,398,559,787,742,884,1530,1407,578,2314,1734,1651,1842,2141,2640,950,980,1048,1038,1108,1241,3191,996,939
MXAN_2578,357,273,392,572,739,882,1951,1761,604,1802,1924,1491,1586,1886,1963,834,948,949,620,626,931,328,657,440
MXAN_2579,49,47,202,82,62,102,130,130,44,161,120,110,119,177,236,61,88,60,76,93,96,177,114,96
MXAN_2580,71,88,187,161,149,175,294,308,113,425,336,254,281,479,549,151,197,155,171,218,182,300,246,203
MXAN_2581,39,51,125,82,83,78,168,134,55,200,130,154,143,191,239,70,61,96,77,88,72,79,108,103
MXAN_2582,28,31,185,70,62,108,126,82,41,149,99,133,153,191,263,89,101,105,92,104,90,140,114,124
MXAN_2583,16,6,84,18,18,43,37,49,12,59,26,33,56,62,82,37,33,31,38,41,32,106,46,60
MXAN_2584,31,29,147,59,55,41,90,79,28,113,111,79,152,197,216,87,118,81,110,91,62,428,122,147
MXAN_2586,2737,2718,3021,4954,4151,5690,8889,10565,3937,14530,11720,10882,18663,26806,28625,10435,12592,12225,12937,13438,14331,14744,12740,13068
MXAN_2587,5,6,22,12,16,36,17,14,7,24,12,30,53,56,78,23,39,35,33,39,50,20,39,70
MXAN_2588,214,185,285,373,370,371,675,623,272,814,584,597,986,1165,1250,520,524,568,594,532,662,486,593,547
MXAN_2590,90,58,69,140,151,358,246,192,83,275,169,259,317,268,327,192,199,245,122,114,217,50,108,131
MXAN_2592,32,39,66,85,57,161,130,76,54,185,119,157,380,317,396,147,134,160,249,211,215,335,202,229
MXAN_2593,181,135,286,409,302,348,630,485,248,814,620,562,814,1084,1189,402,442,405,692,704,539,303,489,535
MXAN_2595,10862,6824,6803,17631,15048,28300,32124,27712,14733,47574,23032,43041,79144,52376,43799,32401,29365,41102,30279,15789,35429,11684,20719,34194
MXAN_2598,121,70,194,209,163,353,331,228,116,641,404,581,890,836,721,454,474,426,525,451,321,390,755,868
MXAN_2599,74,70,193,164,145,285,265,194,117,381,244,377,678,641,627,338,372,413,350,266,424,251,214,220
MXAN_2600,129,91,146,219,207,429,411,521,201,607,563,580,1500,1665,1677,905,1065,1096,806,941,960,1125,923,692
MXAN_2602,268,367,410,434,452,1030,1019,1307,264,1860,1213,1470,2592,2263,2299,1121,1229,1277,1222,1323,1179,1299,1810,1757
MXAN_2603,3638,3398,4106,6493,4488,4388,9332,9921,3413,12154,7046,7889,9336,12446,13135,4207,4637,4737,5803,5882,6457,6201,6782,7066
MXAN_2604,460,346,563,1041,996,2061,1681,1298,701,3014,1705,2550,7018,5639,6134,2979,2751,2938,4345,3152,3492,4670,3591,4901
MXAN_2605,230,189,284,523,390,756,616,603,339,1535,1168,1075,2490,2234,2161,1045,1019,1049,1720,1690,1522,1318,1390,1849
MXAN_2606,1031,809,1212,2125,1739,3169,3276,2931,1341,5493,4598,5170,9649,10339,9680,5444,5613,5591,6202,4973,5867,5434,4816,5348
MXAN_2607,1354,961,936,2666,2192,3926,4180,2544,1948,7241,2443,6179,9642,7900,7036,4665,4174,5497,4228,2835,4877,2793,2660,3157
MXAN_2608,714,555,652,1331,972,1852,1770,1664,716,3135,1663,2802,3410,2687,2897,1612,1620,2319,1479,1171,1879,734,1042,1225
MXAN_2609,979,841,1079,1659,1646,1786,3754,3212,1316,4040,2839,3162,3251,4118,4544,1523,1911,2258,1459,1566,2507,1200,1508,1202
MXAN_2610,72,97,481,128,162,179,331,418,137,378,508,345,418,655,823,230,266,234,376,440,293,864,411,366
MXAN_2612,16,11,120,29,29,55,54,41,32,92,45,89,160,131,177,61,76,72,70,88,70,119,104,81
MXAN_2613,119,81,278,154,153,362,118,152,51,768,707,713,2238,2097,1489,1084,1173,943,1519,1248,458,2953,2153,3170
MXAN_2614,176,138,184,339,253,521,485,382,246,955,423,804,1329,1139,1187,564,526,626,905,678,696,569,679,910
MXAN_2615,106,85,274,218,240,353,424,406,132,746,628,639,1143,1302,1428,485,443,350,842,674,587,1639,674,703
MXAN_2616,766,611,1080,1388,1317,1563,2659,2582,944,4192,3867,3179,4813,5744,6625,2357,2271,1913,3884,3803,3068,4296,3845,2970
MXAN_2617,719,521,995,1100,1078,1441,2127,1926,758,3487,2943,2674,4404,4971,4439,2318,2463,1842,3340,2822,2608,3639,2760,2750
MXAN_2618,2375,1500,1707,4134,4052,6224,7043,5368,2767,11053,8862,10208,14562,18426,17772,8321,8751,9272,8112,7671,11306,6440,8321,5706
MXAN_2619,375,366,479,712,731,1036,1628,1857,826,2818,2309,2055,3276,4237,4674,1719,2084,2034,2061,2420,2453,2768,2185,1866
MXAN_2620,76,61,88,159,158,269,249,201,82,462,342,411,592,785,826,376,514,430,483,457,383,403,776,1007
MXAN_2622,304,170,222,281,331,514,387,367,162,621,385,446,676,664,623,373,398,362,385,289,452,459,436,287
MXAN_2623,46,47,125,63,47,53,101,116,44,198,170,129,177,232,281,80,76,67,119,157,135,139,157,161
MXAN_2624,353,305,399,685,595,896,1104,1008,560,1604,1087,1273,2062,2240,2218,1169,1150,1285,1050,954,1377,830,876,851
MXAN_2625,4,2,11,3,3,4,7,5,0,10,9,13,16,14,19,9,13,13,11,14,16,24,20,11
MXAN_2626,67,69,237,120,156,138,380,628,153,506,503,304,368,1053,1333,333,538,354,317,644,433,1769,607,478
MXAN_2627,6302,6331,7637,11096,10522,9773,22293,32515,8998,26609,36156,21879,31294,64422,60105,20885,25756,24061,20999,23905,32380,40489,27398,25259
MXAN_2628,18,15,84,34,43,93,91,100,35,164,91,113,239,316,354,155,194,235,139,159,175,120,133,108
MXAN_2630,435,351,442,767,686,1165,1412,1188,671,2251,1476,1880,3381,3367,3704,1670,1625,1811,2352,1711,2161,1750,1995,2302
MXAN_2631,445,506,603,842,824,982,1846,1950,645,2473,1986,1767,2086,2891,3117,1158,1364,1424,1216,1262,1734,1212,1181,1152
MXAN_2632,2933,2580,3129,5645,4065,3986,6115,5272,2171,7276,5454,5610,5461,7290,8068,2834,3346,3316,2935,3330,3659,2549,4357,4536
MXAN_2633,3422,2696,3785,6799,4580,4255,6628,5780,2233,7541,6132,6231,5441,8345,8846,2941,3600,3649,3108,3325,4001,3482,4262,3929
MXAN_2634,12455,9844,13823,21788,17320,14686,29384,33721,10509,51564,70595,37109,37671,66893,65494,21448,23882,20587,24339,26112,30013,12831,31052,21279
MXAN_2635,275,256,302,508,437,472,1084,1017,337,1397,1188,1104,1072,1782,1918,764,845,796,744,901,781,2303,1572,1502
MXAN_2636,81,52,80,114,83,139,296,223,98,284,254,184,351,602,640,242,237,252,298,258,272,561,390,310
MXAN_2637,296,202,318,724,539,736,617,479,276,1274,942,1140,2101,2249,2404,1009,998,1069,1627,917,1155,677,1593,2276
MXAN_2638,77,119,185,157,168,235,214,222,112,697,557,478,796,1138,1068,525,589,479,494,549,381,2868,992,982
MXAN_2641,51,36,52,77,118,197,269,207,109,403,306,324,501,650,592,307,347,312,205,218,284,641,317,283
MXAN_2643,226,222,295,360,298,452,780,894,322,1131,716,807,1238,1433,1617,657,828,890,617,649,718,319,567,440
MXAN_2644,5044,4204,4542,9034,8662,10640,17849,16335,8263,27996,22323,20340,27767,39577,40220,14597,15656,17412,15958,22234,20945,14284,17362,13706
MXAN_2645,2166,2425,2879,3459,3633,2529,7767,9460,2979,11334,10903,7020,8110,15051,17646,4376,4872,3447,5744,8144,5091,15919,7313,5364
MXAN_2646,57,25,44,104,55,176,117,67,45,168,109,218,276,308,345,221,236,206,194,162,173,156,159,159
MXAN_2647,415,363,446,721,632,885,1163,1221,432,2103,1553,1601,2276,2443,2453,1272,1280,1085,1337,1267,1179,930,1109,908
MXAN_2649,353,306,439,651,655,718,1616,1533,696,2138,1828,1645,3131,4112,4536,1287,1562,1401,2019,2490,2223,2432,2126,2180
MXAN_2650,1934,2139,1741,5006,6287,10182,2044,4505,1364,12940,12147,11702,26324,25863,25011,12003,12535,13083,16664,11983,13793,6767,19067,36929
MXAN_2651,841,879,1350,1081,878,717,944,1539,414,3252,4321,2112,2776,5517,5596,1404,1797,1243,1966,3508,1505,4076,3329,2871
MXAN_2652,5506,4437,5600,7565,6584,8338,8273,9353,3465,13122,16913,10207,20320,23950,21286,10029,9652,8924,13363,10461,12713,12962,17611,18410
MXAN_2653,358,301,365,693,680,756,1151,1329,487,1863,2307,1510,3340,5252,6056,1860,1974,1438,3367,3255,2715,3587,3338,3669
MXAN_2654,48,44,74,124,137,303,174,121,82,292,199,285,631,693,821,370,333,339,523,450,413,900,462,514
MXAN_2655,803,784,815,1684,1677,1940,3006,2798,1173,5212,3568,3507,5542,7026,6916,2564,2481,2161,3407,3144,3097,6161,3540,2935
MXAN_2656,785,406,507,1871,1878,2118,3064,1808,1032,5850,3757,4101,5813,6918,6175,2478,2639,2137,3835,2755,2992,3190,3442,2756
MXAN_2657,239,207,278,472,510,836,811,722,282,1331,1509,1444,1999,1904,2174,946,996,824,1174,999,962,1417,1135,1252
MXAN_2658,482,470,524,1001,947,1143,1708,1529,665,2994,2082,2006,3157,3592,3662,1758,1732,1540,2186,1817,1957,3381,1777,2024
MXAN_2660,3023,2407,2120,6190,5366,5967,12506,9580,4127,14301,8768,10399,11898,13980,16300,5587,6169,7229,5680,5314,9459,2580,4009,3828
MXAN_2661,5487,4741,4092,10608,8597,8345,21125,16391,7358,23228,12285,14382,18148,19933,20755,8555,9664,11350,7730,8066,13537,2317,5114,3971
MXAN_2662,303,379,469,576,696,637,1238,1813,609,1590,1642,1237,1433,2187,2384,624,765,798,670,688,1102,684,699,671
MXAN_2663,366,285,345,933,755,1506,1529,1039,582,2009,1060,1960,2780,2330,2318,1270,1331,1790,1407,951,1691,674,1030,1022
MXAN_2664,1210,889,1117,2159,1814,2308,3874,4107,1719,6058,4056,4630,6500,7825,8280,3270,3194,3313,5245,4684,4678,3980,4060,5327
MXAN_2665,544,488,571,1253,1178,1386,2149,1596,692,2282,1683,2168,2381,1958,2346,938,1173,1254,1136,890,1431,691,1016,905
MXAN_2666,9872,8647,9058,21363,14927,10805,25788,22179,6579,54425,37739,29049,29702,36994,42083,11522,11803,11003,14597,17208,21318,13896,16322,10237
MXAN_2667,5988,3971,4194,14942,9610,8957,17372,12162,6091,38485,16335,19874,21777,22966,25334,8254,8178,7860,10009,8832,12961,6526,9171,7811
MXAN_2668,6451,4353,5107,13394,6778,8228,13294,9860,3902,27269,17623,15216,17786,21910,20628,8504,8102,8336,10626,10010,13498,11718,9453,8915
MXAN_2670,396,334,440,961,760,1440,1220,895,436,2090,1833,1807,3986,3980,4599,1766,1824,1633,3588,2955,2612,4238,3146,3807
MXAN_2671,372,331,472,667,707,835,1328,1702,511,2103,3492,1608,2123,4067,4709,1207,1330,1155,1556,2137,2027,3674,1950,1310
MXAN_2674,1262,1210,1351,1878,1757,1816,4333,5896,1737,6301,6153,4225,6798,12273,13481,4520,5041,4252,5269,6720,5902,2445,5662,4457
MXAN_2675,656,756,671,917,1119,1145,2955,3511,1122,4493,3291,2736,3578,4369,3665,2023,2287,2318,1340,1589,1884,1158,1394,620
MXAN_2676,113,91,148,334,458,611,697,441,237,1094,679,1062,2680,2607,2749,1029,1000,1022,1726,1186,1549,2813,1452,2003
MXAN_2677,309,260,302,621,451,571,800,774,334,1566,954,1061,1981,2285,2550,863,988,817,1686,1680,1298,936,1424,1543
MXAN_2678,199,152,234,416,337,574,671,492,232,1312,792,967,2293,2332,2447,1016,1046,1018,1779,1367,1516,2055,1366,1743
MXAN_2680,1712,1972,2399,3931,3755,3830,6027,6599,2004,11098,12078,8177,19506,25887,30896,7622,9123,7732,16857,15055,13264,7924,14884,16957
MXAN_2681,140,130,231,360,464,740,490,741,266,1378,1724,1330,3360,3561,3406,1732,1683,1510,2095,1908,1589,4136,2169,2681
MXAN_2682,141,159,242,243,310,628,355,560,233,1357,969,1215,2808,2777,2807,1406,1516,1450,1687,1661,1347,2390,1744,1653
MXAN_2683,924,975,1088,2031,1846,2999,2372,2768,1058,7395,5791,6569,13789,14837,14442,6714,6984,6143,8048,7142,6423,10464,7783,8211
MXAN_2684,69,72,76,100,103,144,139,163,73,441,256,327,697,825,763,392,372,393,501,408,317,1029,419,433
MXAN_2685,124,154,222,360,413,1001,660,664,196,1288,1200,1463,3115,2996,2803,1500,1563,1485,1753,1298,1475,1375,1582,1913
MXAN_2686,437,481,699,918,1154,2236,1563,1492,718,4448,3226,3843,9317,9168,9261,4537,4575,4268,5112,4456,4314,7716,5596,5830
MXAN_2687,15,16,94,38,41,37,43,54,11,66,64,47,74,113,138,39,54,35,62,56,47,191,68,83
MXAN_2689,73,64,167,127,88,123,171,218,86,330,163,219,162,211,280,75,94,115,96,91,139,118,107,123
MXAN_2690,1190,950,1384,2169,1701,2029,3132,2984,1230,4777,3750,3889,4771,5981,6213,2344,2441,2239,3270,3209,2972,2677,3218,3339
MXAN_2691,55,67,93,110,90,87,186,152,58,268,211,204,285,303,373,165,143,178,243,209,210,79,164,168
MXAN_2692,8,18,57,24,16,34,47,42,23,40,43,45,78,95,142,43,55,51,52,80,63,57,54,66
MXAN_2693,389,385,572,928,883,1258,1875,1673,698,2234,2604,1948,3020,3586,4210,1420,1589,1586,2072,1718,2132,2076,1766,1806
MXAN_2694,294,269,309,602,562,1014,1442,1543,597,1831,1483,1719,2324,2334,2609,1263,1493,1717,1158,996,1370,693,996,928
MXAN_2695,1834,3245,2605,2227,3396,1977,7536,11458,3561,10844,12220,5903,9227,14943,16710,5807,8451,7056,3610,8492,6646,2639,4871,2462
MXAN_2697,77,63,120,120,120,171,243,201,118,302,212,254,290,346,381,168,190,263,131,131,228,44,133,148
MXAN_2698,281,256,378,446,487,837,1002,874,522,1930,1099,1478,2183,2285,2035,1131,1279,1572,713,664,1420,805,865,770
MXAN_2700,150,163,248,233,316,440,533,704,249,1211,1100,805,1379,1652,1634,824,1098,967,703,799,843,1033,976,806
MXAN_2701,665,714,698,1008,1161,1792,2205,2162,985,4132,3055,3304,5689,6856,5756,3062,3535,3334,2377,2282,2998,3698,3977,3066
MXAN_2702,325,301,305,722,668,1287,1309,1506,561,2009,1732,1946,3277,4129,5071,1743,1846,1697,2384,2670,2462,7142,2413,2091
MXAN_2703,351,230,332,685,439,725,1095,830,381,1686,1265,1256,1794,2131,2353,1186,1022,960,1615,1326,1217,757,1106,990
MXAN_2704,1201,925,979,2297,2128,1989,4886,4099,1608,6529,5277,4730,6040,8621,7866,3063,3996,3792,2909,3182,4677,1890,3044,1700
MXAN_2705,227,223,289,581,598,836,1219,1062,418,1974,1866,1659,2437,2862,3068,1340,1617,1902,1064,1271,2021,1644,1145,916
MXAN_2706,601,416,519,1124,856,918,1968,1673,639,2197,1678,1751,2044,2467,3083,1039,1043,1081,1321,1166,1535,1038,1050,1061
MXAN_2707,688,702,798,1608,1587,2540,4183,3501,1650,4775,3621,3973,5553,6464,7842,2793,2982,3033,3308,3076,3579,5861,4041,4416
MXAN_2708,2225,1671,2256,3362,2283,2245,4644,4955,2199,7716,6058,5281,4161,7835,7873,2965,3427,3066,2593,2773,3255,2366,2852,1984
MXAN_2710,2003,1400,1290,4613,3796,6254,8020,5263,3257,11093,4571,8622,14632,12028,13299,6055,5666,6995,8803,6053,9756,3323,4864,6695
MXAN_2711,1672,1306,1624,2626,2766,2737,5446,6419,1938,5940,6238,4206,3382,4534,4885,2153,2167,1977,2516,2309,2159,2721,2084,1649
MXAN_2712,105,69,133,166,197,418,311,250,137,310,182,274,482,452,558,327,306,352,362,267,293,552,242,271
MXAN_2713,64,51,117,170,148,281,257,184,94,316,200,288,653,616,717,327,360,384,513,451,493,277,428,588
MXAN_2714,27,30,73,45,41,40,67,59,18,60,51,37,74,118,146,46,56,65,92,103,57,118,145,105
MXAN_2715,29,29,52,38,45,33,85,110,24,160,145,100,235,325,275,149,136,98,212,192,100,1139,302,347
MXAN_2716,896,631,934,1568,1342,2292,1788,1836,869,5326,4937,4649,7176,8455,5558,4441,4412,3406,4571,3816,2142,4392,6644,7228
MXAN_2717,47,42,45,95,72,159,121,71,60,275,140,242,346,527,437,331,288,272,298,254,147,378,410,356
MXAN_2719,590,654,695,919,1068,2148,1192,860,463,3534,2429,2753,5680,5444,5206,2781,2801,2764,2746,2393,1738,3989,5060,5910
MXAN_2720,74,64,61,147,225,459,290,195,335,604,434,480,1680,980,1139,733,749,830,605,494,503,395,1039,1627
MXAN_2721,143,104,227,240,274,622,412,363,193,810,510,841,1449,1348,1422,755,738,776,793,675,691,1276,963,1127
MXAN_2722,64,43,108,149,118,324,207,147,92,305,135,324,651,420,419,244,258,299,305,172,306,186,231,380
MXAN_2723,143,142,341,336,268,565,529,451,206,798,594,771,1310,1322,1589,666,711,737,754,691,876,708,670,744
MXAN_2726,2387,1618,1701,4073,3102,3729,5764,5456,1981,8900,5784,7092,7830,7205,6892,4179,4131,4202,3785,2772,4248,849,2373,2968
MXAN_2727,1631,1130,1173,3246,2640,3978,5100,2869,1395,6673,3075,5470,6228,5883,5858,3494,3117,3434,3327,2329,3830,1027,2080,2690
MXAN_2729,3182,2963,2464,5808,4051,4465,8249,6119,2727,11743,5057,6632,8308,8494,8450,4038,4233,4706,3588,3176,4393,1062,2853,1868
MXAN_2733,425,444,509,1069,988,1429,2050,1444,451,2183,1901,2151,3765,4142,4593,1682,2228,2434,2224,2089,2722,376,1970,2005
MXAN_2734,1136,701,765,1870,1449,2042,2938,2068,1312,4330,3212,3533,5108,5971,6038,2845,3031,3593,3292,3160,3956,1272,2664,2441
MXAN_2735,686,620,914,1482,1566,1695,3839,2860,1198,2493,2610,2242,4533,5976,6866,2155,2275,2128,3514,3994,3251,3568,3847,4038
MXAN_2736,426,329,455,806,1453,1936,2239,2452,793,3614,3470,3680,4371,4287,4643,1464,1494,1479,1901,2145,1955,1994,2188,2186
MXAN_2737,8,4,48,15,16,29,13,22,5,43,68,33,129,92,138,67,91,103,88,67,58,85,99,151
MXAN_2738,36,42,281,52,72,119,113,151,66,178,216,224,628,654,838,414,464,450,427,463,313,651,613,834
MXAN_2739,28,31,59,48,78,130,123,128,59,173,134,155,320,353,418,174,238,272,131,163,220,211,224,216
MXAN_2740,184,91,150,294,342,866,457,429,178,1350,951,1171,1669,1620,1336,881,903,887,832,555,755,422,950,944
MXAN_2741,21,21,66,35,27,49,81,69,21,103,115,90,108,184,226,98,76,64,54,71,52,202,135,82
MXAN_2742,4507,3600,3171,5845,6057,5797,14835,12357,5116,22862,13242,14771,12468,15507,14949,7381,7609,8382,5014,5322,7559,5207,3929,2284
MXAN_2744,40,31,76,91,77,125,188,124,82,204,92,168,303,271,246,145,166,157,164,147,161,86,115,122
MXAN_2747,2287,2053,2196,4700,3723,4042,7234,6126,2575,10026,7225,7259,9991,12961,14031,4899,5225,4892,7815,7463,6588,2927,7089,5930
MXAN_2749,131,73,138,180,111,119,384,146,87,136,65,92,74,95,131,50,45,54,45,42,40,91,62,44
MXAN_2752,401,472,620,879,938,1449,1406,1494,574,2475,2596,2124,5265,6087,6723,2691,2929,2631,4047,4181,3358,6562,4529,5427
MXAN_2753,3,4,23,11,13,46,11,11,4,28,14,39,172,204,275,101,130,129,137,183,146,114,207,275
MXAN_2754,8614,7550,6092,19590,19899,10953,67480,44339,16100,7832,3808,5357,3497,5285,6332,1610,1741,1591,2675,3668,2285,1870,2460,2691
MXAN_2755,12,11,39,31,25,62,44,30,14,55,39,70,112,90,138,68,86,87,79,71,82,56,52,78
MXAN_2756,49,27,64,104,71,150,91,61,52,143,74,133,263,329,304,145,146,184,171,152,204,180,155,164
MXAN_2758,190,274,331,383,519,611,1023,1142,457,1494,1042,1123,1576,2310,2317,915,1031,990,918,836,1227,1164,939,770
MXAN_2759,372,391,564,793,750,932,1463,1123,383,1436,1525,1565,1814,1762,1815,980,1078,1198,796,672,1079,534,834,682
MXAN_2760,1154,1098,1103,2126,1840,2308,3059,2559,1253,4147,1945,3679,7295,5738,5228,2789,2709,3500,2916,1969,2448,1225,2529,4355
MXAN_2761,339,557,516,479,503,514,1486,2636,625,1976,1333,1075,1820,2389,3151,932,993,857,928,1395,994,1141,1196,958
MXAN_2762,153,129,230,260,223,325,446,402,190,615,414,503,520,610,732,310,299,339,338,303,385,330,255,213
MXAN_2764,52,29,124,141,125,184,209,141,62,262,200,216,280,362,444,202,209,171,238,189,202,350,289,214
MXAN_2766,16,20,39,22,32,13,81,109,25,91,65,41,33,107,109,29,26,13,27,39,38,54,40,24
MXAN_2767,7,5,20,9,16,6,21,23,4,42,37,30,16,51,41,7,17,9,13,23,19,25,16,12
MXAN_2768,7,7,13,10,8,3,28,24,6,28,58,24,15,41,60,7,13,9,13,20,15,9,23,11
MXAN_2769,30,14,85,43,30,41,67,70,34,127,76,82,59,108,134,31,44,39,47,32,45,56,47,45
MXAN_2773,8,16,192,20,33,39,53,64,25,87,67,55,80,95,142,43,52,46,32,58,58,94,42,58
MXAN_2774,16,11,68,10,20,9,40,61,12,42,57,39,33,59,96,10,17,18,31,37,21,54,19,24
MXAN_2775,85,106,242,124,158,87,311,448,105,466,589,349,266,420,579,159,171,104,175,250,167,518,196,200
MXAN_2776,81,64,149,150,152,282,307,212,105,440,227,424,731,599,607,326,300,322,491,292,348,423,385,464
MXAN_2777,29,54,101,57,102,141,153,163,72,205,162,183,346,280,333,283,301,190,680,627,290,237,289,1255
MXAN_2778,59,38,72,86,90,117,192,152,89,353,184,228,321,338,363,166,158,162,181,108,184,150,155,102
MXAN_2779,38,26,156,78,74,157,159,135,64,286,158,246,470,369,494,222,222,203,257,191,264,317,204,233
MXAN_2780,16,13,100,25,31,46,41,68,14,82,120,77,167,167,208,126,113,90,87,94,64,198,165,167
MXAN_2782,279,276,340,570,731,882,1335,1161,472,1793,1925,1840,3231,3037,3303,1118,1205,1325,2199,1890,1546,1605,1618,1526
MXAN_2784,50,62,103,91,124,334,215,167,136,285,186,332,425,355,373,180,210,214,204,210,226,131,184,267
MXAN_2785,210,218,472,367,305,708,273,243,103,1725,1211,1306,2684,2457,1930,1316,1344,1128,1543,1168,674,1751,1885,1930
MXAN_2786,6052,4231,5107,20650,14532,19389,13900,9188,4147,55306,30400,37802,26496,28748,27965,20358,21478,22251,11759,11859,19809,11289,13179,9047
MXAN_2788,18,14,43,57,89,196,41,21,14,244,217,275,337,322,419,319,350,393,144,171,303,430,154,150
MXAN_2789,23,10,86,25,27,60,55,51,27,95,66,65,112,108,134,85,88,134,43,53,47,38,59,61
MXAN_2790,167,205,145,481,498,561,576,539,210,1496,939,1329,4543,4393,4253,3366,3749,4227,2311,1781,1773,606,3788,5503
MXAN_2791,1821,2018,1052,4449,5161,6272,4375,3400,1853,16560,9781,15010,95324,61232,53608,53759,49575,63811,41950,19696,32363,8238,44842,105567
MXAN_2792,101,138,220,218,202,498,349,446,176,1078,742,864,2355,1893,1774,990,973,1057,1046,813,684,1350,1319,1756
MXAN_2793,553,449,638,1036,731,939,1415,1266,619,2413,1330,1744,3503,3712,3826,1384,1422,1523,2173,1826,1878,3089,2065,2731
MXAN_2794,109,99,207,169,155,183,417,467,168,524,430,381,466,694,713,233,307,304,278,334,381,176,249,296
MXAN_2795,228,184,360,483,379,477,839,676,368,1391,704,1003,1379,1608,1599,537,657,761,649,580,800,287,439,625
MXAN_2796,1126,752,1051,1869,1623,2439,4023,2518,1596,2931,1634,2350,3788,3534,3632,1852,1884,2294,1686,1485,1895,1195,1315,1412
MXAN_2797,57,27,79,65,82,124,193,136,108,160,123,172,283,285,276,141,153,142,141,127,145,136,96,90
MXAN_2798,1579,1223,1675,2718,2670,3309,6538,4778,2171,6060,5125,4855,7097,8447,10293,3748,4036,3583,3953,3890,4176,11935,3726,2885
MXAN_2799,264,200,296,377,334,596,623,647,309,1088,717,883,1337,1421,1527,819,826,953,742,624,935,852,608,604
MXAN_2800,171,168,240,312,340,554,707,588,306,1021,702,919,1236,1173,1484,643,854,881,543,501,798,607,565,434
MXAN_2801,1155,1156,1290,1777,1627,1894,4005,4145,1403,5652,4919,3781,3585,4604,4615,2248,2418,2357,1802,1555,2633,2489,1987,1483
MXAN_2803,950,787,812,1576,1612,1326,2430,1817,971,2533,1414,1810,1766,2206,3077,852,1085,1168,903,857,1622,1347,1058,1086
MXAN_2804,3738,3470,3534,7278,6307,6897,12079,7833,3803,14557,8099,11522,9417,9512,10168,5020,5577,5653,3493,3635,4865,2320,3248,2664
MXAN_2805,318,269,286,651,730,1084,1309,898,503,1945,1129,1529,1683,1806,2060,1043,1118,1111,665,644,995,767,715,558
MXAN_2806,330,317,398,650,587,800,1101,950,496,1702,1522,1380,1373,1478,1793,895,964,990,568,602,913,722,666,545
MXAN_2807,323,276,363,769,916,1340,1526,1215,462,1796,1583,1786,3282,3420,4361,1628,2068,2136,1859,1718,2300,1223,1675,1657
MXAN_2809,7,4,56,14,7,8,18,29,17,22,18,11,18,27,54,17,17,8,8,10,13,20,24,20
MXAN_2811,404,335,346,703,763,1017,1634,1225,667,1333,723,1154,1477,1454,1555,781,918,1257,562,467,1069,570,537,572
MXAN_2812,444,597,1116,1265,1421,2469,3694,5950,2113,16155,17019,13411,37646,51436,48067,13289,15420,11557,26841,35425,22065,18583,25732,18074
MXAN_2813,106,89,153,273,195,357,402,235,124,381,280,376,577,642,614,374,434,473,323,240,420,317,315,332
MXAN_2815,6256,4776,4708,10302,10131,11283,19443,10646,6718,26197,10361,19061,22796,20653,19118,12168,11716,12766,8154,5740,9199,2716,7597,7851
MXAN_2816,2459,2222,1925,4102,3456,6464,7388,6259,3463,12402,5712,8494,9979,9580,8641,6030,5432,7199,3777,3340,4504,4820,3773,4357
MXAN_2817,3665,3759,4149,6843,8067,7070,14962,12268,4857,23913,19011,15717,22933,30548,27769,12563,12975,10125,11903,13191,7988,23526,21764,19633
MXAN_2818,487,411,333,781,878,1490,2250,2092,1199,2708,2407,2385,4079,5408,5895,2464,3180,3352,1769,2409,3258,3560,2164,1763
MXAN_2827,5,10,6,7,9,16,9,19,3,13,10,14,37,52,67,15,33,17,17,25,30,41,40,43
MXAN_2831,1332,1478,1616,2187,1816,1797,3626,4895,1716,6819,5251,4092,3834,5324,5571,1932,1843,1660,2061,2311,2586,3439,1967,1534
MXAN_2832,59,44,37,108,110,139,231,213,80,321,222,264,330,440,569,214,232,184,208,182,300,128,215,164
MXAN_2836,333,201,284,702,581,841,1276,1177,425,1757,1802,1555,1835,2075,1828,1082,937,980,1388,965,1041,461,805,924
MXAN_2837,770,536,559,1732,1572,2362,2218,1850,983,3419,2400,3206,11175,8583,6919,2883,2785,3383,5999,3386,4463,755,2678,5500
MXAN_2839,160,129,119,250,187,238,384,334,162,535,299,391,487,594,630,215,271,266,354,321,305,194,314,293
MXAN_2841,681,386,563,998,845,1624,1095,1009,507,2804,1646,2105,3770,4229,4478,1990,1758,1657,2341,1584,1972,2130,1885,1993
MXAN_2842,4,0,58,9,4,25,23,25,10,36,17,29,61,44,55,17,20,15,19,18,13,23,23,28
MXAN_2843,983,663,1865,5213,2518,8128,3903,2635,2099,4898,1936,3270,5327,7560,7406,1794,2544,4838,973,1490,2717,579,943,576
MXAN_2844,1026,685,2002,7229,4253,10377,3547,1571,1764,5254,1640,4385,3940,6170,8741,849,1712,4796,614,1059,2682,673,805,375
MXAN_2845,101,67,144,274,224,405,484,507,186,639,645,511,541,919,985,282,328,458,381,408,412,539,410,322
MXAN_2846,475,457,610,878,737,767,1652,1662,539,2115,2134,1768,1531,2328,2577,881,1113,908,1147,1117,1200,1527,1086,828
MXAN_2847,28,20,120,50,53,56,117,133,33,211,167,166,130,172,257,97,111,81,84,129,75,142,102,98
MXAN_2848,4,5,86,14,10,13,22,27,7,75,48,49,38,44,81,29,31,33,26,37,32,41,26,30
MXAN_2849,26,29,80,59,60,80,121,90,57,160,77,112,180,152,210,73,89,99,78,57,96,53,68,68
MXAN_2852,121,103,257,215,156,279,268,311,180,928,749,654,2639,2781,2347,845,935,919,2109,2300,1213,2547,1890,2782
MXAN_2853,48,26,165,78,71,256,181,149,101,624,363,494,4085,3765,3003,1387,1352,1080,4585,3369,1989,4084,2914,5958
MXAN_2854,14,8,14,33,33,137,49,21,17,145,74,174,1838,978,707,526,448,559,1761,628,700,509,677,2568
MXAN_2855,741,477,543,1524,1299,1419,1595,943,597,3607,2907,2558,40319,55685,43257,15331,16403,13057,69147,49726,34633,19383,37631,82066
MXAN_2856,115,54,48,262,173,281,192,74,89,535,452,443,7907,8028,5738,2590,3008,2667,11998,8970,6825,3273,6165,12656
MXAN_2857,238,242,631,643,661,1349,813,1094,434,5292,3875,3763,24870,22269,21337,8197,7409,5463,33627,24999,13316,25973,24021,46283
MXAN_2860,457,344,541,662,702,1035,1297,1209,521,2712,1982,2248,2497,2792,2848,1612,1568,1784,1469,1124,1605,831,1394,1780
MXAN_2861,189,133,271,361,274,528,583,491,279,1098,446,836,1228,1123,1163,516,487,553,755,531,802,628,551,674
MXAN_2863,7,8,130,17,13,17,25,31,15,33,31,30,48,82,136,35,47,29,34,50,35,124,51,46
MXAN_2864,76,76,197,165,153,221,252,229,114,374,175,357,398,311,405,140,166,290,116,93,206,131,97,106
MXAN_2865,50,27,131,64,68,135,176,147,80,242,159,211,236,244,278,121,109,184,66,85,155,68,68,78
MXAN_2866,38,28,108,59,84,148,204,166,82,266,117,239,308,236,259,143,177,250,100,81,191,59,68,76
MXAN_2867,3,3,108,2,1,8,12,21,5,26,13,10,20,19,38,8,11,6,14,18,4,18,15,15
MXAN_2869,223,208,291,304,403,369,901,1425,340,1222,1445,673,925,1588,2011,489,608,486,672,1054,723,769,866,717
MXAN_2870,98,66,206,152,108,184,216,172,88,382,282,289,357,327,321,188,183,189,285,169,192,174,187,228
MXAN_2875,27,35,149,42,39,89,108,132,54,171,134,138,181,264,327,156,196,161,154,161,129,411,224,251
MXAN_2876,357,537,789,678,701,1924,217,166,153,3397,1696,3635,25950,15408,14393,18642,18858,26261,7944,5985,5519,2193,11457,21637
MXAN_2877,10,4,60,13,27,52,36,32,18,65,39,52,167,276,345,98,96,78,130,172,101,339,179,151
MXAN_2878,116,119,205,162,126,83,213,286,88,319,370,244,184,314,317,111,128,110,103,163,103,89,132,94
MXAN_2879,140,81,211,267,284,497,353,347,162,747,538,739,1319,1336,1489,640,622,673,777,675,955,837,688,720
MXAN_2880,353,302,410,673,617,1179,1010,829,484,1968,857,1643,2537,1934,2107,1097,1022,1109,1091,715,1177,797,845,900
MXAN_2882,26,14,30,47,46,62,58,56,22,152,88,112,175,144,107,90,74,71,80,61,64,80,116,130
MXAN_2883,429,315,303,1599,928,1346,468,606,232,1885,749,1711,2440,2235,2993,595,642,980,1139,963,2002,152,550,710
MXAN_2884,34,40,243,52,76,58,102,179,39,246,319,167,483,712,892,1014,926,538,582,680,243,2344,1876,728
MXAN_2885,427,353,368,594,499,1000,1152,1150,541,1922,1015,1662,1679,1265,1449,698,658,837,846,605,990,288,587,875
MXAN_2886,101,46,57,210,196,533,431,205,184,673,410,742,1081,1056,1028,537,473,570,619,373,684,1480,424,582
MXAN_2887,17,24,36,35,42,70,76,50,36,99,59,115,164,181,199,88,93,90,100,65,115,48,81,98
MXAN_2888,326,302,384,544,466,625,1083,1134,481,1735,1330,1263,1360,1610,1761,710,679,702,753,770,934,778,558,501
MXAN_2889,211,191,260,500,522,502,906,680,285,1081,1022,1019,1191,1727,1790,699,666,598,774,753,934,1023,592,501
MXAN_2890,75,53,108,171,134,192,193,173,58,344,191,273,455,466,446,221,213,193,311,205,267,204,196,175
MXAN_2891,1923,2103,2291,2561,2042,1916,5568,8100,2020,7348,8144,4167,5656,7656,9437,2560,2661,2005,3629,5524,3486,3384,3475,2370
MXAN_2892,2050,1841,1878,3621,2984,3565,7334,6524,2584,11051,4134,6541,8737,7539,7105,3252,2739,2851,3411,2232,3693,2113,2516,2572
MXAN_2893,29,24,49,79,75,178,116,68,47,107,113,168,378,300,394,147,154,218,178,129,179,58,83,99
MXAN_2895,103,94,97,257,152,326,407,274,170,619,357,564,853,673,566,381,442,469,362,251,351,140,199,158
MXAN_2896,159,137,204,309,277,495,580,461,213,933,703,902,1477,1509,1531,746,877,861,811,727,854,518,508,402
MXAN_2897,3,1,2,2,4,9,15,15,7,22,12,17,50,47,55,27,29,34,39,41,32,16,21,10
MXAN_2898,234,167,223,382,334,628,724,470,301,1442,951,1103,2454,2170,2284,1101,1084,1013,1329,1048,1284,1051,856,503
MXAN_2899,45,53,76,85,95,115,219,233,90,388,361,293,597,637,812,304,323,245,351,398,356,472,283,119
MXAN_2900,2,7,37,21,18,38,27,18,17,75,37,64,159,170,206,90,91,84,134,113,111,89,66,57
MXAN_2903,299,197,315,554,575,833,950,640,395,994,607,956,919,976,1084,469,523,673,590,494,650,564,526,791
MXAN_2904,40,65,169,79,136,60,201,307,87,236,255,168,210,315,441,189,167,104,157,201,103,583,329,189
MXAN_2905,64,37,65,116,66,69,144,119,50,211,91,133,401,447,384,306,293,253,314,281,153,524,438,365
MXAN_2907,242,195,259,372,306,373,698,781,279,1446,1086,1062,1774,2320,2147,917,987,805,1178,1007,1271,2053,1152,999
MXAN_2908,125,96,368,235,227,265,481,566,178,696,889,617,1137,1742,1884,769,798,591,972,1166,750,2322,1873,1741
MXAN_2909,341,442,605,603,821,796,2289,3763,954,2515,5197,2202,2980,3644,4861,1417,1653,1243,1752,2405,1556,4843,2938,2237
MXAN_2911,529,492,754,941,905,1143,2136,2139,777,2645,2620,2025,3433,4651,4992,1818,2009,1731,2069,2500,2361,2560,1860,1557
MXAN_2912,2159,2443,2451,3094,3113,4379,11107,12820,4483,12980,10228,9458,10014,12522,11016,5815,5705,5037,6872,6438,5061,11066,8005,6395
MXAN_2914,1760,1674,1860,2977,2504,3566,5450,5225,2054,8121,6558,6503,10932,13286,13129,6098,6808,6294,7193,7481,6289,6855,8229,7852
MXAN_2915,1398,1436,1691,2563,2664,3281,5352,5409,1822,8388,7752,6414,9670,11703,13255,5033,5228,4615,6843,6752,6049,10061,7426,7046
MXAN_2916,498,539,635,876,1116,1422,2265,2262,907,3837,2788,2650,4734,5487,6070,2471,2478,2018,2716,3132,2530,4272,2899,2599
MXAN_2917,649,707,689,926,959,1175,2211,2622,859,3393,2944,2299,3253,4288,4215,1843,1947,1554,2039,2239,1777,3122,2012,1747
MXAN_2918,234,173,285,440,444,652,728,616,337,1221,964,1065,1727,1966,2058,1004,1079,972,1093,1158,969,1474,1067,933
MXAN_2919,220,185,282,320,311,567,676,640,286,1111,765,876,1559,1646,1772,871,975,969,878,693,848,896,704,749
MXAN_2920,78,78,208,115,139,195,302,332,84,451,637,397,637,789,827,378,389,427,393,437,410,254,344,290
MXAN_2921,97,115,206,140,123,177,304,482,140,619,604,491,551,788,729,383,403,419,315,403,328,419,327,225
MXAN_2922,435,424,454,426,401,412,1167,1026,336,2091,1625,1134,7181,8260,5311,5439,4842,3433,7522,6457,2608,3336,3273,3073
MXAN_2925,5651,4224,4390,10450,7864,11016,14031,11254,4431,19356,13847,13282,19885,19750,21281,7104,7305,8306,7424,10551,11544,3890,8111,8455
MXAN_2926,340,197,225,386,306,417,563,530,293,795,625,583,1342,1982,1953,770,784,782,964,723,1239,1014,702,586
MXAN_2927,62,71,197,116,110,123,231,364,89,367,421,283,519,599,761,227,304,268,310,346,300,277,350,574
MXAN_2928,28,42,181,81,67,145,125,162,72,382,252,332,680,658,852,286,261,230,459,348,332,747,376,467
MXAN_2930,15,9,43,21,13,31,25,42,15,83,89,65,147,185,199,63,66,72,131,157,92,144,123,136
MXAN_2931,42,23,157,60,71,123,119,141,58,315,311,259,478,606,705,221,236,178,361,390,306,1292,316,408
MXAN_2932,25,17,153,33,42,36,75,123,38,148,143,110,225,287,361,113,114,77,135,182,123,175,135,131
MXAN_2936,90,151,339,119,156,115,341,571,151,580,831,418,469,832,767,282,384,239,239,425,235,412,391,275
MXAN_2939,93,71,154,169,224,496,372,286,119,430,327,571,1094,974,917,643,698,828,429,294,768,156,388,339
MXAN_2941,106,65,118,142,183,365,293,215,154,300,233,417,981,1008,1129,590,665,687,810,673,694,436,892,1087
MXAN_2945,11,9,35,7,10,40,15,17,12,16,2,21,44,24,58,90,69,87,20,20,26,74,63,131
MXAN_2946,99,80,256,80,122,155,163,180,92,159,113,115,257,256,387,396,358,209,167,129,159,909,546,847
MXAN_2947,93,109,98,116,161,312,372,530,220,647,313,439,559,414,416,269,258,341,180,140,214,131,212,215
MXAN_2948,72,102,125,90,119,173,182,259,35,188,139,118,212,209,249,180,186,170,89,89,145,72,156,236
MXAN_2949,95,73,90,84,84,117,173,134,84,220,84,130,160,111,155,148,123,126,64,39,95,40,97,209
MXAN_2950,106,51,106,131,112,172,207,125,62,208,105,120,178,184,241,167,166,166,84,75,149,184,160,252
MXAN_2951,100,68,73,110,131,205,164,99,39,190,73,106,176,115,156,113,113,136,69,52,120,44,104,241
MXAN_2953,90,70,100,177,130,254,235,160,78,263,130,200,414,438,504,230,285,295,317,260,317,78,270,402
MXAN_2954,67,78,143,127,156,100,383,497,160,577,725,290,364,710,902,186,202,131,197,380,214,836,361,234
MXAN_2956,236,187,285,562,486,739,788,554,400,1550,694,1073,1393,1194,1346,731,773,897,559,463,834,537,467,415
MXAN_2958,1397,1341,1577,2745,2616,4184,4595,4878,1964,9219,7955,8795,17658,17539,13178,7277,7568,8354,9573,6310,7678,6294,6005,8713
MXAN_2959,1744,1727,2301,3435,3058,4712,4388,4178,1748,9799,5471,9772,18611,24204,21481,8711,9881,10866,10897,7993,8616,6198,7022,9552
MXAN_2961,63,86,151,95,112,160,213,304,92,334,382,263,619,692,896,241,309,257,507,564,323,842,564,700
MXAN_2962,743,520,776,1158,1049,2337,955,1033,444,5394,5021,5188,10678,11127,7795,5427,5624,4481,7801,5890,2823,2506,8636,11979
MXAN_2963,35710,32406,44095,58881,52185,46016,78394,124509,23532,46120,104722,42991,39388,74270,74226,30188,32334,22338,27952,36078,22771,138770,42643,29568
MXAN_2965,106,89,106,132,187,294,347,285,167,292,201,277,483,451,635,225,267,300,294,262,314,145,249,341
MXAN_2966,1423,881,898,1485,2262,4585,3102,2114,1490,892,656,1090,1591,1737,2243,900,1010,1568,833,574,2029,731,646,1539
MXAN_2967,23912,12557,11120,23396,21075,42992,37594,22214,18510,11180,4262,10303,9451,9633,10639,4762,5639,10885,3571,2806,9056,1336,2927,9131
MXAN_2968,20530,18194,15091,16739,19784,26461,39609,34517,20807,15922,10185,10793,11172,10692,11160,4236,5572,8292,3618,4522,7312,1388,3880,5548
MXAN_2969,3308,2771,2792,5462,4840,4400,7830,6933,2468,4763,4048,2994,2012,2391,2297,1428,1401,1681,1479,1262,1101,1173,1234,1374
MXAN_2970,233,154,253,434,327,642,453,432,265,1073,592,928,1725,1676,1732,857,833,808,1369,887,1189,1095,1165,1574
MXAN_2971,11,14,22,38,36,39,42,67,20,87,128,74,186,251,310,96,140,88,252,253,107,398,268,288
MXAN_2972,122,104,193,211,219,304,318,338,118,720,793,530,1590,2111,1963,879,1127,770,1584,1724,619,2347,2737,3338
MXAN_2973,147,156,217,219,250,392,586,568,231,871,480,677,915,1098,1006,510,609,697,403,467,541,240,455,273
MXAN_2974,1571,1277,1630,3327,3077,4172,7000,5319,2943,8777,5028,7310,6268,6384,7913,2884,3004,3484,3645,3032,4982,3436,3039,3440
MXAN_2975,26,45,77,64,80,118,161,123,56,202,180,190,396,339,439,164,191,205,301,250,254,212,238,348
MXAN_2976,2824,2348,2916,4221,3230,3528,6761,8946,2722,11337,12068,7945,7698,11988,12748,4754,4898,4466,4364,4881,5675,4778,4935,3539
MXAN_2977,471,358,404,1077,923,1153,1262,1175,490,2212,1681,1986,1552,2196,2499,1021,1151,1282,698,839,1274,1012,865,1031
MXAN_2980,146,100,140,275,317,588,549,441,248,771,595,819,1787,1773,1961,951,1022,1077,1279,1042,1209,1117,948,1066
MXAN_2983,92,89,170,172,195,290,458,415,201,631,523,527,621,765,825,375,458,389,399,398,421,275,288,213
MXAN_2986,436,365,453,920,690,984,1342,1177,546,2184,1415,1554,2481,2460,2536,1113,1199,1289,1594,1346,1563,1212,1176,1438
MXAN_2987,1435,1152,1272,3155,2433,3715,3645,3138,1149,7722,6201,5784,8221,7320,6689,2999,2874,3196,4392,2533,4793,3313,2794,2951
MXAN_2988,77,69,138,173,119,215,210,208,85,418,266,341,565,603,691,293,315,327,316,347,376,204,242,252
MXAN_2989,535,446,483,1170,770,1145,1075,946,527,2237,1350,1787,2418,2421,2440,1078,1140,1231,1570,1203,1566,1157,1054,1249
MXAN_2990,4225,1723,2029,3231,3174,2753,7509,8375,3359,7316,8857,6602,12146,16253,9701,4845,3908,3302,8243,4899,4405,11486,7917,7144
MXAN_2991,3093,2951,3420,6195,5574,7536,9794,9484,3407,19614,13654,14449,29603,32726,35003,14422,15160,12508,23843,23135,15869,19542,24049,25846
MXAN_2994,275,282,369,400,332,586,676,579,231,1311,947,1023,2032,2048,1829,1025,1197,1223,1188,1052,691,528,1269,1111
MXAN_2995,1061,846,1121,1564,1320,1606,2372,2271,698,3707,3450,2607,3566,4437,4412,1897,1931,1481,2441,2665,1607,4358,3490,2919
MXAN_2996,58,44,91,84,76,138,89,106,53,193,200,164,309,327,459,165,177,131,240,245,149,449,302,275
MXAN_2997,377,314,413,776,609,819,1874,1740,743,1208,829,1064,1570,1941,3290,771,909,1158,1099,1071,2223,649,794,972
MXAN_3000,275,225,313,515,471,801,1130,1252,604,1996,1324,1603,2825,3071,3340,1615,1415,1402,1818,1443,1506,4911,1907,1675
MXAN_3001,1526,1255,1555,2963,2295,3303,5455,4909,1740,9262,5661,6590,10516,9559,9579,4561,4098,3838,6047,4101,4457,4901,5310,4863
MXAN_3003,478,282,313,1164,900,1600,1517,1012,603,1770,1251,1805,3045,3609,3934,1823,2029,2300,2108,1868,2467,2518,1594,1532
MXAN_3004,382,361,340,726,551,574,1205,1276,435,1451,1469,1089,1379,1865,1861,837,890,908,976,945,1140,748,755,524
MXAN_3005,292,218,310,696,583,818,1128,1131,401,1498,1212,1171,1849,2829,3113,1102,1081,1063,1346,1304,1525,2605,1212,1104
MXAN_3006,3,2,40,3,3,13,6,10,4,17,7,11,25,18,69,12,9,13,14,20,18,14,19,22
MXAN_3007,2544,2165,2546,4051,3407,3827,6723,6187,2718,11234,6911,6887,7120,9538,9260,4028,4473,4104,4072,4268,4075,7055,6173,5062
MXAN_3008,4708,3627,4419,7350,5575,7324,11237,8628,4551,18811,9233,13301,12071,13268,11233,7306,6578,6394,6439,4436,5324,9851,7000,6992
MXAN_3009,1013,684,864,1961,2095,2746,4726,3913,2440,5034,3246,4175,3941,4621,5920,2256,2374,2892,1824,1664,3410,2099,1329,1042
MXAN_3010,577,471,664,1075,891,908,2111,1983,725,3005,2673,2136,2236,3588,3698,1389,1314,1091,1699,1345,1380,3787,1599,1221
MXAN_3011,61,52,190,132,118,233,275,243,131,304,216,272,330,306,421,169,221,227,156,140,209,231,164,159
MXAN_3012,667,502,548,1467,894,1255,1330,913,439,1962,718,1594,1568,1552,1367,877,994,930,802,489,759,778,1064,887
MXAN_3014,914,650,750,1838,1262,2347,1798,1300,684,3405,1706,2899,3453,3197,3415,1802,1894,2146,2003,1488,2008,1441,1660,2057
MXAN_3016,988,879,1062,1673,1406,1757,3102,2993,1265,4302,3673,3008,3864,4854,5050,2355,2344,2163,2484,2214,2427,2734,2196,1988
MXAN_3017,79,87,152,181,175,219,334,314,133,487,470,360,525,727,844,306,432,324,382,376,358,370,326,263
MXAN_3018,135,111,132,402,274,425,467,352,183,621,552,548,1015,1062,1119,540,663,756,746,630,779,254,619,790
MXAN_3019,47,49,65,190,152,413,293,216,97,400,270,450,833,701,817,341,415,503,344,261,489,465,447,592
MXAN_3021,87,59,92,210,148,272,276,174,124,372,152,293,586,571,595,319,285,332,364,321,306,538,355,523
MXAN_3024,131,118,159,278,214,638,548,491,195,812,671,859,1893,1747,1626,1010,1131,1264,942,786,1026,580,965,1271
MXAN_3025,209,237,334,327,374,680,989,1097,548,1982,1105,1360,2238,2203,2144,1179,1351,1645,672,900,1199,1142,869,629
MXAN_3026,8,7,117,18,29,50,53,74,21,101,80,71,110,149,210,86,89,92,46,55,68,107,193,129
MXAN_3028,167,127,184,241,209,454,485,320,167,917,423,653,929,867,979,481,560,590,605,423,629,395,468,632
MXAN_3029,819,602,669,1300,1050,1638,2300,1705,867,3771,2281,3273,3685,2978,2928,1714,1848,1956,1995,1449,1841,1031,1679,1737
MXAN_3031,45,28,73,100,102,178,178,168,83,354,208,321,490,478,547,207,213,234,325,259,326,373,264,312
MXAN_3032,459,327,541,919,785,1231,1390,1214,613,2574,2091,2268,3254,3862,4665,1815,1662,1719,2101,1945,2703,3390,2220,2671
MXAN_3033,97,76,143,190,182,273,310,269,98,444,364,468,810,811,808,364,390,317,664,367,432,322,525,633
MXAN_3034,100,83,169,193,156,204,262,366,105,643,641,514,591,772,864,272,304,253,415,436,338,375,332,299
MXAN_3037,19,17,83,57,88,49,139,147,45,167,195,126,308,563,508,427,482,226,408,426,164,1167,1115,898
MXAN_3038,55,49,60,140,93,293,186,115,62,317,164,310,390,265,281,173,166,227,200,108,248,91,135,225
MXAN_3039,921,842,968,1544,1539,1720,3381,3796,1331,4367,4237,3375,4242,4714,5213,1997,1851,1866,2382,2491,2409,2938,2212,2199
MXAN_3041,1595,883,912,2454,2405,2634,3772,2101,1303,6540,4373,4662,6825,7245,6218,3588,3012,2804,3133,2094,3858,2220,3077,2349
MXAN_3042,4569,3045,2859,7438,6123,9878,11815,7191,3619,18984,8768,12626,17896,15809,16048,9251,8293,8145,9043,6168,9519,5700,8378,8306
MXAN_3043,409,337,399,698,621,905,1213,1145,516,1757,1705,1598,2064,2866,3013,1236,1307,1193,1334,1213,1584,2327,1634,1400
MXAN_3044,1061,944,1117,1801,1264,1125,2185,2585,944,3230,2357,2132,2107,3132,2883,1456,1593,1279,1574,1374,1227,2031,1956,1669
MXAN_3045,290,250,307,488,445,630,916,854,413,1268,926,1080,1167,1480,1690,767,1018,1106,520,666,935,872,675,544
MXAN_3046,38,48,147,69,60,52,145,182,60,180,187,118,133,255,397,71,120,107,91,134,119,341,116,82
MXAN_3048,577,463,594,984,956,1297,1745,1572,662,2653,2325,1837,3087,3459,3453,1539,1439,1270,1832,1711,1652,2511,1638,1487
MXAN_3049,9,12,15,24,30,49,35,39,11,82,24,51,104,115,162,54,60,58,60,76,51,549,72,48
MXAN_3050,1208,978,1147,1878,1693,1720,4025,4212,1345,5402,3950,3701,4110,6085,6640,2287,2453,2415,2431,2499,2826,3557,2524,1727
MXAN_3051,2063,1462,1517,3523,2665,2843,4758,4406,1699,6604,6791,5453,5359,7402,7311,3041,3288,3397,3068,2780,4376,1223,2578,1913
MXAN_3052,4,3,34,14,12,20,25,29,17,41,18,36,79,114,178,42,63,44,92,117,75,91,74,98
MXAN_3053,459,357,430,1033,731,981,1651,1076,642,2307,1007,1652,2913,3157,3291,1325,1360,1397,2433,1598,1787,1245,1694,2618
MXAN_3054,3876,3521,4393,5646,4758,3570,12543,14519,2018,12059,19493,10350,9785,16414,18088,5918,6912,5496,7731,8893,8025,6572,7895,4983
MXAN_3055,164,130,193,206,219,414,537,550,226,750,569,628,786,646,857,371,469,507,352,317,457,170,338,305
MXAN_3056,186,174,175,370,342,456,777,668,325,1053,615,707,873,1120,1205,528,583,702,409,425,621,575,417,341
MXAN_3057,51,31,42,105,102,202,173,157,71,242,159,269,433,404,486,207,258,263,251,231,272,241,187,181
MXAN_3058,29,32,52,87,72,142,136,155,91,238,139,207,457,351,449,140,201,212,332,271,279,161,217,345
MXAN_3059,145,113,153,318,224,316,251,310,106,455,412,348,411,555,697,213,245,226,316,308,330,240,355,348
MXAN_3060,9429,8872,9682,18295,13970,18426,21397,22504,10034,51806,33925,38280,65808,81264,80838,31115,29334,30490,51507,43009,43038,39169,43042,57453
MXAN_3061,164,115,142,414,343,510,616,569,260,691,621,675,1404,1804,2288,844,1016,984,1281,1503,1102,1605,1440,1358
MXAN_3062,430,424,398,738,809,1303,1564,1782,797,2515,3188,2034,2941,4883,5503,1756,1982,2200,1413,2234,2381,3038,1726,1455
MXAN_3063,2937,2840,3271,5132,4506,5310,8545,10463,3825,13803,12059,10905,13298,17457,18748,6781,8158,8799,6307,7436,10052,6399,7060,5878
MXAN_3068,19283,16748,15823,32642,33349,40594,71406,71197,32090,112190,91114,82919,89121,102796,103667,47656,51083,64936,32781,34115,56163,9340,28315,23476
MXAN_3069,3567,2409,2433,6705,8426,11620,15018,11867,6018,24070,13335,18361,25060,27376,22291,17868,18862,22228,10618,8080,18859,3737,6704,8343
MXAN_3071,2679,2389,2018,4686,3337,5716,8836,7377,4052,12368,3746,8837,8632,6864,5652,4605,4659,7347,2822,1799,4068,627,1895,2504
MXAN_3072,3148,3042,2951,7433,6678,6522,14806,13286,3724,16887,12748,12553,12124,19640,20270,7516,8578,9691,6194,8376,8716,2880,6618,6467
MXAN_3073,14572,11997,10153,22086,20323,16821,57344,33105,20841,68584,20528,37135,25808,37675,35943,18904,18546,20895,10032,9555,15480,4677,8407,7653
MXAN_3074,2779,1908,1741,5782,5432,10711,14868,11246,5375,18803,8738,14946,15532,14350,12259,8491,8248,13130,5021,3187,8469,1739,3490,5098
MXAN_3075,14092,13115,12510,24137,29731,33943,86751,110020,32772,139949,150735,114886,68391,107111,89250,50789,49328,64282,15385,19809,35659,9622,14499,10397
MXAN_3076,4206,3615,2968,7849,9195,14703,24328,24137,10660,42013,28725,41046,32812,25857,21019,18802,18812,30090,5210,3973,13399,1381,3361,3767
MXAN_3077,19341,17111,12804,33347,28491,29932,72192,60357,29021,86493,33249,49889,52074,51689,51531,28049,29906,40773,12987,12552,23056,4494,11554,15132
MXAN_3078,13828,11970,9600,28229,27067,29560,64897,50239,23213,74326,37024,56624,56600,54532,52430,29756,30224,39286,16598,13312,29487,5316,12256,14322
MXAN_3079,25852,19045,24240,30047,37447,33939,30798,31821,9438,45372,53764,45635,39771,75031,46445,34718,39605,26037,23163,22074,7211,14602,41829,27282
MXAN_3080,4164,3411,3672,5732,6208,8971,8489,7494,3469,11712,9585,12323,17163,17183,16693,9462,10956,11527,8170,7358,8691,5165,8925,9847
MXAN_3081,256,290,280,541,644,2028,723,659,298,1254,898,1420,3146,2984,2947,1838,2297,2775,1464,1557,1685,1053,1651,2100
MXAN_3082,611,721,619,905,1065,939,1972,2281,720,2434,2234,1681,2339,3502,3384,1343,1505,1241,1495,1682,1408,8273,1599,1453
MXAN_3083,223,207,218,397,409,536,812,784,308,1072,775,790,1562,1866,2057,774,938,810,873,821,940,2214,926,1037
MXAN_3084,669,623,673,1107,1005,1019,1794,1605,746,2528,1593,1768,2541,3723,3666,1457,1506,1389,1624,1511,1527,4901,1582,1421
MXAN_3085,196,129,143,349,286,313,521,565,231,905,745,631,923,1377,1217,657,735,515,702,715,526,508,741,486
MXAN_3086,161,105,150,284,248,268,532,514,152,774,660,622,561,781,547,336,406,345,333,300,217,176,280,138
MXAN_3087,329,365,426,497,507,424,1130,1589,380,1769,1962,1155,1232,1793,1702,841,736,601,663,711,498,1303,602,321
MXAN_3089,20,14,64,23,40,37,43,50,16,96,108,73,113,222,305,82,122,63,119,159,100,573,157,94
MXAN_3092,113,86,371,166,149,255,353,361,185,600,411,488,968,966,1181,436,448,419,594,481,580,710,455,452
MXAN_3094,95,71,236,149,178,215,362,376,130,579,608,410,646,687,767,318,273,240,466,335,323,484,308,199
MXAN_3096,67,84,155,99,118,93,266,423,111,385,450,286,358,542,694,168,198,111,171,208,226,330,212,184
MXAN_3098,582,805,1094,881,792,1042,1177,1491,419,3080,3044,1855,5297,7340,6478,2831,3466,2444,4304,7007,1641,10515,7690,8370
MXAN_3100,945,709,689,1732,1309,2250,2997,2432,1294,4201,1853,3398,3558,3130,2532,2149,1951,2797,1197,979,1777,685,1166,1030
MXAN_3101,2459,2238,2192,3682,3939,5291,10165,9423,4612,14290,8855,9569,9146,10735,11182,5659,5899,6360,3641,3831,5322,3834,4367,3593
MXAN_3102,345,402,368,684,750,1242,1921,1420,678,2289,1308,1894,2487,2067,2179,1489,1500,1512,999,1037,1390,654,826,645
MXAN_3103,888,854,852,1838,1645,2356,3330,2318,1154,4986,2344,3964,3651,3090,3137,2037,2405,2398,1333,1175,1855,477,1173,1095
MXAN_3104,953,812,997,2372,2266,2968,3672,3215,1271,5254,4130,4911,10099,9662,10307,4762,4902,4808,6819,4981,6435,4542,6085,7767
MXAN_3106,4142,3172,3041,9935,7460,9883,13405,8637,4640,18514,10225,16255,21028,21967,22896,0,1,1,14294,11093,16044,3,1,2
MXAN_3107,3391,2956,3027,7465,5800,6300,11500,9988,4469,15512,10482,11388,13064,16864,17257,1,3,2,9700,8782,9695,6,1,2
MXAN_3108,1752,1499,1734,3818,3405,4844,6484,5634,2573,9436,7471,7865,11514,14024,13696,4081,4134,4159,7589,6619,8379,4783,3602,3720
MXAN_3109,1979,1769,2096,3361,3286,3780,7790,8292,3065,10577,8318,7457,8015,10762,11501,4454,4918,5103,4531,4859,5574,4397,5782,5263
MXAN_3110,26,29,147,57,53,63,95,128,47,200,265,167,176,281,269,112,111,78,127,129,111,401,672,379
MXAN_3111,184,126,196,411,298,577,419,302,161,773,466,697,1650,1612,1956,735,822,895,1344,1113,1157,1069,1609,2193
MXAN_3112,1520,1440,2161,2550,2135,1482,5114,5806,1775,5626,6851,3595,5104,10577,12733,2701,3225,2164,3850,5582,3409,6067,7044,5208
MXAN_3114,707,444,571,882,660,1899,2085,2525,1367,4398,1472,3299,3433,2506,2576,1418,1319,1751,1019,1010,964,1293,1161,1016
MXAN_3115,30,33,146,72,77,180,98,120,57,274,234,230,605,673,639,302,320,258,447,441,307,836,477,613
MXAN_3116,59,41,107,146,136,352,245,168,100,421,300,441,1197,894,722,526,522,517,807,502,565,577,718,1079
MXAN_3117,330,342,1143,447,351,708,245,372,117,1390,2285,1316,9388,15557,10618,9765,11829,5198,10849,13201,1490,20126,34785,32325
MXAN_3118,1010,912,995,1554,1758,2134,2733,4299,1668,6831,7462,5935,11087,14629,12125,5300,5582,4602,6490,4875,6411,15250,6641,9401
MXAN_3119,90,118,227,194,207,386,326,368,173,650,515,610,1248,1453,1554,605,700,655,755,704,723,1382,890,1182
MXAN_3120,62,42,86,222,138,161,141,78,29,161,76,154,138,166,206,89,99,81,114,106,116,74,108,106
MXAN_3121,80,56,108,187,158,364,167,100,70,201,97,261,277,209,277,148,117,186,134,133,164,104,186,164
MXAN_3122,271,163,335,666,473,885,805,311,259,767,369,733,874,791,798,432,461,555,500,342,540,103,342,334
MXAN_3123,128,103,282,306,233,303,355,377,172,1098,945,887,799,1107,1315,400,504,459,452,585,610,271,494,351
MXAN_3124,72,75,219,149,149,206,289,235,82,480,396,400,666,676,799,334,430,342,377,470,298,528,602,517
MXAN_3125,60,27,138,132,108,212,193,134,80,298,134,251,402,397,375,189,221,300,162,168,247,92,171,165
MXAN_3126,42,37,103,110,145,180,168,211,68,310,536,303,472,780,1318,241,312,253,371,801,374,926,526,417
MXAN_3128,243,221,273,285,262,260,296,519,173,678,1010,515,1234,1788,1745,1033,1014,984,1042,1027,866,910,1422,1866
MXAN_3129,1605,1208,1450,3932,2659,4759,2546,1486,968,5223,2150,3828,8865,6478,6402,3265,3155,3426,4646,2987,3351,2165,4227,6513
MXAN_3130,108,82,229,179,167,398,355,253,134,488,268,413,771,596,769,359,323,386,496,377,359,560,454,502
MXAN_3131,623,483,535,1326,1104,1759,2310,1406,909,3299,1556,2611,2285,2112,1976,1517,1475,1842,890,674,1250,389,609,597
MXAN_3132,1672,1375,1490,3161,2648,3114,5779,4758,1508,7648,5305,6181,3573,5574,4765,2770,2840,2765,1601,1477,2261,2341,1530,1284
MXAN_3133,3,3,56,1,9,62,7,16,8,57,20,57,363,331,327,313,276,329,261,238,117,750,539,755
MXAN_3134,33,16,73,34,36,130,39,21,13,161,123,152,822,610,502,629,629,534,652,387,221,1002,772,1019
MXAN_3138,23,13,302,33,33,54,65,101,48,131,109,99,133,203,299,71,85,67,100,112,80,215,108,147
MXAN_3139,2,5,141,10,6,19,18,20,7,27,22,20,62,45,83,23,30,32,36,40,37,30,35,27
MXAN_3140,357,464,637,656,916,619,1757,2194,690,2789,4893,1789,3724,6871,7178,1509,2041,1226,4014,8495,2149,4169,4820,3309
MXAN_3141,6,7,61,19,6,14,20,17,4,20,12,13,25,13,55,13,16,17,11,16,9,9,14,16
MXAN_3142,24,19,134,48,31,59,78,61,26,127,99,109,178,169,187,95,93,76,141,73,97,202,94,96
MXAN_3143,634,559,856,1300,1256,1984,2572,2134,1108,4087,2175,3174,5391,5569,5472,2319,2337,2335,3155,2498,3176,2728,2563,2797
MXAN_3144,63,43,102,110,93,198,171,144,92,319,207,292,602,675,918,271,304,302,419,494,410,506,420,410
MXAN_3145,533,351,468,713,628,976,1571,1416,907,2916,1317,1962,2179,1933,2051,1082,952,965,1454,1034,1337,582,673,554
MXAN_3146,105,76,143,160,172,314,442,360,239,540,440,501,580,587,623,295,330,374,322,269,375,158,216,108
MXAN_3147,65,48,161,127,111,184,197,162,80,274,230,297,463,594,668,253,266,240,352,338,315,475,315,348
MXAN_3148,189,169,192,375,270,376,625,375,239,668,280,632,652,739,813,271,283,308,481,379,543,82,244,296
MXAN_3151,63,43,171,133,104,101,188,181,59,261,241,264,285,388,432,150,156,167,197,187,181,72,167,194
MXAN_3152,13,7,46,21,27,31,45,40,19,75,30,61,71,72,61,24,28,22,32,29,33,17,16,28
MXAN_3155,43,44,66,98,88,76,201,241,73,173,127,145,132,205,234,202,198,208,54,68,99,135,162,49
MXAN_3156,42,42,112,214,135,149,54,42,25,358,343,452,465,667,696,138,347,573,283,445,933,58,360,872
MXAN_3157,12,14,54,47,45,79,43,40,36,154,122,115,227,202,155,119,131,123,130,66,88,24,114,122
MXAN_3158,248,204,349,422,315,467,511,445,187,1239,970,1037,1264,1480,1263,743,819,802,666,600,752,1005,1097,1222
MXAN_3159,878,591,903,1671,1252,1519,2167,1726,776,5152,2295,3225,4273,4002,4066,1902,1563,1452,2439,1750,2216,2274,2221,1874
MXAN_3160,3363,2303,2364,6136,4207,6236,6765,3428,2185,10413,3100,7170,7927,7016,6024,3937,3503,4190,2969,2000,2592,1316,2698,3217
MXAN_3161,8,10,19,18,31,61,27,24,12,66,28,66,130,195,244,107,122,114,128,131,136,92,178,210
MXAN_3164,91,124,162,230,367,615,591,735,316,1099,1242,1118,1584,996,878,349,387,985,850,419,317,414,490,533
MXAN_3169,1139,1193,1347,2582,2594,3097,4555,4309,1366,5463,4767,4905,5645,6359,6810,2340,2422,2609,2856,2768,3680,2601,2178,2056
MXAN_3170,598,358,399,891,613,1284,719,466,305,1221,512,862,868,745,730,412,329,399,441,296,517,340,490,601
MXAN_3171,685,517,493,1293,1210,1595,2506,1830,1312,3095,1526,2375,2398,2585,2740,1135,1293,1904,941,796,1644,626,906,1348
MXAN_3172,442,338,378,746,693,1022,1673,1611,648,1531,1055,1536,1748,1878,2132,770,919,1327,652,503,1182,266,686,1160
MXAN_3173,44,35,58,83,80,83,153,155,72,154,145,114,122,250,306,79,89,95,80,116,112,140,111,99
MXAN_3174,5,9,11,10,11,20,19,27,12,26,13,19,31,47,67,16,29,30,17,23,23,26,11,17
MXAN_3175,183,214,211,834,824,2002,92,121,107,2145,1124,2263,3796,2643,2989,1248,1207,1370,1331,747,1768,432,1066,1122
MXAN_3179,40,65,75,48,63,40,152,223,53,171,212,104,92,183,261,54,54,35,90,127,65,89,78,64
MXAN_3181,181,174,221,408,254,303,502,495,194,738,786,595,793,1107,1314,387,366,368,563,555,585,800,501,538
MXAN_3182,933,653,878,1680,1294,1467,2494,2320,1014,4117,2776,3185,4536,5915,5936,2128,1969,1818,3177,2685,2975,1698,2318,2041
MXAN_3183,750,655,950,1524,927,2040,2314,1858,1190,3969,1798,3273,9168,8944,9865,5202,4908,5730,6730,5018,5923,3734,6846,8424
MXAN_3186,62,52,63,112,146,248,231,183,120,343,289,311,816,822,787,494,490,458,723,575,466,418,646,822
MXAN_3187,77,49,63,153,175,251,241,197,117,454,290,370,997,1019,1061,576,580,526,840,679,573,1270,779,987
MXAN_3188,1307,1169,1301,2267,1484,2265,2427,2158,887,5444,3910,3981,7916,9110,7788,3741,3746,2996,5744,4594,2820,4241,5769,6709
MXAN_3189,273,179,222,401,302,343,513,495,229,1130,976,691,1373,1792,1472,658,686,548,989,851,510,1228,1029,1037
MXAN_3190,120,84,108,261,281,628,456,463,214,795,600,746,1968,2162,2671,1127,1257,1187,1317,1297,1320,1778,1359,1464
MXAN_3191,219,188,342,838,723,2483,2529,1863,1239,2607,1440,3661,10216,10002,9192,3908,4099,4879,6801,5703,7687,2818,3577,3197
MXAN_3192,13689,11022,6708,4107,6133,5458,25042,22927,7599,29024,14405,11755,22975,25139,19469,13096,9906,6102,11584,7084,5232,9650,8049,4599
MXAN_3194,1,0,17,3,1,1,7,11,1,11,8,7,19,13,41,8,7,5,11,12,9,44,9,14
MXAN_3195,511,439,587,1077,1071,1503,2332,1971,726,3407,2569,2756,4891,5354,5659,2654,2242,2014,3676,2980,2721,3899,3413,3401
MXAN_3198,251,215,298,483,549,768,905,1013,419,1314,1627,1333,2442,2865,3343,1228,1315,975,1755,1432,1214,2060,2102,2425
MXAN_3200,14985,10742,15549,30395,18770,18012,29480,43626,11547,50547,63348,40467,27485,44930,41997,18109,17982,16083,15196,17221,16460,10701,15545,11802
MXAN_3203,108,101,112,225,183,320,366,312,121,531,368,429,911,1270,1540,526,607,607,722,645,832,646,598,571
MXAN_3207,52,50,64,88,122,186,148,234,101,354,296,260,459,766,1009,253,467,372,400,495,470,340,564,489
MXAN_3208,132,79,137,219,156,388,386,350,151,544,412,529,781,848,1162,409,489,521,479,460,575,322,467,460
MXAN_3209,214,154,208,419,388,764,767,699,388,1328,932,1257,1524,1522,1876,766,757,970,688,702,924,674,683,636
MXAN_3210,301,343,391,573,497,814,904,920,413,1660,895,1338,2421,2278,2571,1297,1106,1188,1998,1366,1448,2800,1533,1504
MXAN_3211,896,974,1272,1548,1546,1515,3495,4536,1209,6213,6762,4046,4391,5838,6569,2485,2673,2016,3546,3444,2581,2742,3282,2836
MXAN_3212,93,71,94,108,56,85,113,110,78,248,122,145,110,105,105,74,69,90,82,57,72,202,70,71
MXAN_3213,449,583,706,664,808,715,1803,2151,733,2583,1890,1575,1590,2547,2441,1071,986,822,920,1176,857,2601,1854,1231
MXAN_3214,220,261,398,323,343,421,709,952,306,1188,1069,759,986,1758,1754,663,847,567,616,940,523,2039,1529,1180
MXAN_3215,723,666,834,885,916,1101,2135,2676,978,3146,2281,2254,1855,2439,2426,1033,1051,1134,966,1105,1204,1676,1266,919
MXAN_3218,69,33,55,95,78,184,115,108,52,290,168,167,296,251,262,172,177,173,126,141,109,164,184,126
MXAN_3219,1084,499,547,1315,1086,1858,2288,1454,646,2974,1270,2030,1720,1365,1277,1169,987,1082,651,486,713,156,787,567
MXAN_3220,49,34,105,112,132,174,287,236,129,239,173,218,411,388,504,207,271,266,245,197,316,223,229,269
MXAN_3221,79,51,138,139,154,269,417,253,139,331,188,292,499,457,540,261,270,297,315,232,388,214,281,335
MXAN_3222,18,16,22,40,32,79,105,60,37,89,53,78,160,143,198,64,86,89,67,78,97,66,84,72
MXAN_3223,135,113,127,210,230,244,431,441,189,722,663,600,704,657,598,372,419,482,319,293,478,104,228,122
MXAN_3224,57,56,96,73,110,87,204,319,96,321,469,250,255,461,540,168,155,129,214,229,214,862,245,213
MXAN_3225,18,14,89,29,27,41,52,51,29,101,85,81,116,135,154,52,52,46,51,62,75,156,134,95
MXAN_3226,45,34,157,66,74,65,195,177,79,243,225,173,186,321,402,117,102,86,94,128,140,297,319,220
MXAN_3229,383,421,634,600,712,519,1400,1941,558,1676,1667,1243,1001,1623,2105,526,701,602,538,889,662,1040,975,933
MXAN_3232,45,50,163,69,80,108,125,139,26,262,349,205,328,463,448,224,278,196,224,449,90,293,645,501
MXAN_3234,349,368,403,547,570,865,1346,1269,769,2170,1224,1462,1640,1667,1981,820,1051,1264,666,693,1147,427,691,593
MXAN_3235,81,55,56,86,104,232,223,172,135,346,185,276,437,421,492,241,297,330,199,178,285,82,183,138
MXAN_3236,12,9,64,34,34,44,83,83,31,231,85,178,105,89,118,44,49,84,37,27,52,26,25,26
MXAN_3238,81,56,187,133,101,229,224,205,126,480,254,384,533,742,832,316,339,391,335,355,465,442,299,325
MXAN_3239,11,7,53,16,17,58,40,61,33,72,58,74,121,93,151,64,95,102,58,63,79,25,46,51
MXAN_3241,352,270,429,610,530,526,1526,1085,498,1694,1156,1182,1814,2508,2534,954,928,744,1072,748,986,851,853,802
MXAN_3242,248,178,296,467,332,548,744,700,361,1179,835,1003,1458,1820,2056,764,703,767,950,911,1103,605,707,848
MXAN_3243,217,187,282,528,395,248,900,701,389,1382,835,946,1190,1887,1733,446,457,425,857,765,891,227,520,466
MXAN_3245,31,24,79,96,43,36,108,103,60,362,315,214,376,514,576,91,104,117,316,380,322,151,205,222
MXAN_3249,1,3,43,3,7,4,8,10,5,23,25,9,34,55,66,66,73,38,38,47,15,178,92,97
MXAN_3250,9,1,71,11,13,15,18,15,5,38,24,20,46,55,56,21,25,22,24,28,21,25,30,36
MXAN_3251,162,175,256,261,276,452,580,569,234,935,735,762,1346,1585,1845,683,858,813,844,761,879,829,753,708
MXAN_3252,173,140,152,252,299,390,641,653,214,908,730,730,1365,1614,1781,872,919,767,1056,906,961,679,852,651
MXAN_3253,1487,1069,1017,2501,2053,3884,3903,2677,1573,6086,2897,5016,8064,7294,7444,4297,3934,4781,4962,3026,5260,2524,3253,4163
MXAN_3254,290,251,270,504,517,487,1201,827,405,1417,917,971,1793,1914,2179,911,961,947,1146,1233,1183,1087,1004,883
MXAN_3255,179,103,77,195,156,133,366,258,79,625,209,334,362,484,431,197,206,225,165,133,237,322,146,123
MXAN_3256,564,360,360,1037,1005,1234,1699,1157,553,2299,2098,2218,3031,3436,3392,1573,1679,1922,1629,1311,2082,1873,1428,1100
MXAN_3257,100,90,102,170,177,197,429,344,133,461,357,424,450,500,562,240,297,374,231,228,359,87,148,119
MXAN_3258,27,21,48,73,59,112,131,87,50,150,78,156,273,250,307,160,180,229,129,128,273,78,102,51
MXAN_3260,55,37,180,51,57,115,93,111,49,239,237,182,305,378,327,243,200,123,183,185,110,325,304,290
MXAN_3264,134,164,208,239,219,307,498,565,172,832,717,566,765,987,1166,465,450,412,454,376,494,470,485,365
MXAN_3265,37,43,80,82,89,163,245,180,77,259,326,251,401,406,480,220,215,208,246,215,246,219,222,198
MXAN_3266,149,135,156,271,216,409,532,374,213,772,308,602,965,1068,1025,496,414,506,532,436,565,449,483,481
MXAN_3267,4,6,18,13,26,65,31,26,13,45,25,58,100,98,140,58,96,84,66,55,64,73,66,70
MXAN_3268,750,534,549,1140,973,1363,2379,1481,985,3421,1399,2359,2935,3192,2836,1581,1698,1878,1290,890,1771,808,1172,1010
MXAN_3270,138,140,190,231,268,303,486,617,219,753,535,621,802,1104,1572,398,486,396,530,609,576,948,518,520
MXAN_3271,149,197,246,249,260,186,448,561,159,570,612,376,328,652,763,166,223,164,227,295,227,414,451,242
MXAN_3272,151,120,203,272,297,452,564,373,223,358,196,392,386,329,507,204,219,300,177,127,288,75,143,196
MXAN_3274,322,247,314,564,691,788,1171,933,383,1898,1996,1649,2749,2700,2697,1415,1460,1350,2037,1445,1624,1591,1644,1572
MXAN_3275,103,108,156,208,180,254,399,374,126,656,501,516,657,781,873,365,410,371,476,412,387,832,365,315
MXAN_3276,127,110,179,180,124,187,303,177,120,600,288,407,479,524,544,225,248,240,310,271,237,199,210,206
MXAN_3278,257,132,220,475,346,566,607,498,232,1146,821,828,1236,1414,1361,708,543,561,733,460,690,639,767,687
MXAN_3279,277,255,377,525,501,461,966,892,332,1273,1434,1013,1047,1534,1704,649,704,638,636,697,743,582,672,525
MXAN_3280,231,163,214,348,325,469,845,729,247,1505,1029,866,1121,1409,1282,620,680,584,598,771,482,480,822,674
MXAN_3281,169,171,210,279,308,458,640,475,235,997,651,876,1073,1034,1171,572,591,606,479,479,473,1087,619,654
MXAN_3283,430,260,309,985,795,976,1838,994,598,879,472,661,940,806,822,385,421,417,685,480,508,389,490,622
MXAN_3284,144,130,226,292,323,293,581,624,230,819,754,581,624,811,1047,296,365,297,312,343,386,510,498,435
MXAN_3285,652,539,796,1332,1127,1697,1830,1603,705,2937,2188,2796,5660,6124,5386,2813,2759,2598,4009,3153,2429,4545,5017,6854
MXAN_3286,5,6,20,21,22,52,41,56,21,70,70,62,199,344,392,150,141,114,264,371,138,631,474,569
MXAN_3287,74,55,98,119,115,192,195,146,60,384,220,370,742,545,570,317,357,345,404,300,288,167,271,211
MXAN_3288,602,495,570,1279,1124,1896,2251,1746,912,3874,3167,3298,6630,6697,7142,3295,3317,3022,5197,4114,3990,3157,4104,4333
MXAN_3289,1688,1529,1742,3399,2798,3090,5583,4032,1833,6809,4830,5253,6499,8033,7560,3642,3533,2962,4747,4516,2991,3887,4675,3936
MXAN_3291,1912,1565,1298,2030,2238,2492,5558,3775,2408,6444,3839,4121,5646,6408,6185,3133,3379,3560,2685,2512,2956,2046,2817,1946
MXAN_3292,1047,926,736,668,734,743,2014,2231,658,1930,1446,1050,2153,2845,2073,906,728,663,1042,799,657,1612,1244,1126
MXAN_3293,487,510,658,775,699,862,1662,1846,695,2680,1800,1914,2631,3330,2958,1689,1693,1579,1468,1259,1154,5168,2268,1966
MXAN_3294,53,67,77,143,160,176,240,234,106,401,412,356,780,865,897,391,467,386,509,446,372,1366,647,515
MXAN_3296,4174,4448,3704,7800,8068,10161,17266,15374,7003,23356,17139,19255,19035,21913,21099,11408,12388,18597,5122,5143,12549,1997,4578,4993
MXAN_3297,2029,1965,1867,3720,3673,3357,8443,8462,2597,11218,7672,7183,6706,9064,8583,4265,4663,5023,2536,2665,3817,1592,2364,1819
MXAN_3298,7979,7129,7328,11426,12993,13941,33839,32627,15529,43838,28572,36124,41643,46530,50441,22436,25751,31353,13441,13214,25404,4243,13025,12198
MXAN_3302,5209,4614,3286,9992,9599,16238,27229,17997,10596,25489,9166,20591,21073,18338,18930,11876,13479,24810,3090,2855,9036,921,2953,5095
MXAN_3310,12710,10290,9309,20922,22890,20224,62751,55940,23755,73014,48869,54979,34890,53204,55790,28291,27908,35032,7280,6809,23226,3428,6597,6285
MXAN_3312,486,432,245,887,1038,2427,2634,2079,1295,3461,1914,3250,4004,3990,4481,2613,3075,4137,921,983,2524,171,953,751
MXAN_3313,4725,4044,3284,7287,6727,9755,17282,11912,6385,21630,10731,15931,14056,15843,13580,8786,9269,13559,2945,2751,8295,921,2662,2266
MXAN_3314,7742,7157,5972,15126,15230,19624,30664,24043,11297,46429,23454,36668,29912,34255,27519,19994,20901,28284,6578,4918,18715,2621,5676,5909
MXAN_3316,6907,5476,4451,10399,10001,13684,27936,24600,13035,40490,19831,28197,22202,26170,24973,15740,15338,22794,5127,4268,13687,3602,4877,4738
MXAN_3317,1182,991,724,1742,1498,2205,4556,4007,2380,7677,2191,4858,3574,3137,2673,2494,2238,4061,662,476,1821,296,492,595
MXAN_3318,4201,3553,3028,7059,7103,11411,19972,17954,8419,29149,16022,22386,18929,18709,18487,12946,12357,20270,4074,3549,10678,1743,3191,3550
MXAN_3319,5522,5577,4679,10822,9407,11310,22152,17016,8364,28553,14052,21526,19617,18820,17483,11362,11552,15381,7218,5719,10369,1724,5024,5987
MXAN_3320,3387,5054,4571,6514,7418,6995,18491,22760,6422,23216,17640,16684,17868,23385,21036,9479,10476,9643,7286,7495,6969,8706,10750,10896
MXAN_3322,827,1028,948,2167,2327,1669,4299,4298,1231,5023,5499,3753,5425,10009,10230,3679,4622,4001,2686,3901,4639,1906,2972,2110
MXAN_3323,4871,4175,3344,9644,7685,8882,15719,10425,6371,23904,14673,14882,13960,18129,15543,8286,10704,11991,6683,5474,10320,1204,4883,4237
MXAN_3324,2021,1722,1366,4232,5356,8219,11334,6991,4610,14913,7406,11947,14115,13061,12934,7482,8739,12375,4244,4371,7805,1609,3692,3821
MXAN_3325,5956,3908,3566,13277,13396,20243,31645,22488,10788,38228,21942,36114,30526,28355,26977,19011,19244,28754,8239,5507,15940,2123,5660,6930
MXAN_3326,9838,9504,7345,17397,17374,14172,41732,36192,13417,48044,27943,28923,23627,31623,32146,15217,15961,19448,6841,7134,12865,2373,5962,5256
MXAN_3327,4988,4295,4201,9647,11147,17306,25198,24743,7860,35268,35862,36512,31750,31880,27721,19572,19565,27119,10691,5512,19172,6560,7428,10051
MXAN_3328,336,257,326,700,538,751,1026,815,356,1351,1073,1178,1600,1988,2128,926,950,1013,1258,974,1200,1344,930,1058
MXAN_3329,255,162,215,630,591,823,1036,548,370,1170,785,1146,2368,2265,2362,1090,1208,1295,1351,1033,1550,592,983,1172
MXAN_3330,203,172,160,466,418,725,818,430,313,913,451,909,1510,1186,1299,649,671,925,915,599,866,311,636,885
MXAN_3331,1650,1413,1527,2317,1548,1377,3099,3446,1337,4464,2638,2834,3078,5303,6557,1914,2273,2004,2247,2577,2501,4598,3081,2778
MXAN_3333,82,104,147,169,189,306,464,559,151,719,803,502,788,793,1169,462,519,428,362,372,481,535,478,369
MXAN_3334,53,56,82,85,115,151,289,278,112,260,190,218,200,243,233,116,104,134,67,61,123,107,56,63
MXAN_3335,152,137,181,292,336,543,711,609,262,973,642,849,1147,1141,1450,526,626,787,511,395,823,1091,419,572
MXAN_3336,155,85,125,256,190,344,329,269,139,412,259,373,550,596,693,310,307,409,341,248,396,263,292,322
MXAN_3337,80,90,131,158,143,212,312,310,134,493,356,363,591,568,771,274,249,261,355,266,382,212,299,250
MXAN_3339,1939,1854,2013,3308,3175,2588,6591,6749,2313,9449,7767,6013,6124,9210,9592,3341,3932,3614,3446,3674,4552,3780,3910,2130
MXAN_3342,20,42,47,51,54,102,105,126,38,182,120,184,310,258,297,145,182,198,126,137,198,99,144,167
MXAN_3343,272,200,313,571,461,768,841,622,357,1363,890,1133,2219,2451,2532,1088,1114,1107,1844,1367,1513,1508,1569,2356
MXAN_3344,551,570,724,1011,1034,1088,1955,1932,724,2878,2266,2110,3192,3966,4526,1687,1965,1628,2026,2088,1766,2389,2623,2227
MXAN_3345,11613,9838,12157,20613,25836,25488,47373,67989,22388,53032,63253,62428,64645,62655,50302,32583,38964,49783,23858,22643,38357,17000,22333,20648
MXAN_3346,471,475,548,916,1039,1497,1976,2715,1165,3353,2389,2606,4773,5875,6804,2368,2389,2424,3773,3441,3139,6800,3791,4289
MXAN_3348,148,120,178,382,254,566,621,449,220,933,551,784,1758,1651,1751,923,930,816,1534,1049,874,2024,1573,1821
MXAN_3349,743,822,947,1642,2260,2335,4309,4997,1466,5786,6944,4758,8290,11148,13073,4461,4540,3206,7196,8559,5545,11921,8354,7483
MXAN_3350,928,635,768,1684,1701,2529,4779,5575,2108,5668,5996,4520,7197,11697,12321,3689,4215,3696,4326,4771,5269,5838,5985,5219
MXAN_3352,81,80,94,148,112,216,272,297,127,372,272,339,539,746,914,325,444,421,322,423,446,323,377,251
MXAN_3353,424,292,378,952,526,775,1201,933,433,1621,1063,1190,2699,3457,3927,1091,1100,1087,2434,2413,2187,1072,1599,1721
MXAN_3354,860,588,776,2252,1475,1636,3570,2642,1051,4210,3373,3365,5601,8422,9218,2456,2340,2194,4979,4076,4817,3350,3405,3903
MXAN_3356,553,406,416,1339,1066,1843,2479,1368,891,2941,1077,2586,4058,2836,3164,1517,1378,1664,2086,1240,1988,511,1045,1255
MXAN_3359,77,78,149,196,163,332,284,238,127,455,306,468,1134,1190,1501,525,669,634,891,841,850,546,603,616
MXAN_3360,25,16,41,60,52,110,97,85,63,140,121,140,393,441,539,180,215,193,283,344,344,267,235,270
MXAN_3361,38,36,66,120,105,252,125,78,66,271,133,270,729,799,880,570,521,461,681,505,433,2762,1070,1269
MXAN_3363,15,25,132,23,18,26,57,93,18,80,99,59,69,142,203,55,53,32,59,84,68,210,104,81
MXAN_3365,32,38,52,62,50,81,68,58,33,147,83,123,206,214,265,119,105,96,148,91,112,225,242,321
MXAN_3366,87,57,137,158,149,300,305,289,154,543,336,480,546,553,627,341,281,262,374,327,308,598,356,396
MXAN_3368,5569,4861,6291,8423,8334,5207,23266,20060,7548,24439,19119,15816,14909,26000,28477,8131,9955,7850,11086,13165,10628,13742,13244,8242
MXAN_3370,9031,7389,8489,17379,18942,23506,34053,35426,14165,49161,54642,45497,60994,73666,71490,36161,40151,47769,27001,35806,42739,10977,27195,24816
MXAN_3371,15,20,71,36,33,80,30,52,18,97,79,70,214,240,212,185,191,111,172,149,78,437,380,411
MXAN_3372,17,10,59,28,28,45,18,36,4,86,60,70,208,178,114,192,157,103,141,64,28,316,401,436
MXAN_3373,50,39,155,89,62,148,106,114,37,191,174,201,489,446,350,455,365,258,342,232,109,377,959,943
MXAN_3375,58,71,184,106,172,171,181,187,70,338,269,266,611,598,542,390,412,233,315,290,153,566,1117,1054
MXAN_3377,251,247,552,389,369,287,964,1027,278,1397,1259,825,1116,2037,1912,852,861,566,759,1047,498,2575,3558,2716
MXAN_3378,20,14,63,19,15,43,30,26,12,59,42,43,112,118,102,99,94,65,80,68,35,169,166,177
MXAN_3379,3686,2856,2395,6627,6242,7682,16539,10353,6325,15086,6228,12172,9246,9488,8835,5107,5945,8647,3215,4273,5159,1492,3094,3013
MXAN_3380,28,45,75,85,62,152,132,125,70,221,142,222,369,365,420,197,257,257,245,192,246,146,187,216
MXAN_3382,963,766,909,1824,1422,1930,2818,2282,1158,3868,2542,3079,4483,5774,5924,2446,2496,2675,3157,2502,3376,3248,2831,3072
MXAN_3384,63,52,67,135,165,355,270,202,117,376,311,461,870,732,799,400,399,472,438,309,558,511,341,396
MXAN_3385,208,182,242,502,409,614,681,754,282,1209,1081,1110,1520,1731,1796,827,818,712,1266,1080,981,1756,1143,1106
MXAN_3386,1893,1198,1239,3251,2418,3762,3903,2385,1498,5834,2282,4207,5331,4651,4778,2482,2304,2693,2789,1842,2661,2315,2607,2939
MXAN_3388,3386,3000,2814,3987,3945,5110,10248,10428,3798,17403,10470,11231,12546,14268,13913,7606,8149,10113,4497,4413,8850,2101,3644,2154
MXAN_3389,792,498,554,1214,892,1246,1030,578,251,1331,629,965,739,596,752,340,355,460,223,196,506,242,320,348
MXAN_3390,1799,1331,1675,3329,2671,3255,5479,5144,2017,7962,5817,5786,5865,7000,7231,3309,3186,3249,2910,2888,3791,2658,2839,2139
MXAN_3391,70,31,70,95,68,86,135,108,61,211,136,186,274,363,452,133,131,106,251,210,205,126,205,232
MXAN_3392,27,14,47,58,62,116,110,48,37,166,62,147,293,226,217,137,119,149,212,129,148,102,147,217
MXAN_3394,132,100,179,375,232,215,548,406,173,1339,906,811,1492,2071,2496,544,533,488,1320,1033,1247,1607,1365,1649
MXAN_3395,67,92,131,141,142,140,247,243,99,595,371,378,708,1032,1028,370,339,244,479,520,393,1703,658,700
MXAN_3396,90,61,99,190,117,189,226,157,87,299,218,247,312,392,397,165,152,185,223,154,218,295,144,178
MXAN_3397,62,39,117,137,74,180,216,149,86,276,165,255,300,338,363,182,180,190,170,134,216,101,149,170
MXAN_3398,134,143,316,254,327,285,837,929,274,974,1114,731,1021,1513,1771,570,642,646,432,695,791,536,493,278
MXAN_3399,44,46,121,119,96,103,264,224,106,272,166,213,359,550,594,169,211,212,259,296,292,401,203,144
MXAN_3401,576,611,816,1438,1090,1059,2603,2475,943,2758,1821,1927,3388,4765,5477,1497,1441,1503,2490,2854,2531,2231,2091,1976
MXAN_3402,25,24,65,56,40,66,63,23,20,47,47,44,86,83,98,85,91,61,83,60,39,122,126,67
MXAN_3403,28,20,36,45,68,116,116,110,47,238,138,170,363,309,287,188,164,183,205,157,137,177,216,198
MXAN_3404,83,91,104,195,134,179,275,186,96,347,204,320,493,469,589,294,331,290,432,381,263,108,353,451
MXAN_3405,5268,6981,7736,8008,8230,6826,16137,27123,6211,25798,47744,17793,18991,32630,29995,11173,12222,8813,13411,19693,10047,9762,15500,11001
MXAN_3407,82,43,116,134,116,158,214,180,74,304,230,269,280,390,435,179,200,180,218,187,180,461,196,199
MXAN_3408,70,79,104,132,146,259,237,255,114,382,339,318,557,513,584,265,288,263,359,318,315,307,337,376
MXAN_3409,721,617,722,1266,1221,2473,2097,1971,982,2835,1545,2554,3473,3447,3781,1908,1806,1956,1806,1529,1791,2399,1978,2483
MXAN_3411,133,91,126,258,177,421,453,347,234,868,391,673,1365,1393,1299,889,930,1156,1128,708,1103,1134,803,1207
MXAN_3412,118,132,226,213,312,482,866,829,344,1051,829,950,1778,2103,2410,947,1013,982,1093,1201,1216,2534,1149,1124
MXAN_3413,200,169,256,360,313,229,520,662,165,573,571,392,362,669,740,217,213,181,245,280,268,262,263,226
MXAN_3414,10,14,51,35,43,32,48,32,14,73,17,38,49,55,75,28,40,35,37,20,34,37,28,33
MXAN_3415,96,73,292,270,250,286,291,214,94,314,198,258,347,349,407,151,184,172,170,167,188,179,145,171
MXAN_3418,129,148,230,325,290,249,386,288,142,479,243,315,375,404,419,164,161,181,255,189,217,210,182,177
MXAN_3420,37,39,131,262,259,228,151,109,41,152,104,138,82,106,131,65,52,53,62,57,55,63,63,71
MXAN_3421,19,8,38,69,77,74,23,16,5,29,30,36,22,16,20,10,11,12,10,6,13,4,8,12
MXAN_3424,4,5,103,15,13,19,26,27,4,28,17,29,28,26,72,16,22,21,25,20,7,23,14,30
MXAN_3425,30,51,169,61,70,48,161,246,70,233,234,149,203,390,545,98,132,83,134,206,165,402,175,188
MXAN_3426,1018,1082,1389,1336,1592,1102,4064,6297,1395,4638,4615,3199,2239,3576,3882,1116,1493,1357,929,1020,1519,858,1404,953
MXAN_3427,2,2,19,7,3,5,10,13,4,11,7,11,10,20,33,7,8,6,13,15,11,20,15,13
MXAN_3429,26,11,104,38,25,35,56,60,20,92,61,47,81,73,92,46,41,31,70,46,27,43,38,42
MXAN_3431,9,1,89,8,9,34,8,8,5,56,35,62,210,142,110,164,111,114,115,89,29,209,240,275
MXAN_3433,50,47,100,145,119,130,229,210,93,223,197,181,196,255,359,171,187,134,160,145,139,179,324,302
MXAN_3437,84,102,195,208,166,307,360,340,131,559,613,498,1002,1354,1481,463,623,519,795,906,815,684,842,856
MXAN_3438,630,518,903,1297,1266,2560,2656,2162,1193,4133,2688,3471,6363,6078,6989,2889,2870,3306,3871,3074,3832,2184,3250,3831
MXAN_3439,102,80,136,162,190,222,346,268,118,381,224,284,429,385,325,158,176,223,136,113,154,160,115,98
MXAN_3440,617,518,637,1235,1067,1312,1709,1099,492,2006,963,1622,2039,1946,1803,824,832,1150,643,533,801,485,465,590
MXAN_3441,13,10,72,33,27,34,48,33,18,100,62,76,138,133,127,62,53,51,100,68,48,49,89,106
MXAN_3442,19,13,117,35,37,45,53,45,17,67,52,49,70,72,84,30,31,28,48,48,35,89,61,36
MXAN_3443,42,21,91,64,54,132,134,131,55,159,130,172,252,221,291,164,139,191,132,106,191,65,127,106
MXAN_3445,234,197,272,562,422,972,610,323,280,809,305,778,3085,1579,1542,1001,954,1330,1136,533,1117,99,683,1068
MXAN_3446,484,376,551,815,535,534,1661,1071,454,1046,731,771,808,1249,1433,543,604,641,677,728,794,437,644,621
MXAN_3447,9,9,117,42,35,141,79,105,52,531,289,489,480,412,463,312,251,180,408,364,183,448,432,212
MXAN_3448,14,6,129,30,33,109,63,63,22,330,185,285,267,259,259,155,161,142,231,195,132,476,266,196
MXAN_3449,73,52,361,196,244,655,475,469,204,2055,1626,1812,1546,1905,2025,1072,985,805,1518,1395,897,2255,1613,1175
MXAN_3451,65,59,259,136,156,250,300,274,187,707,488,581,668,846,1097,429,451,390,495,485,533,864,491,505
MXAN_3452,109,123,333,188,190,241,429,497,216,838,545,586,538,616,668,321,413,399,212,248,320,254,239,180
MXAN_3453,1286,1026,1319,3290,3500,5709,4235,3669,1891,9520,7737,8893,20008,21291,21616,9929,10043,9679,16051,12020,12667,11913,14020,19456
MXAN_3454,618,593,853,1690,1378,1547,2374,1995,783,4834,4753,3958,6797,8486,8374,2818,3228,2432,5750,5930,3514,8279,7041,7619
MXAN_3455,147,129,189,363,304,421,418,398,162,901,681,807,1487,1516,1866,663,762,746,957,867,1022,234,761,745
MXAN_3457,66,71,117,158,94,224,152,143,70,375,284,371,670,737,743,305,323,387,431,399,541,159,347,316
MXAN_3460,38,25,133,57,59,61,98,128,36,164,142,114,193,252,370,94,99,71,113,156,146,282,164,169
MXAN_3461,233,244,285,477,564,655,830,817,285,1066,1174,918,749,970,1061,456,486,508,354,431,560,813,528,594
MXAN_3462,1129,968,1388,1890,2198,2990,4649,3567,1914,6131,3483,4679,3371,3499,3883,2263,2223,2544,1726,1472,2440,1687,1856,2115
MXAN_3463,63,77,93,97,118,229,254,174,99,306,183,273,246,248,291,169,168,260,150,110,184,287,143,178
MXAN_3465,243,176,190,473,576,1432,1099,682,425,1599,679,1511,2198,1217,1230,962,976,1639,608,331,1090,146,444,500
MXAN_3466,880,669,718,1157,1028,1459,2265,2831,1313,4077,2802,2620,3029,4718,4840,2085,2235,2376,1513,1836,2567,1966,1754,1129
MXAN_3467,20,28,40,49,61,79,123,130,60,215,107,166,168,256,342,150,163,148,98,129,158,124,107,77
MXAN_3469,41,49,111,56,52,91,120,191,64,280,180,170,205,302,338,125,184,146,135,177,151,263,284,177
MXAN_3470,57,36,81,144,131,313,267,195,97,405,269,430,699,506,581,232,223,223,420,238,243,315,381,329
MXAN_3471,386,391,513,719,716,877,1603,1384,484,1941,1613,1580,2579,3154,3822,1360,1649,1496,1543,1545,1684,1116,1623,1624
MXAN_3472,438,418,568,916,949,938,1634,1767,624,1990,2214,1666,1908,2644,3185,1014,1069,982,1162,1203,1488,2104,1345,1200
MXAN_3474,1265,1182,1351,2559,2344,2855,4470,4680,1791,6357,6460,5573,8385,10361,12202,4083,5273,5360,5652,5424,6320,4118,5204,5798
MXAN_3475,557,457,549,1097,930,1564,1944,2385,889,2900,2516,2420,2492,3513,3280,1373,1443,1630,1331,1234,1782,1687,1185,1263
MXAN_3476,435,254,335,1140,790,1168,1150,1269,585,1964,1729,2041,2279,2969,2672,1346,1404,1539,1241,1084,1739,918,1071,1185
MXAN_3478,34,43,68,82,105,111,117,233,111,242,329,206,286,312,175,63,68,140,120,80,82,44,59,55
MXAN_3479,268,231,414,392,293,257,702,558,226,458,534,377,620,1021,907,493,641,519,518,596,294,457,1264,1286
MXAN_3480,18,8,77,33,42,30,74,81,24,74,91,68,99,141,184,69,92,81,59,76,84,165,80,72
MXAN_3482,10,22,32,13,21,27,45,66,24,88,51,46,68,88,126,39,32,49,41,64,63,105,62,34
MXAN_3483,6,5,24,12,13,13,20,13,3,27,17,24,25,22,48,13,14,9,13,19,17,64,14,14
MXAN_3484,10,9,46,15,15,18,23,31,11,30,23,26,38,51,93,19,33,24,30,48,39,114,39,44
MXAN_3485,83,97,132,176,226,280,457,419,213,695,532,490,1001,1079,1331,435,481,452,489,551,608,1533,665,748
MXAN_3486,53,39,45,67,83,173,167,93,65,229,146,234,334,291,292,198,209,280,157,160,178,128,146,103
MXAN_3487,28,24,52,47,47,95,108,114,44,163,174,155,338,402,495,173,169,162,245,241,261,213,207,340
MXAN_3488,318,300,263,958,743,1138,785,684,339,2553,1427,2197,4251,3828,4296,1667,1913,2556,2060,1796,2586,333,1242,1565
MXAN_3489,303,428,603,395,464,674,208,416,92,1810,2670,1398,6130,7539,6380,2776,3241,1977,4149,6015,1526,4252,6467,5956
MXAN_3495,381,268,354,3408,1922,2606,451,245,257,4602,3686,7746,10502,8813,9421,1211,3580,10512,4725,5932,18076,1130,3705,13402
MXAN_3496,124,115,122,261,256,609,556,377,225,775,425,741,1513,932,984,614,649,976,568,446,745,141,470,559
MXAN_3497,26,25,60,45,59,81,93,119,32,189,201,164,318,377,343,241,293,324,210,204,137,461,307,335
MXAN_3498,107,92,113,173,191,382,423,382,164,560,433,520,744,735,836,491,498,519,395,368,480,344,441,349
MXAN_3499,414,427,483,596,714,776,1675,2275,691,2509,2285,1699,2069,2602,2994,970,1110,1034,1049,1190,1232,1548,1265,927
MXAN_3500,361,271,370,676,610,667,1367,1400,515,2010,1708,1432,1594,2363,2678,955,957,855,1056,995,1141,1385,1098,971
MXAN_3501,46,45,33,71,83,148,110,105,51,213,160,167,684,732,929,436,444,408,734,785,516,1380,563,706
MXAN_3502,510,525,530,977,996,1684,2502,2757,1056,3224,2615,2677,4139,4766,5204,1966,2112,1989,2591,2403,2350,2825,2874,2246
MXAN_3503,491,394,403,863,901,1405,1561,1826,692,2393,2432,2209,3477,3983,4274,1672,1804,1788,1991,1884,1959,7965,2200,1789
MXAN_3504,612,716,820,1268,1383,1306,2686,3463,1088,3271,4022,2700,5037,6654,8537,1941,2469,2462,2772,3212,3557,2530,3479,4000
MXAN_3506,1918,1364,1535,4132,3084,4545,5339,4048,2374,9363,5380,7344,11480,13700,12766,5142,5126,6030,6540,4842,7454,5895,5744,9061
MXAN_3507,1088,885,892,2143,1682,3314,3078,3202,1364,6396,3554,4933,7503,9428,9328,4083,4128,4488,3979,4023,4431,6218,5214,6174
MXAN_3508,4591,3521,4154,7600,6239,7126,13450,12154,5517,18248,11609,14003,12351,17199,16189,7554,9546,10344,4717,5651,8012,1284,5279,4265
MXAN_3509,1195,919,1016,2039,2160,3084,4415,3643,1442,5067,3682,4994,5480,7002,7612,3399,4139,4907,2292,2068,3567,3105,2423,2539
MXAN_3510,125,126,120,240,259,435,681,610,251,966,697,833,1224,1226,1328,714,853,1049,416,375,821,239,362,245
MXAN_3511,1057,912,965,1530,1880,1719,5023,5702,1790,6630,5570,4242,3954,5985,6579,2691,3027,2824,1547,1927,2869,1959,1737,938
MXAN_3512,2407,1308,1430,4293,3236,2318,5194,4039,2174,10015,7204,4827,3738,7207,7516,2524,2728,2648,1859,2473,2979,2767,2816,1481
MXAN_3514,375,346,359,696,626,822,1385,1123,509,2196,1315,1567,2474,2913,3249,1067,1198,1040,1487,1284,1607,1341,1404,1153
MXAN_3515,89,70,72,131,150,264,384,346,132,642,385,462,457,405,367,258,335,328,225,172,266,93,134,104
MXAN_3517,3249,7283,8062,4990,6859,3444,20571,46423,4299,22830,52523,15120,15252,20224,26002,7608,9770,6591,7504,16713,10205,5930,8515,2954
MXAN_3518,538,375,624,1099,893,1668,1479,1279,585,3123,2528,2557,6124,6178,5416,3364,3113,2879,4483,3301,2697,7392,5642,7505
MXAN_3519,10831,8301,8403,18879,14191,20389,26416,18390,8983,38352,18740,29902,39881,42346,44433,22083,21827,23361,22528,19568,24646,7038,18245,19843
MXAN_3522,149,126,138,260,209,428,475,298,183,461,291,473,712,572,657,355,384,496,360,298,422,165,310,338
MXAN_3525,919,620,607,1133,899,1932,1967,1541,888,2125,1138,1790,2567,2360,2422,1399,1388,1991,1264,909,1734,806,1023,1321
MXAN_3527,2501,2415,2862,2768,3381,3482,7610,9649,3081,5799,6455,4736,5704,7985,9275,2930,3695,4381,2918,3320,5044,2691,3905,3933
MXAN_3528,542,496,496,613,608,1263,1633,1453,794,1058,650,1034,1569,1660,2059,850,1030,1466,705,651,1416,935,840,1319
MXAN_3529,356,252,273,377,359,594,823,787,527,629,351,544,793,792,909,474,488,706,367,318,585,356,401,558
MXAN_3530,507,440,432,648,480,674,1053,888,482,769,445,696,753,935,1128,426,531,699,425,394,710,790,407,543
MXAN_3531,177,164,213,296,306,530,606,494,251,651,446,594,952,1124,1497,559,571,591,635,578,780,955,589,696
MXAN_3532,206,144,228,275,256,352,527,584,328,703,540,548,687,761,940,390,386,384,423,388,463,619,388,320
MXAN_3533,432,385,583,1033,840,1812,691,1111,303,2751,2542,2361,9315,9558,8959,3837,3303,2628,7300,6177,3085,13963,9510,13090
MXAN_3534,6624,3727,4616,11322,5813,4604,19455,7090,5909,2560,1827,2160,2582,2689,2481,1284,1173,1460,1693,1144,1512,1003,1653,2153
MXAN_3535,2828,2220,2607,3262,2114,1537,9786,4859,3154,1566,1061,1257,1512,1954,2325,797,1043,1282,1098,1267,1112,990,1475,1560
MXAN_3537,7105,5186,4607,11651,10798,13659,20773,13891,7250,35740,15505,21702,30740,31419,30528,14930,14920,16840,11712,11695,15271,4198,11878,11503
MXAN_3538,6518,5103,4558,9542,9422,14267,17686,14671,7007,36312,16186,23399,29102,30479,26501,17120,15220,17278,9846,8403,13517,10565,10514,12119
MXAN_3540,2854,2088,1894,3676,2955,4350,5835,4674,2333,8972,3874,5564,4723,4136,3929,3018,3132,3824,1618,1083,2577,541,1895,2408
MXAN_3541,8608,8869,8240,13698,12971,13486,25647,30971,8998,39206,27353,24621,29305,33022,32792,14325,15226,15195,10781,11021,15205,4702,13730,8504
MXAN_3542,1455,1185,1135,2694,3180,4911,5646,3934,1898,9627,3998,7086,7963,5455,5786,3078,3509,4410,2027,1542,3564,1317,2607,2586
MXAN_3543,4070,2520,2582,5540,4216,6116,6896,5643,2445,14434,9269,10061,8334,9606,7576,5113,5136,6345,2873,1807,5199,1850,2893,3426
MXAN_3544,1631,1140,1195,2519,2247,3638,4688,3636,1997,6392,3503,5205,7561,7778,6868,4789,5191,6184,3999,3180,4572,1456,3606,3805
MXAN_3545,1469,1462,1126,2860,2663,4198,4984,4664,2080,7595,5862,6380,10662,8619,6841,5417,6074,8079,3628,2592,6123,861,2332,2426
MXAN_3547,410,236,278,689,805,1316,1909,1714,971,2389,1759,2111,2833,3953,3820,2329,2327,2642,1232,1271,2143,1618,1075,1057
MXAN_3548,332,308,333,858,702,924,1440,1065,439,1588,1594,1626,1687,2233,2079,1180,1647,1788,867,806,1387,475,699,629
MXAN_3549,5130,3341,2715,6793,6661,14234,15638,14641,7988,23625,12070,23315,31696,22814,16820,18662,16278,25682,7998,5155,15438,1412,5339,6124
MXAN_3550,961,633,709,1802,1436,1992,2672,2343,1292,5089,3249,3606,6258,6701,7174,2758,2461,2520,4413,3219,4201,3326,3125,3497
MXAN_3551,288,311,316,422,471,293,839,1302,385,1398,1235,773,989,1935,2357,596,559,434,722,1033,837,4411,946,749
MXAN_3552,239,212,273,452,393,433,747,832,396,1185,1358,851,883,1333,1444,531,593,554,434,538,684,345,433,290
MXAN_3553,1076,1067,1116,2114,1736,2810,3664,3035,1443,5104,3333,4325,7601,7022,8442,3469,4056,4336,4823,3905,4654,1074,3763,4644
MXAN_3554,464,371,438,974,845,1205,1336,1063,502,2145,1495,1703,2257,2381,2252,1284,1307,1283,1165,969,1099,749,990,923
MXAN_3555,586,517,531,1221,1073,1713,1757,1511,604,3171,1833,2530,4218,4247,4134,2270,2363,2258,2637,2036,2177,2425,2330,2451
MXAN_3558,387,274,415,640,534,832,1026,728,414,1585,972,1222,1411,1724,1814,876,783,850,793,573,836,1172,712,691
MXAN_3563,92,130,152,129,106,102,435,601,163,345,554,252,184,349,452,108,179,196,89,168,154,76,115,75
MXAN_3564,31776,17336,16626,73734,52556,101175,188713,82891,69489,56721,15018,50541,174987,100228,97998,50901,48051,71174,78493,41404,70320,12541,34790,79673
MXAN_3565,51,24,82,80,48,108,120,99,56,172,126,156,220,187,248,85,90,91,110,110,135,170,89,101
MXAN_3566,49,48,123,137,99,225,217,140,125,286,133,307,583,460,575,247,246,265,312,265,336,318,315,370
MXAN_3567,20,16,42,31,51,110,98,72,48,139,86,102,331,237,259,107,105,108,172,120,163,59,116,120
MXAN_3568,30,29,80,77,52,67,164,128,46,118,83,116,224,214,227,67,52,77,107,127,125,79,91,108
MXAN_3569,2226,1712,2094,5048,3371,3534,6135,4970,2112,8110,5216,5920,9458,10422,10697,3104,3053,3457,5470,4147,5674,1628,3432,4981
MXAN_3571,5497,4521,4515,11143,9325,7948,21264,17563,7773,27453,13748,17370,17018,24046,25396,6453,6443,6536,8183,7865,8971,4464,6094,5795
MXAN_3572,1172,914,1160,2676,2547,3408,5196,4037,1977,6798,3799,5222,7056,6820,7524,2794,2889,2995,3497,2807,3495,2228,2253,2349
MXAN_3573,134,95,119,329,240,560,396,350,174,764,501,758,1889,1476,1507,848,748,932,1323,691,1053,639,948,1497
MXAN_3574,79,49,136,158,120,256,240,122,77,162,56,144,139,137,183,77,69,80,76,82,72,202,185,313
MXAN_3575,177,166,223,283,297,506,575,526,241,869,702,794,892,927,1043,543,681,710,436,294,574,153,498,443
MXAN_3576,51,35,75,100,91,206,180,139,53,213,169,251,314,317,340,179,196,263,159,122,189,95,146,195
MXAN_3577,163,175,220,200,199,266,190,219,101,865,499,713,2663,2036,1422,1261,1295,1210,1182,1066,459,633,1655,3664
MXAN_3578,222,156,276,344,324,333,934,883,422,1303,694,829,1162,1578,1459,549,625,629,435,473,572,600,675,529
MXAN_3579,40,35,40,54,29,79,99,91,58,145,55,120,168,99,93,54,68,90,66,56,77,30,68,63
MXAN_3580,9,4,44,11,8,22,15,15,12,23,18,29,36,27,49,17,20,20,23,21,21,18,23,29
MXAN_3581,2326,1795,1780,4171,3498,4583,7335,6012,2960,11892,5905,8345,7933,8130,7942,3751,3717,4108,3332,2732,4377,2353,2564,2114
MXAN_3582,10981,8529,9822,26257,35369,33879,47423,69211,17796,70214,101840,86052,89302,142782,106899,46287,50579,39546,52569,35449,73525,32564,50156,80980
MXAN_3583,594,576,559,929,900,1191,1914,2220,862,3748,1981,2440,3171,3286,3599,1691,1657,1843,1694,1568,1837,1618,1734,2023
MXAN_3585,683,514,690,1538,1533,2398,2371,2404,1042,5520,4300,5266,8828,8057,6928,3527,3678,3417,4633,2172,4641,4217,4409,5118
MXAN_3586,183,130,241,396,444,1129,718,888,314,1347,1575,1559,3770,4066,4292,2265,2301,2085,2710,2451,1894,4013,2846,3239
MXAN_3587,200,185,209,310,298,382,628,748,186,1118,1352,907,1045,1520,1642,672,717,495,660,769,491,783,720,472
MXAN_3589,82,87,116,106,106,188,217,335,135,523,396,348,424,554,651,345,347,313,275,261,237,464,191,159
MXAN_3591,3757,2935,3205,5692,5411,5841,14032,15372,5565,19928,16329,14584,16983,26368,25572,10665,12438,13799,7536,7969,12957,4887,9472,7062
MXAN_3592,8329,5801,6185,16012,13466,19699,26658,26216,11369,43469,30305,36056,39077,42545,36845,22820,21232,25474,16536,13488,24840,6865,14563,14800
MXAN_3593,2961,2047,2176,4993,5183,9639,10128,9003,4319,14420,10023,14522,16852,19580,17566,10716,10137,12009,7559,5918,10934,7563,6113,6289
MXAN_3594,880,759,677,1559,1924,2342,4753,3959,1295,5564,3262,4259,4045,4322,4345,2358,2223,2435,1282,1198,1957,1446,1357,1154
MXAN_3595,3271,3021,2723,5999,6725,6824,16511,11597,6058,23052,11956,14461,12280,15816,16256,7510,7469,7530,4200,4477,6331,5463,4443,4073
MXAN_3599,47,35,47,91,80,74,178,168,61,155,143,89,84,163,233,46,62,39,65,66,91,36,37,36
MXAN_3602,2125,2256,2720,4652,3157,2475,6004,6852,2187,7525,5706,5017,5393,8023,7950,2448,2582,2033,2685,3376,2094,1162,2231,1468
MXAN_3605,1713,2341,2881,4533,3377,2518,5102,5916,2147,3067,4173,2874,3093,5070,7290,1037,1522,1347,1993,3932,2357,935,1492,1332
MXAN_3617,1,1,11,3,1,5,5,9,0,11,6,8,19,26,31,18,6,8,10,21,17,17,6,13
MXAN_3618,112,110,698,183,202,237,355,338,148,735,545,551,1018,873,933,530,593,680,407,368,291,276,392,647
MXAN_3619,71,113,406,112,154,167,192,274,99,574,554,463,1126,1029,979,599,644,683,578,491,386,638,655,1234
MXAN_3620,124,176,730,125,169,179,321,653,153,864,941,568,682,672,672,386,438,441,235,291,204,478,296,481
MXAN_3622,31,21,166,97,75,104,232,187,104,218,97,213,263,195,220,77,102,147,77,70,96,27,42,36
MXAN_3623,87,66,129,161,129,176,373,225,140,389,214,357,513,395,298,217,172,279,152,114,217,49,67,83
MXAN_3624,84,46,389,121,101,150,260,235,112,431,235,326,672,684,701,210,206,210,381,314,300,341,262,305
MXAN_3625,37,20,201,86,58,95,182,127,60,233,110,163,388,298,278,124,103,152,159,137,139,83,74,126
MXAN_3626,48,37,109,65,66,52,124,85,40,147,63,94,160,147,128,34,49,63,43,32,44,44,26,55
MXAN_3627,39,26,35,64,45,17,104,81,21,54,109,46,107,114,139,27,39,40,36,66,22,3,34,27
MXAN_3628,7,1,50,12,10,7,10,9,4,26,12,20,33,24,28,8,12,11,7,10,13,2,9,10
MXAN_3629,16,15,123,25,20,17,32,27,11,42,25,31,45,41,52,24,28,31,15,21,9,11,20,17
MXAN_3632,77,70,191,138,120,123,218,187,83,318,165,249,641,495,433,164,218,273,229,203,199,78,147,247
MXAN_3633,81,49,353,135,84,124,255,230,124,415,193,290,508,491,470,242,242,326,188,169,226,181,156,152
MXAN_3634,734,454,3770,1272,1035,1664,2326,2242,1030,3466,2433,2698,4931,5314,6052,2222,2309,2466,2264,2133,2205,2794,2406,2805
MXAN_3636,3326,3530,10514,5914,5863,4979,15794,20967,6740,23460,22587,14136,25809,46262,49583,12195,13553,11312,12430,16366,12762,19330,16281,16250
MXAN_3638,567,467,540,1044,1009,1220,2269,2060,851,2974,1864,2170,7290,5947,4575,3023,2611,3225,2674,2076,2429,873,2047,3186
MXAN_3639,40,42,159,74,76,192,683,413,382,2583,1558,3687,2326,3102,3694,1996,1914,1890,1433,1092,1753,634,789,276
MXAN_3640,8,1,90,12,18,30,27,18,22,148,45,578,663,532,646,341,286,812,288,136,563,36,49,33
MXAN_3642,2,3,72,8,1,5,221,94,70,133,43,425,215,253,298,203,247,390,155,66,194,31,56,16
MXAN_3644,5,4,58,3,3,11,54,16,23,398,102,713,311,276,304,331,368,537,199,126,147,35,93,36
MXAN_3645,6,3,106,0,2,7,54,21,32,500,128,707,227,208,242,344,326,291,169,125,118,58,87,26
MXAN_3646,5,3,93,2,2,13,32,13,19,284,57,396,133,145,205,263,232,165,128,99,68,147,86,32
MXAN_3647,2,0,88,2,2,11,57,13,34,225,115,352,102,134,174,227,185,158,88,98,68,79,102,17
MXAN_3648,277,246,669,445,400,570,1134,888,419,1275,775,910,2031,2130,2421,1086,876,595,1046,978,843,1536,1196,1585
MXAN_3649,57,44,138,94,60,90,160,117,62,215,168,163,218,380,391,166,135,86,145,155,178,210,137,142
MXAN_3652,108,113,316,226,175,165,357,559,143,492,506,346,325,552,690,184,172,150,276,291,198,878,307,204
MXAN_3653,31,23,355,46,36,40,83,125,37,140,128,124,131,187,285,62,71,64,74,123,84,197,91,93
MXAN_3654,18,8,181,36,25,33,70,60,36,123,64,80,124,136,208,59,72,67,56,101,72,111,79,64
MXAN_3657,455,481,726,903,628,708,1181,1474,407,1731,2147,1564,1690,2444,2847,727,921,923,1024,1422,1335,602,1101,1199
MXAN_3658,9,3,64,14,5,19,28,22,5,49,20,42,56,53,80,37,45,40,39,46,34,19,52,41
MXAN_3660,10,12,92,17,19,18,57,60,17,57,69,44,56,74,143,23,31,23,39,35,36,80,49,42
MXAN_3661,58,19,112,98,87,212,187,84,67,227,166,240,436,362,368,251,194,174,256,120,256,219,162,190
MXAN_3662,9,3,111,4,10,21,17,27,6,35,45,30,89,109,135,51,57,31,50,84,30,176,104,82
MXAN_3663,6,4,111,11,5,9,11,22,6,26,19,14,29,33,61,10,11,18,22,18,15,37,15,39
MXAN_3664,18,4,78,36,31,42,38,16,17,67,31,53,86,86,101,63,59,60,61,46,52,38,72,56
MXAN_3665,414,281,358,805,578,855,774,694,256,648,748,744,898,1301,1530,642,800,884,724,784,992,585,883,739
MXAN_3668,870,961,1320,1603,1499,3005,896,893,377,10419,7333,8548,19171,24371,26933,9077,9573,8750,12202,11688,11568,16293,11414,10405
MXAN_3671,24,12,170,28,23,44,93,104,27,309,216,188,266,262,349,55,66,74,185,190,100,180,153,110
MXAN_3672,1,3,71,10,9,25,45,23,8,131,46,118,192,117,117,22,32,40,104,49,52,55,55,47
MXAN_3674,18,21,47,74,47,59,90,80,42,144,120,157,222,200,245,134,160,138,207,171,126,68,149,83
MXAN_3675,8,5,20,6,11,50,44,16,25,50,20,40,150,109,124,98,99,138,65,54,58,13,89,171
MXAN_3676,84,106,281,301,311,822,98,108,86,1838,1470,2007,18921,14086,13080,12810,12432,11912,10198,7709,5603,5662,15788,24555
MXAN_3677,17,19,95,6,9,6,19,18,6,14,15,14,20,29,64,11,24,30,22,24,25,17,18,28
MXAN_3678,2603,2747,2346,2629,3692,4335,7185,7279,2975,6169,3859,4630,6197,7794,8195,3342,4037,5309,2831,2800,5220,6709,3996,4587
MXAN_3679,576,473,575,698,635,1026,1286,1127,560,990,811,843,1269,1808,2051,696,925,1333,674,789,1375,706,872,1235
MXAN_3680,1008,737,902,995,1142,1014,2297,2619,895,1088,1731,1073,1394,3286,4285,770,1113,1209,921,1479,1550,1080,1489,1561
MXAN_3682,680,532,783,888,787,1898,944,784,363,3390,1991,2689,5405,5307,4682,3189,3197,3018,2777,1944,1738,1811,4055,4196
MXAN_3683,197,152,232,261,262,725,181,139,61,1143,696,981,2462,1980,1653,1429,1311,1259,1123,745,511,1458,1572,1757
MXAN_3684,359,275,456,559,353,1077,235,198,89,1746,915,1354,3333,2965,1956,2064,1723,1510,1642,1123,587,895,2315,2798
MXAN_3685,408,319,622,426,297,745,122,81,40,1781,1706,1528,3377,3227,1817,2251,2200,1561,2087,1619,509,1293,3814,3242
MXAN_3686,100,103,159,114,94,178,213,268,96,477,403,397,661,710,644,378,401,367,336,334,258,439,462,440
MXAN_3687,159,95,141,242,165,271,343,283,133,536,311,382,562,622,591,318,350,328,257,210,365,190,277,210
MXAN_3688,74,74,114,107,179,123,322,297,134,503,418,274,403,567,592,166,186,174,232,235,206,228,266,196
MXAN_3689,88,87,91,151,175,390,281,190,130,528,298,457,1528,1306,1441,697,718,749,1178,1155,870,519,988,1375
MXAN_3690,126,79,117,286,256,766,356,227,139,608,451,729,3043,2438,2537,1341,1379,1511,2480,1957,1930,1432,2154,3702
MXAN_3691,77,56,119,202,114,210,252,195,99,451,224,343,1236,1211,1122,480,503,487,1123,590,730,1083,851,1571
MXAN_3694,952,713,1018,1479,1221,2431,2116,1850,827,5773,4588,4574,9984,11373,8642,5984,5614,4380,8317,6156,3494,7490,8857,8995
MXAN_3695,1330,1726,1732,2537,2541,1574,4008,6548,1913,6252,10320,4527,6769,14538,16934,3536,4716,3555,5599,9176,5429,5556,7184,6788
MXAN_3697,783,541,608,1099,946,1156,2454,2430,958,3046,2917,2469,2837,4068,3554,2035,2163,2179,1261,1787,1887,1329,1580,932
MXAN_3698,52,47,62,157,148,323,275,166,77,397,158,353,637,435,408,261,277,320,271,138,303,86,166,259
MXAN_3699,201,167,136,361,255,442,505,273,209,761,430,546,716,684,657,358,367,371,347,339,280,477,361,332
MXAN_3701,295,235,242,525,458,870,923,595,393,1137,472,904,1890,1383,1474,862,857,994,934,864,760,604,879,1018
MXAN_3703,354,305,353,707,635,747,1207,1209,359,1695,1411,1446,1962,2383,2734,990,1063,1052,1199,1284,1187,1323,1395,1345
MXAN_3704,49,41,39,119,122,372,259,200,97,269,241,391,542,565,702,336,317,304,380,278,303,651,425,419
MXAN_3706,418,287,391,926,681,953,650,377,255,1060,464,885,510,351,359,174,174,229,207,160,168,99,191,356
MXAN_3707,409,368,500,593,911,810,1841,1812,808,2476,2243,1840,1348,1765,1834,649,716,665,502,610,809,1388,658,513
MXAN_3708,442,493,568,1057,938,1156,1515,1208,618,1740,1129,1539,2841,2665,3113,901,1008,1200,1862,1474,1834,578,1483,2639
MXAN_3709,2038,1539,1952,3972,3076,3049,5618,5117,2065,7678,6301,5625,7352,11094,11327,3773,4162,3778,5153,5634,5004,6718,5284,6081
MXAN_3710,76,60,128,179,146,333,238,214,89,465,353,441,1233,1135,1265,555,540,584,924,779,703,1210,788,998
MXAN_3711,414,212,324,862,656,735,1224,958,594,2372,1823,1577,2783,3808,3649,1438,1150,885,2012,1911,1451,2367,2128,1674
MXAN_3712,2398,1609,1511,3767,2770,4374,3728,2181,1511,6074,2429,5040,6598,6035,5408,3126,3140,2978,3862,2745,2541,3632,4341,5753
MXAN_3713,1426,1274,1957,4585,3519,4880,4830,2585,992,5353,5220,5188,7073,8169,9078,3127,3210,3205,5064,5893,3625,5904,7631,10013
MXAN_3714,1111,1085,1395,2081,1984,1978,3334,2766,1259,4950,2972,3212,4284,5686,5566,2086,2221,1821,2543,2403,2021,2435,3717,4022
MXAN_3716,2531,3055,2988,3735,3283,2516,8874,8849,3500,11254,6921,6452,3756,6099,5979,2217,2618,2736,1361,1793,2544,1214,1297,806
MXAN_3717,262,231,219,463,366,834,747,766,322,1226,796,997,1468,1233,1319,759,875,1151,783,573,1028,407,527,475
MXAN_3718,628,747,850,1037,1035,912,2829,3972,858,3121,3907,2288,2017,2935,3184,1243,1423,1335,1199,1393,1483,540,974,588
MXAN_3719,2070,1833,1876,3589,3184,3709,7359,6675,2863,10620,7716,8151,8195,11527,11209,4946,4951,5258,4128,3855,5985,3349,3778,3008
MXAN_3720,517,382,387,1131,1051,1600,2255,2253,808,2448,2214,2410,3761,3594,3534,2028,2103,2642,1411,1292,2282,481,1205,756
MXAN_3721,979,919,929,1757,1561,1503,4590,3543,1535,3339,2289,2197,2636,4074,4606,1655,1851,1893,1709,2115,1966,4258,2043,1971
MXAN_3723,346,302,312,691,692,1104,1588,1566,600,1859,1799,1661,2776,2770,3025,1392,1525,1632,1528,1330,1731,1224,1419,1385
MXAN_3724,1158,980,1033,2435,2872,3160,5699,4187,2002,6220,5336,5315,7100,8259,7922,3255,3382,3478,3744,3198,4092,4504,3451,3081
MXAN_3725,2164,1922,2126,4323,4134,4811,9111,7635,3368,10244,7770,8960,11208,12748,13395,5735,5856,5953,5916,5893,6250,6113,5417,4925
MXAN_3727,197,210,220,335,278,184,733,561,197,565,568,311,520,1260,1788,252,343,214,721,1191,577,588,742,672
MXAN_3728,78,63,73,189,141,212,362,271,212,496,217,325,619,798,902,284,282,301,534,484,556,819,449,558
MXAN_3729,691,671,793,1656,1211,1968,3365,2414,1414,3488,1983,2271,5590,5795,6729,2086,2299,2156,5598,4691,4497,4166,3363,3846
MXAN_3730,316,346,459,658,689,578,1821,1395,653,1986,1510,1382,1455,2161,2405,697,676,531,1127,1243,950,2573,1018,836
MXAN_3731,72,58,117,171,128,235,297,201,155,397,249,319,473,644,720,307,293,284,403,352,415,479,301,255
MXAN_3732,8,5,42,18,15,19,43,43,12,57,47,54,60,96,116,41,39,39,51,45,61,149,44,32
MXAN_3734,11,12,105,14,32,42,52,45,27,93,69,69,197,216,239,119,107,94,101,135,60,509,315,381
MXAN_3735,41,39,107,85,75,70,139,166,62,261,214,172,321,492,335,272,280,206,270,263,117,611,774,821
MXAN_3736,316,281,260,499,509,594,1277,1333,476,1581,1335,1193,1401,1860,1816,782,883,887,619,728,994,576,511,284
MXAN_3738,1647,1527,1973,3239,4122,4368,8402,10795,4076,12036,14030,9537,11444,19233,20137,5833,7284,6200,6864,7951,8777,18054,8849,6657
MXAN_3739,417,327,469,808,804,1008,1788,1827,714,2773,2535,2293,2260,2927,2948,1421,1538,1578,1409,1141,1502,1307,971,723
MXAN_3740,605,993,1173,1060,1655,1027,3661,6011,1489,5458,8115,3574,4885,8524,10671,2317,2984,2085,2912,6471,3416,6013,4210,2485
MXAN_3744,637,616,772,1164,1408,1432,2453,2165,771,3877,3546,3092,3595,5191,5773,2047,2172,1750,2174,2208,2357,3546,2490,1528
MXAN_3745,1430,895,1290,2729,2016,2072,3196,3008,1009,6249,12267,4598,4834,7043,5930,2363,2339,2379,2729,2977,2532,2261,3303,2087
MXAN_3746,236,210,249,333,326,469,626,547,149,1067,864,745,908,818,1019,510,600,617,408,380,432,274,586,481
MXAN_3747,913,591,632,1274,959,1420,1530,1229,442,3261,2113,2176,2050,2178,2213,1289,1452,1506,961,940,997,627,1368,1136
MXAN_3748,2175,1642,1629,2739,1925,2527,3053,2588,1098,5813,3507,4154,5354,6508,5550,3261,3530,3641,2492,2393,2887,1870,3285,2143
MXAN_3749,565,397,520,549,487,570,1731,1754,560,1909,1189,1101,1096,1583,1840,742,792,885,629,783,918,1665,707,495
MXAN_3750,79,61,104,93,71,129,233,223,86,348,152,257,294,341,425,175,169,211,181,193,159,459,169,198
MXAN_3751,97,62,116,137,138,250,222,145,100,319,127,259,464,327,525,223,209,230,307,192,304,257,255,395
MXAN_3752,122,95,154,194,129,152,266,205,130,377,321,245,332,418,572,155,186,118,212,307,244,788,278,223
MXAN_3753,797,602,719,1593,1161,1536,2065,1683,668,2555,2035,2418,3279,3846,4302,1698,1686,1883,2031,1873,2515,3450,2124,2260
MXAN_3754,415,358,560,729,680,637,2328,1511,899,1936,1363,1282,1930,2666,3135,779,869,948,1612,1845,1926,1026,1009,984
MXAN_3756,1282,1560,2314,2596,2267,1863,3924,5240,1431,4759,6223,3609,6150,9679,13444,2675,3254,2660,5350,9591,5188,7522,7281,7148
MXAN_3757,232,222,289,456,475,765,751,752,314,1444,1002,1233,1857,1705,1811,735,860,872,764,646,1131,670,812,692
MXAN_3758,89,59,160,141,89,124,115,71,47,312,464,247,911,1775,1597,834,812,441,1098,933,343,7587,6149,5212
MXAN_3760,844,626,678,1487,1216,2293,2282,1774,960,4995,2667,3943,7065,7070,6500,3552,3501,3973,4196,3293,4219,4549,4304,5330
MXAN_3761,71,60,121,183,214,469,349,251,151,651,472,664,1475,1507,1832,782,862,886,978,1022,1018,1980,1069,1278
MXAN_3762,540,402,509,832,800,990,1706,1447,685,3096,2621,2240,3097,4457,4774,1791,1826,1648,2138,2052,2059,2942,2025,1653
MXAN_3764,3231,2602,2880,5770,6415,7184,9090,7845,3420,19410,15983,13359,19736,27903,27752,10311,10994,9939,9699,9207,12770,10521,10328,9055
MXAN_3765,584,640,585,1069,1111,1445,2821,2221,1050,3195,1525,2421,3134,3424,3558,1888,2204,2861,1119,1233,1870,987,1031,998
MXAN_3766,580,559,552,1123,1196,1782,3035,2599,1567,3948,1910,2897,3232,3191,3367,2130,2351,3058,925,881,1893,451,843,735
MXAN_3767,543,560,492,1083,1404,2119,3070,2220,1206,4183,3045,3167,4336,4814,5167,2621,3064,3215,1529,1544,2711,1243,1311,860
MXAN_3768,731,799,756,1304,1801,2548,4378,3830,1886,6524,4218,4932,5057,6748,7078,3548,3847,4078,1766,1746,3155,2893,1754,1296
MXAN_3769,14,17,25,43,59,177,107,120,82,220,145,226,353,497,722,301,341,364,127,190,264,562,149,147
MXAN_3771,232,176,333,443,385,489,650,658,224,1164,1104,1022,1100,1125,980,763,849,663,629,376,374,433,724,913
MXAN_3772,32,14,66,52,56,104,87,56,37,140,96,164,193,126,143,84,94,89,84,70,93,29,72,89
MXAN_3773,20,6,162,23,27,49,33,38,17,71,25,52,157,119,168,73,65,61,78,78,75,69,107,121
MXAN_3774,4230,2486,2794,7963,5030,6057,10657,6849,3154,12519,6397,8525,12883,12268,12057,4952,4628,5939,5441,3733,6798,1808,3794,4661
MXAN_3775,499,427,536,979,827,1319,1765,1337,514,2442,1080,1779,2642,2342,2381,1387,1238,1657,1016,728,1336,637,968,993
MXAN_3776,838,656,742,1849,1682,2315,3350,2064,1282,4252,2384,3508,6020,6242,5898,2789,2727,3148,4003,2360,3871,1129,2332,2553
MXAN_3777,1540,1297,1562,2621,2218,2764,3879,3377,1225,6853,4543,4583,5612,5924,5788,2994,3346,3697,2471,2221,3000,1429,2700,2112
MXAN_3778,387,355,619,886,732,1070,1376,1260,553,2276,1908,1913,4431,5169,5454,2202,2217,2018,3793,3027,2996,4919,2768,2893
MXAN_3779,3840,3212,7520,6400,6724,10247,5860,8248,2849,31388,23831,24146,40505,41073,40822,18733,19359,22697,15533,14812,18190,14901,16629,18645
MXAN_3781,458,401,410,1224,941,1463,1297,910,552,1514,1455,1595,2407,2824,3210,1066,1156,1452,1650,1545,2001,1066,1406,1572
MXAN_3782,685,656,681,1206,1308,1222,2909,2852,1189,3960,2994,2517,3247,5241,5819,1655,2093,2052,1874,2119,2653,965,2281,1820
MXAN_3783,184,151,162,469,401,559,963,714,337,1382,843,1129,1854,1843,2033,947,864,985,1017,853,1088,1122,847,939
MXAN_3784,1019,586,694,2011,1586,3013,3267,2398,1409,5146,2905,4454,6634,7483,6960,3582,3301,4006,3931,2815,4575,3326,3067,3222
MXAN_3785,22,9,39,33,52,109,100,88,49,170,77,115,313,214,265,126,127,124,138,113,175,129,93,133
MXAN_3787,110,120,171,231,210,338,370,330,148,487,426,463,640,626,769,372,442,538,367,309,416,218,253,260
MXAN_3788,151,98,110,246,301,553,638,314,231,839,324,655,1252,1325,1278,632,696,811,606,469,876,350,490,625
MXAN_3789,1961,1170,1409,3171,2148,3087,3450,2461,1137,8656,4548,5489,8597,7001,5942,4169,3919,4590,3737,2572,4078,2219,3221,3504
MXAN_3790,2548,1661,1849,4277,2982,3976,4537,3118,1655,10628,6246,6652,8746,10274,9797,4786,4581,4664,4115,6073,4983,2757,4853,3646
MXAN_3791,4116,3175,3245,6458,5366,8040,8722,6799,3323,19134,10305,12785,21453,19193,18283,10444,10033,10626,9440,7186,10794,6010,9766,7957
MXAN_3792,485,371,553,828,912,1326,1658,1533,571,3935,2918,2836,4499,5999,6611,2685,2747,2628,2478,2092,2744,3175,2311,1830
MXAN_3795,1027,1068,1151,2139,1924,2225,3964,3589,1321,5231,4341,4034,4574,5940,6494,2607,2668,2672,2498,2393,3136,2499,2552,2560
MXAN_3796,182,168,185,351,396,379,767,569,274,1111,646,691,979,1284,1412,566,540,575,537,645,689,1346,534,456
MXAN_3797,2670,2296,2294,4618,3734,4279,8499,6982,3195,12629,5753,7578,8405,9137,9644,4123,4270,4388,3867,3356,4628,2408,3707,3068
MXAN_3798,121,122,144,196,287,411,475,521,221,886,515,588,708,784,958,469,524,534,248,243,387,680,375,347
MXAN_3799,473,252,267,751,592,1219,946,635,357,1917,864,1557,1825,1419,1355,915,963,1342,675,450,901,299,637,675
MXAN_3800,1168,786,817,1963,1733,2614,2949,2345,1225,5042,2599,4037,5202,4456,3891,2521,2590,2986,1828,1328,2389,1359,1865,1630
MXAN_3801,78,51,45,107,110,140,172,89,52,176,111,171,208,237,196,153,156,176,137,119,104,67,144,138
MXAN_3802,136,62,75,260,175,350,317,144,102,360,150,334,482,448,405,301,332,350,277,208,243,175,337,383
MXAN_3803,1360,1173,1090,2099,1900,2012,3486,2699,1179,3529,2472,2097,2655,3580,3651,1574,1826,1565,1459,1876,1693,1540,2407,1759
MXAN_3807,159,152,284,266,193,276,338,500,139,959,918,720,1679,2085,1697,991,1110,821,1438,1388,544,3651,2137,2677
MXAN_3808,1701,1623,2213,2264,2315,2369,4311,5197,1749,7925,6177,5620,7218,9947,8315,4238,4389,3639,3402,4077,2571,6765,6715,5249
MXAN_3809,44,43,113,119,118,326,136,141,65,311,221,319,901,783,948,446,430,425,567,565,517,1164,696,925
MXAN_3810,753,700,991,1931,1235,1194,1564,1381,418,2251,1790,1623,2467,2974,3880,1186,1235,983,2013,2122,1247,3433,2439,2098
MXAN_3811,147,111,211,242,264,281,572,505,193,979,780,812,1253,1397,1696,913,951,693,1062,842,791,1955,1150,998
MXAN_3813,84,84,106,99,123,125,391,354,136,391,275,300,392,514,627,258,250,284,199,254,289,161,199,115
MXAN_3814,142,131,243,324,250,354,535,462,201,722,597,606,990,1286,1466,493,485,497,671,654,701,1012,698,794
MXAN_3815,68,68,111,95,82,161,178,135,59,240,139,178,375,404,458,211,243,308,199,186,359,92,172,145
MXAN_3817,25,13,85,37,23,45,75,54,35,78,29,63,88,93,108,60,64,97,35,39,60,24,40,48
MXAN_3818,255,209,276,339,378,369,829,921,306,1021,1033,852,1072,1769,1517,636,819,762,885,870,696,875,1101,820
MXAN_3819,11,12,70,16,20,23,31,37,17,59,62,48,99,191,300,79,128,76,92,196,107,233,200,126
MXAN_3820,16,14,72,36,23,41,45,33,10,84,49,49,96,87,118,33,39,38,46,32,40,34,43,46
MXAN_3821,26,13,145,38,37,46,67,51,18,115,72,97,116,156,242,57,61,69,69,70,69,90,57,95
MXAN_3822,119,120,325,207,193,167,420,599,179,649,775,449,597,1198,1885,281,360,323,432,691,575,532,432,322
MXAN_3823,82,92,245,112,100,87,169,299,81,370,355,180,275,484,658,183,158,139,163,285,158,377,248,193
MXAN_3824,131,119,152,195,130,94,259,245,73,206,204,196,202,282,292,94,129,80,118,163,116,49,135,182
MXAN_3825,138,114,198,225,227,372,368,340,116,805,788,620,1336,1517,1449,718,713,685,1102,1015,529,1841,1259,1388
MXAN_3828,218,113,194,331,296,618,447,326,215,889,452,762,1136,813,932,387,482,547,538,445,597,342,487,601
MXAN_3829,36,33,94,148,85,124,174,150,78,317,226,262,380,622,1069,165,247,290,318,327,647,183,187,234
MXAN_3830,202,166,202,561,355,362,678,506,289,1181,619,897,1234,1050,1468,379,387,541,586,432,1101,86,305,398
MXAN_3832,22,23,89,58,58,111,103,94,64,151,111,161,261,193,256,121,153,169,130,94,154,67,121,124
MXAN_3836,88,67,125,209,177,334,352,199,120,448,312,454,893,668,646,310,324,398,634,330,486,223,344,626
MXAN_3837,688,576,687,1185,1019,1199,1875,1951,811,3293,2617,2224,3676,5207,5449,2210,2148,1810,3045,2834,2805,4449,2423,2274
MXAN_3838,902,650,835,1730,1596,2791,2843,2323,1248,4503,2888,3730,7618,7364,8497,3334,3353,3475,5526,4317,5124,5851,4215,5062
MXAN_3839,1645,1617,1578,2816,2964,4387,8177,7555,3900,9496,4979,7826,8022,8585,8908,4132,4404,5904,2809,3144,4153,2529,3025,2951
MXAN_3840,1932,1869,2075,2904,2838,2462,7607,8738,3888,8760,8801,5640,5489,10562,12714,3155,3723,3635,2859,5170,3991,4848,3796,2857
MXAN_3841,359,302,334,760,582,1150,1434,1388,658,1808,1394,1610,2352,2603,2632,1463,1732,2008,1172,987,1556,686,1130,1247
MXAN_3842,802,623,724,1414,1504,1762,3215,2621,1162,3623,2794,2749,4521,5694,5571,2321,2642,2899,2086,2548,3072,1290,2089,1158
MXAN_3843,101,65,184,257,203,359,150,185,64,1148,1076,894,3216,3234,2832,1133,1078,864,3483,2698,1468,818,2385,3622
MXAN_3844,134,125,208,237,247,341,592,644,213,830,926,695,970,1288,1582,560,525,473,643,644,573,1582,715,471
MXAN_3845,435,370,486,810,815,1107,1262,1488,492,2709,2525,2393,3222,3847,4225,1575,1574,1565,1586,1500,1480,3495,1975,2371
MXAN_3846,1021,930,1192,1584,1410,1110,2809,3537,1068,3721,4846,2689,3621,5772,6563,1669,2041,1720,2707,3174,2553,1948,2982,2283
MXAN_3847,153,146,241,299,371,588,721,692,325,946,785,948,1398,1474,1776,774,779,910,726,580,922,1096,667,693
MXAN_3848,802,575,669,1296,1109,1548,2641,2115,1317,3934,2303,3077,3007,4072,4350,1885,2002,2247,1628,1698,2056,1912,1631,1410
MXAN_3849,233,197,195,694,518,895,728,576,352,820,376,675,1131,1457,1727,620,711,807,566,653,919,1082,857,991
MXAN_3850,21801,18665,25388,45865,28453,21605,38251,32063,14088,16005,12586,13114,10941,18523,25628,4968,5436,5974,7504,10933,10303,14212,15062,14868
MXAN_3851,35,60,131,57,63,75,169,257,73,304,224,206,334,547,682,195,216,165,250,275,204,533,416,416
MXAN_3852,10,10,128,16,15,18,31,36,9,36,36,33,82,87,115,52,46,47,59,45,46,133,75,62
MXAN_3853,24,18,59,51,35,63,96,66,31,138,66,149,216,191,227,88,117,86,158,144,129,92,132,126
MXAN_3854,71,73,265,135,132,173,237,216,102,450,493,373,634,927,1018,339,377,276,432,494,336,907,565,546
MXAN_3856,105,121,194,168,154,209,329,357,123,754,618,542,807,931,852,373,433,383,521,429,297,814,608,640
MXAN_3857,34,18,195,36,46,58,59,68,32,187,162,148,173,276,302,124,130,140,134,124,78,202,156,143
MXAN_3860,1,4,6,1,1,25,0,1,0,34,28,48,111,86,84,74,77,79,55,40,29,35,54,74
MXAN_3861,61,71,119,77,83,286,12,7,5,442,327,491,1180,1034,952,623,629,727,626,563,291,503,676,1026
MXAN_3862,150,123,253,162,147,187,21,34,8,994,982,768,1277,1680,1509,671,819,676,777,837,354,737,990,848
MXAN_3863,20,15,20,21,12,40,4,2,1,100,103,96,222,239,165,107,115,125,126,90,57,393,129,151
MXAN_3864,24,25,49,43,28,136,9,7,3,240,289,232,661,626,542,341,375,414,301,284,237,358,346,395
MXAN_3865,4,1,53,7,5,13,2,4,1,36,41,30,103,170,181,63,98,90,75,73,55,197,94,89
MXAN_3866,2,0,13,1,4,4,5,2,2,12,8,9,19,33,43,17,18,11,14,11,15,47,12,20
MXAN_3868,16,13,100,16,19,35,41,34,25,86,53,83,114,80,101,49,51,48,45,32,44,40,45,45
MXAN_3869,4,4,70,10,10,12,16,17,7,26,18,21,23,33,48,21,12,9,10,18,15,17,12,25
MXAN_3871,8,7,70,11,12,22,20,25,8,36,16,41,48,66,85,40,23,43,27,23,31,49,26,34
MXAN_3874,12,9,66,5,6,12,6,18,5,24,13,20,19,40,44,23,27,36,19,17,19,55,32,28
MXAN_3875,9,10,203,17,13,22,26,49,6,34,37,26,67,82,169,50,56,44,27,34,22,60,41,55
MXAN_3876,14,5,42,19,22,13,29,27,11,42,25,32,38,73,88,19,34,35,21,34,25,33,35,26
MXAN_3877,221,203,325,444,332,480,656,592,253,787,529,678,739,797,854,379,419,509,395,355,513,331,353,327
MXAN_3878,410,328,370,859,632,1430,1310,969,579,2071,833,1639,3252,2436,2733,1110,1213,1666,1662,1164,1826,412,1373,1848
MXAN_3879,348,303,412,448,365,805,152,167,78,2140,1634,1879,3278,2861,2167,1772,1879,1723,1875,1528,770,832,1340,1382
MXAN_3880,99,63,136,176,138,237,795,465,226,795,392,547,834,700,679,275,282,276,553,312,287,171,304,294
MXAN_3883,11,13,114,13,19,15,35,69,28,68,51,37,49,100,155,30,59,24,41,51,45,108,40,58
MXAN_3884,6,1,13,4,1,3,20,16,6,14,8,5,26,37,45,15,9,6,8,17,13,24,21,20
MXAN_3886,630,503,620,954,915,1432,2430,2732,920,3559,3346,2662,3746,4998,5399,2152,2085,1903,2096,1954,1948,3606,2860,1767
MXAN_3887,86,128,177,192,238,354,507,554,184,683,636,608,1085,1305,1625,569,580,537,627,654,636,1642,792,931
MXAN_3888,60,40,117,78,72,309,27,25,15,417,319,444,1129,1028,742,624,689,467,604,490,160,1758,1042,1265
MXAN_3889,76,58,151,143,129,125,289,267,102,355,344,224,211,432,506,122,108,92,171,210,161,222,151,152
MXAN_3892,112,161,226,94,98,238,25,38,11,425,489,337,583,895,571,403,487,488,270,282,121,479,555,588
MXAN_3893,4,0,16,3,4,5,0,3,0,6,5,10,31,39,33,12,22,27,16,17,4,19,25,31
MXAN_3895,85,83,150,269,178,293,209,267,129,249,185,279,754,730,676,197,207,205,555,324,365,208,570,850
MXAN_3896,182,151,207,262,237,391,688,648,382,738,288,574,496,437,565,284,235,302,161,156,188,233,283,414
MXAN_3898,33,38,67,64,70,167,137,103,59,209,115,210,270,172,246,131,164,217,89,73,137,72,66,63
MXAN_3899,392,284,377,808,645,1206,1329,1027,540,1791,1272,1751,2277,2320,2751,1099,1219,1455,1314,1016,1640,883,1066,1379
MXAN_3902,12,4,26,29,22,70,33,18,22,56,30,57,73,46,72,30,28,55,34,28,37,49,23,23
MXAN_3903,1581,1546,1733,3054,2675,3277,4407,4082,1293,7107,4400,5512,7313,8617,9636,4137,4783,5444,3889,3865,3902,4063,5102,5892
MXAN_3904,242,235,303,519,551,709,845,684,322,1416,963,1111,1981,2368,2399,1173,1286,1304,991,1083,924,1265,1330,1447
MXAN_3905,115,109,189,235,335,427,502,424,183,814,693,728,1422,1777,1767,861,1024,869,761,758,730,1774,1006,985
MXAN_3906,927,946,970,1436,1421,1557,3158,2974,1028,4286,2557,3062,4459,5390,5667,2040,2267,2358,2565,2558,2574,2144,2881,2474
MXAN_3908,62,65,111,107,133,160,212,193,103,388,224,279,516,599,737,294,339,331,289,326,363,532,382,409
MXAN_3909,16,14,82,45,33,70,71,63,37,118,86,88,162,178,195,78,91,87,103,91,105,115,96,134
MXAN_3910,13,10,58,16,14,51,26,35,14,64,31,83,159,113,155,71,67,80,77,61,87,74,65,99
MXAN_3912,61,57,192,104,115,168,215,167,88,315,209,265,360,344,454,144,169,167,156,177,194,224,177,183
MXAN_3913,271,221,269,547,523,1063,1130,622,424,1626,708,1459,2179,1644,1610,1113,1292,1637,750,624,1051,376,852,793
MXAN_3914,14,9,193,15,27,114,548,299,319,1626,872,1645,1002,1198,1324,856,797,678,631,405,663,1077,400,167
MXAN_3915,51,25,202,148,79,637,3036,1627,1637,7030,5273,7537,4532,5711,6888,3111,3242,2752,2830,2356,3686,5768,2587,697
MXAN_3916,69,60,145,158,174,183,347,422,170,653,561,467,834,1056,1059,417,478,510,412,454,492,409,369,256
MXAN_3917,1923,1600,1578,2382,2885,4104,7119,4301,2594,2266,690,1811,1257,971,1046,1007,928,952,599,474,462,422,444,394
MXAN_3918,477,365,387,561,695,1181,1658,1126,628,553,324,569,632,848,925,472,511,438,475,562,391,2559,608,699
MXAN_3919,2563,2033,2022,2777,2764,2960,7565,8328,3505,13479,5549,7384,7991,7709,8626,4222,3167,3064,4316,4571,2550,4594,5979,6518
MXAN_3920,150,155,179,218,281,393,741,762,348,976,688,782,1195,1365,1788,561,688,738,676,829,804,632,828,744
MXAN_3921,439,307,409,835,706,604,1054,1090,392,1893,1943,1485,1481,2920,2644,884,909,765,997,874,1173,1950,1218,1230
MXAN_3923,72,66,351,117,115,165,245,256,108,488,337,389,502,452,602,241,236,239,243,227,234,184,171,167
MXAN_3924,85,96,134,165,159,232,364,306,143,562,461,501,548,562,602,213,215,248,294,232,314,185,174,161
MXAN_3926,10,5,78,22,15,39,61,31,23,69,33,46,87,117,115,41,37,64,52,38,60,93,31,52
MXAN_3927,20,19,42,74,59,89,98,76,33,153,135,120,217,347,400,108,128,130,198,194,207,325,173,257
MXAN_3928,466,569,595,931,672,537,1400,1997,540,1614,1709,1328,1832,2754,2467,644,912,1104,938,1044,944,226,654,1329
MXAN_3930,158,105,130,191,126,205,292,189,139,432,193,359,468,516,572,240,279,353,258,245,355,61,217,153
MXAN_3932,186,165,1270,300,282,398,549,535,239,871,758,700,1498,1870,2046,1215,1273,1254,714,677,606,1565,1501,2088
MXAN_3935,511,529,4707,817,1081,1209,1894,2505,926,3441,3722,2616,6310,7827,8677,5001,5297,5027,2460,2438,2044,7543,6787,7810
MXAN_3936,94,119,1029,179,173,285,305,427,158,604,760,497,1296,1654,1768,1220,1200,1213,495,471,323,1631,1341,1816
MXAN_3938,75,87,868,151,172,235,214,354,82,515,684,431,1152,1434,1714,1087,1184,1061,491,505,350,1343,1274,1443
MXAN_3939,12,14,83,20,20,24,27,45,18,77,62,62,110,150,166,102,110,112,51,50,23,192,117,136
MXAN_3940,16,22,75,22,25,29,22,43,10,85,76,53,128,163,165,127,113,143,39,34,33,88,144,175
MXAN_3941,14,19,173,36,31,69,37,81,36,130,142,122,332,332,364,263,270,325,82,80,53,296,272,396
MXAN_3942,22,48,223,78,99,123,97,167,36,296,307,257,617,711,672,417,488,552,203,187,126,507,453,658
MXAN_3944,113,100,168,190,179,297,245,255,163,624,532,591,1157,1213,1034,645,730,598,565,536,347,414,721,956
MXAN_3945,20,19,141,38,53,82,63,99,44,200,193,155,402,439,493,316,320,375,180,150,115,385,328,417
MXAN_3947,35,56,143,66,86,96,100,185,65,318,372,234,426,557,536,431,451,463,138,161,123,514,369,451
MXAN_3949,14,22,31,36,56,52,48,64,8,107,499,121,299,702,691,300,410,291,206,268,148,211,416,402
MXAN_3952,32,22,140,82,50,94,99,98,48,149,87,136,267,285,347,128,170,164,204,186,183,137,191,246
MXAN_3953,284,238,469,391,397,896,439,452,197,1586,965,1524,5124,4120,3633,4302,4029,4342,3277,2075,1354,3097,5951,11304
MXAN_3954,14,18,154,24,26,25,34,48,21,88,73,79,213,267,266,206,207,99,200,192,90,1140,781,1036
MXAN_3956,896,776,1052,2175,1677,2418,3169,2791,1069,4929,4558,4238,8951,11662,13345,4440,4681,4294,7427,6784,6638,7181,6620,7330
MXAN_3957,574,533,743,1246,1132,1302,2257,2238,1030,3363,2816,2522,3850,5899,6031,2001,2040,1941,2779,2764,2841,5900,2882,3233
MXAN_3958,398,476,445,782,842,1035,1931,1441,739,2242,942,1665,2629,2650,2825,1201,1522,2018,923,995,1832,532,873,621
MXAN_3959,33,23,48,70,55,149,176,155,78,243,123,201,343,287,332,161,154,208,352,274,201,455,326,376
MXAN_3960,2,1,16,15,17,52,22,11,13,45,14,41,114,121,112,65,78,70,133,111,64,212,120,203
MXAN_3961,466,361,522,931,765,1118,1718,1413,674,2881,1833,2321,3287,3452,3321,1876,1742,1609,3955,2952,1910,3378,3743,4552
MXAN_3963,352,225,290,410,399,695,911,816,335,2168,1322,1344,2382,2474,2623,1271,1299,1158,1529,1292,1470,1338,1749,1502
MXAN_3965,13,10,136,15,17,11,32,55,15,45,45,31,37,73,152,28,50,37,37,52,31,129,65,44
MXAN_3966,22,19,73,23,28,63,81,53,18,29,42,52,98,84,90,58,52,41,49,28,33,83,61,51
MXAN_3967,98,70,257,214,206,410,363,313,155,468,291,479,838,880,1076,384,402,495,467,406,580,402,424,603
MXAN_3969,284,255,291,530,470,564,1104,1053,334,1239,1229,1082,1782,1934,2358,814,904,1005,1009,936,1413,931,901,683
MXAN_3970,409,363,516,713,628,648,1711,2036,694,2066,2057,1572,1424,2186,2478,853,1066,956,752,1027,1169,841,806,566
MXAN_3971,7322,6166,5129,13612,14788,14618,48070,28443,17118,17227,9386,12701,17415,17343,20234,7728,8029,10501,8503,7496,13620,7437,5846,5934
MXAN_3972,511,380,528,961,816,1116,1541,1486,641,2367,1941,1991,2607,3057,3331,1370,1234,1335,1702,1170,1669,1859,1438,1457
MXAN_3973,18,21,86,43,42,84,122,73,51,146,95,126,230,183,266,95,116,154,158,125,161,88,100,126
MXAN_3974,459,318,590,933,896,1300,1954,1272,754,2247,1548,1862,2865,2885,3013,1395,1373,1426,1770,1328,1726,2195,1477,1523
MXAN_3978,346,307,416,664,655,1031,1194,959,480,1965,1249,1577,3008,2654,2776,1256,1313,1419,1673,1261,1550,829,1460,1821
MXAN_3979,14,13,51,23,20,27,65,62,40,52,65,73,67,134,128,53,68,35,50,51,51,115,66,61
MXAN_3980,3,5,84,4,0,6,12,15,7,21,28,13,37,36,76,26,24,14,24,43,17,56,63,42
MXAN_3982,93,91,331,152,160,179,328,398,128,595,479,377,408,485,670,264,261,249,234,256,229,522,290,325
MXAN_3983,69,73,106,155,162,256,521,588,150,520,532,399,1000,1083,1047,541,493,419,739,588,517,1427,738,919
MXAN_3984,578,399,463,1148,774,1287,1380,874,458,2228,1053,1673,3752,3865,3854,1731,1746,1971,3104,2443,2190,760,2719,3921
MXAN_3985,569,509,948,1821,1392,4640,4407,4355,1846,7626,6875,9258,1752,1817,2375,1851,1867,1621,1846,1004,1065,3637,6600,9710
MXAN_3986,162,129,206,295,230,352,530,359,218,745,399,621,556,984,1244,528,658,559,716,751,607,526,792,688
MXAN_3987,71,63,147,152,120,203,241,173,121,388,247,354,382,527,774,221,231,263,258,258,362,638,286,339
MXAN_3988,26,37,53,67,59,114,92,57,35,136,78,170,319,270,314,178,212,222,258,179,314,43,182,232
MXAN_3989,204,184,233,349,386,458,712,612,271,1028,871,877,1481,1941,1657,907,868,706,890,824,728,3055,1200,1377
MXAN_3991,128,103,166,305,416,640,773,688,303,1202,965,1211,1846,1748,1942,811,828,981,963,736,1024,1961,999,1312
MXAN_3993,22014,15359,12499,27722,20297,20118,50043,29627,16716,40317,15844,24177,39153,39163,38137,17904,16050,15528,22437,15849,19451,17042,20824,25929
MXAN_3994,8,7,35,21,12,8,30,15,5,30,16,25,23,40,57,8,10,8,9,19,13,16,13,26
MXAN_3997,188,254,336,398,340,294,593,728,235,1146,1128,709,583,966,1280,221,251,169,339,565,333,390,304,271
MXAN_3998,1273,1232,1533,2157,1759,1582,3136,3662,1283,5226,4728,3678,4286,7116,8329,2059,2045,1864,3360,3934,3125,11483,3048,2641
MXAN_4001,760,580,1842,1351,1201,2296,2116,1872,874,5412,2990,3757,8357,8398,8526,3352,3274,3543,4614,3864,3670,6122,4674,6908
MXAN_4002,223,141,803,432,378,803,645,485,260,1428,859,1251,2869,2597,2765,1092,1078,1157,1655,1276,1351,1972,1513,2108
MXAN_4003,529,418,574,806,589,757,1313,1154,504,1803,868,1317,2044,1989,1746,789,861,1118,959,622,1057,289,820,1088
MXAN_4006,104,65,155,144,126,244,253,238,127,369,247,364,534,437,544,224,272,398,242,209,361,141,186,216
MXAN_4007,8,9,151,7,11,14,23,37,6,19,19,16,36,50,82,21,24,19,22,38,23,39,27,10
MXAN_4008,29,21,152,42,47,85,67,80,41,151,121,107,263,276,364,136,120,97,203,205,162,340,256,287
MXAN_4011,107,84,168,150,156,256,385,394,190,602,534,500,652,737,793,363,335,320,461,282,451,398,392,336
MXAN_4013,15,22,195,28,15,19,55,76,24,59,77,43,61,117,134,33,44,39,55,76,33,89,38,43
MXAN_4014,3,8,133,4,8,14,25,31,14,35,20,20,46,77,95,30,27,23,29,60,23,39,40,44
MXAN_4015,62,62,92,112,109,229,219,175,76,364,215,333,485,690,873,276,301,414,408,556,374,331,391,484
MXAN_4017,152,141,318,485,403,704,640,680,280,934,850,852,1973,1879,2291,743,821,890,1447,1268,1189,1093,986,1121
MXAN_4018,32,46,107,108,122,172,156,152,64,295,200,248,413,454,489,194,205,213,258,245,259,141,181,164
MXAN_4020,539,575,725,1356,1105,1237,1711,1894,642,2839,1966,2055,3142,3442,3109,1257,1342,1299,1598,1712,1402,1085,1188,1018
MXAN_4021,40,44,72,106,86,180,198,201,95,290,166,226,385,377,412,187,257,255,204,227,234,75,187,186
MXAN_4022,43,40,121,85,86,185,184,142,71,223,182,268,441,459,547,247,293,305,242,260,270,270,207,200
MXAN_4023,124,74,148,233,236,510,374,329,173,533,466,592,974,1058,1226,592,650,744,475,415,747,371,478,472
MXAN_4024,2064,1263,1515,3310,2627,3986,4078,3975,1622,8929,6795,7054,9070,10013,9932,4619,4444,4590,5200,3768,5449,2594,4018,3499
MXAN_4026,142,142,335,258,313,496,613,702,270,936,747,775,968,1224,1282,706,836,863,400,533,487,819,594,433
MXAN_4027,132,86,202,217,166,507,278,233,131,658,418,707,1333,1599,1321,874,881,777,1006,902,611,949,1218,1372
MXAN_4029,335,369,476,695,660,694,941,887,370,1513,2202,1566,3532,5627,5824,2581,2831,2575,2975,4019,2353,4196,4368,5684
MXAN_4030,292,246,466,505,469,888,973,827,458,1335,814,1264,3209,3710,3834,1833,1974,2201,2240,2224,2325,3193,2289,2895
MXAN_4031,8,7,37,23,29,41,48,28,18,100,63,51,144,191,282,80,96,82,153,205,115,361,168,118
MXAN_4032,56,52,159,167,151,370,266,207,137,456,242,471,1120,895,1173,477,481,511,858,603,712,822,642,779
MXAN_4034,452,448,760,824,685,856,1294,1642,545,1933,2076,1643,2360,2888,3091,1152,1292,1199,1314,1476,1283,1227,1422,1322
MXAN_4035,115,99,172,200,239,318,504,433,145,651,788,671,849,762,681,433,418,396,596,378,433,102,336,309
MXAN_4036,44,32,118,80,80,50,154,180,63,257,301,201,244,359,475,113,170,119,198,246,207,86,178,158
MXAN_4037,230,165,248,430,530,838,1176,989,451,2084,1360,1601,1848,2182,2443,1111,1105,1100,893,763,1045,1479,943,885
MXAN_4038,279,235,295,527,445,914,983,826,411,1631,838,1458,1754,1706,1841,891,1037,1079,977,783,930,313,815,694
MXAN_4039,437,489,478,706,716,1075,1887,1648,811,2744,1928,2088,3095,4258,4400,1475,1738,1618,1643,1948,1958,1413,1694,754
MXAN_4040,86,83,158,154,167,182,270,204,124,378,264,300,464,516,614,186,232,237,207,212,270,265,243,192
MXAN_4041,5497,4374,5475,11468,10513,13324,19315,18639,7537,32357,28128,25310,40390,61169,63144,21294,21168,19610,32018,28871,28887,47888,35078,37093
MXAN_4042,432,387,831,778,725,1287,563,524,157,2558,1918,2017,5280,4914,2888,3198,2763,1593,3572,2283,712,5300,6577,6684
MXAN_4043,304,218,399,364,373,788,316,335,142,1698,1511,1286,3641,3720,2187,2153,1939,1259,2993,1776,725,6633,5598,5799
MXAN_4044,126,73,148,205,193,493,388,544,198,660,448,803,1245,1041,1197,682,651,696,520,413,473,1200,658,521
MXAN_4046,725,551,874,1240,1033,1681,1605,1467,632,3375,2339,2292,4877,5249,4768,2625,2379,1869,3616,2853,1901,10484,4239,4711
MXAN_4047,2722,1798,2534,6300,4456,6191,7734,5667,2610,10709,8510,10294,18998,27442,26789,10103,11249,10879,15216,12877,14315,11030,14252,18145
MXAN_4049,223,148,372,493,436,642,905,706,376,1339,953,994,1799,2068,2435,881,1090,1127,1277,1186,1185,935,1167,1582
MXAN_4050,104,90,244,273,211,303,393,266,135,442,232,375,529,490,538,250,287,372,210,186,304,119,176,204
MXAN_4051,2339,1857,2147,4007,3129,4257,8226,7658,3328,10009,6219,7700,8432,9200,9490,4206,4364,4966,3963,3190,5482,1656,3077,3002
MXAN_4052,303,253,447,483,535,544,1050,1062,448,1608,1371,1164,1209,1950,2515,660,665,543,818,886,912,2261,912,776
MXAN_4053,437,365,690,926,719,1057,1432,1154,527,2112,1369,1549,2867,3455,4260,1545,1527,1303,2143,2034,1840,3106,1965,1707
MXAN_4054,9160,6910,8368,17056,11926,14181,16121,14853,6522,28784,19409,22588,40853,51296,48688,21643,22892,19371,32922,26941,22759,60011,39805,54697
MXAN_4055,904,641,738,1321,1022,1687,2865,2535,1016,3876,3501,3289,3246,3798,4013,1824,1835,1848,1702,1543,1624,833,1991,1445
MXAN_4056,458,380,501,891,921,1145,1316,1723,674,3860,3056,3000,5773,7311,7265,2670,2655,2411,3849,3968,3281,4375,3769,3470
MXAN_4057,18,22,105,50,52,86,95,104,33,129,99,114,253,284,329,164,138,111,174,139,137,227,170,194
MXAN_4058,136,157,220,443,354,831,820,542,288,967,943,1012,1601,1661,1698,653,733,694,831,755,916,203,1068,1015
MXAN_4060,19,13,53,36,32,51,46,54,24,110,68,77,115,155,214,81,85,77,84,107,79,64,77,85
MXAN_4061,1102,912,1212,2529,2020,2000,1897,1420,729,3323,2448,2567,2616,4511,5538,1235,1357,1239,1636,1637,1687,921,1872,1674
MXAN_4062,151,135,230,294,227,401,327,227,165,630,210,489,556,497,531,230,239,270,301,235,301,166,259,312
MXAN_4063,548,554,632,906,916,1180,1832,2010,663,2901,2637,2240,3604,4420,5149,1883,2007,1853,2123,2358,2323,3537,2555,2170
MXAN_4064,3485,2568,2921,5761,3973,6856,7071,7246,3425,17206,13002,12514,18122,19422,17169,9148,7973,8439,11933,8122,9977,16153,10917,12421
MXAN_4065,40,38,50,79,51,98,102,120,44,149,108,122,133,190,208,81,95,80,67,92,88,126,72,65
MXAN_4066,214,217,286,323,575,557,1090,821,343,1308,1042,916,1184,1257,1527,495,580,495,501,525,612,1158,598,462
MXAN_4067,95,52,71,183,146,172,250,127,62,368,236,298,304,355,369,208,202,187,174,113,219,102,165,134
MXAN_4068,59,40,39,91,72,84,150,86,40,191,117,138,162,265,253,93,109,114,85,91,120,86,108,86
MXAN_4069,298,217,294,424,479,734,929,800,320,1276,1065,1145,1351,1465,1554,674,777,809,607,618,929,922,739,629
MXAN_4070,25,28,68,88,61,196,91,69,50,194,100,187,502,240,306,167,170,219,227,166,190,199,191,275
MXAN_4071,203,159,230,516,362,750,702,539,357,1238,725,1064,1743,1473,1778,809,719,818,1403,996,1000,1281,1017,1283
MXAN_4072,250,180,255,492,329,567,653,404,258,950,423,817,1565,1214,1153,672,591,632,1218,813,785,446,811,1054
MXAN_4074,443,422,539,676,623,561,1271,1276,438,1914,1376,1223,1768,2481,2846,773,871,719,1124,1112,1082,714,1133,956
MXAN_4075,772,648,951,1579,1263,1528,2400,1854,823,3538,2368,2546,4198,4833,5351,1909,2063,1807,3015,2825,2624,1433,2389,2308
MXAN_4076,34,34,108,38,51,179,16,18,13,255,258,316,946,867,476,633,743,631,481,410,150,265,572,434
MXAN_4078,253,170,1047,481,469,770,1116,748,544,1030,498,914,1554,1241,1103,654,694,876,835,629,854,293,513,729
MXAN_4080,6,2,31,10,9,21,15,11,11,14,10,16,37,37,56,32,24,37,27,23,13,7,18,22
MXAN_4081,516,494,711,1198,1203,1546,2205,2032,1107,1929,1871,1932,2927,4112,4427,1469,2111,3026,1219,1537,2641,1084,1137,1157
MXAN_4082,105,88,528,148,174,267,438,501,185,814,713,577,695,776,854,308,336,299,373,391,469,693,389,468
MXAN_4084,166,144,320,333,545,724,631,698,256,1425,1549,1267,2265,3079,3586,1547,1704,1519,1304,1625,1324,3789,2547,2994
MXAN_4085,143,86,169,326,259,725,355,230,171,526,321,561,1167,711,671,473,435,644,480,215,645,230,324,507
MXAN_4086,814,531,697,1300,900,1158,1301,764,387,1251,741,1002,802,825,1039,402,507,494,494,390,586,421,544,602
MXAN_4089,3,9,49,14,15,31,15,14,11,18,23,15,56,41,65,33,27,38,25,22,31,34,39,41
MXAN_4090,3,4,24,18,13,21,13,8,6,19,15,22,52,28,44,22,14,40,24,17,22,28,27,42
MXAN_4091,25,34,99,57,53,111,128,106,68,213,148,163,284,331,379,135,133,170,162,171,158,275,205,212
MXAN_4092,510,632,884,803,873,827,2325,3830,1186,3165,3254,2029,2596,3995,4956,1362,1344,1237,1654,2282,1814,3334,1947,1724
MXAN_4093,47,57,199,79,113,126,270,246,107,294,248,247,341,555,451,299,373,213,264,218,137,2786,994,1302
MXAN_4096,231,182,367,432,382,529,842,750,320,1141,836,842,752,1009,1108,435,466,391,473,491,468,1870,559,455
MXAN_4097,456,343,570,731,532,1157,1123,771,441,2111,1315,1860,4671,4157,4016,2298,2147,1937,2791,1902,1804,3183,2773,3242
MXAN_4100,127,119,157,204,195,310,445,388,163,841,632,730,1180,1059,1189,470,488,431,936,938,601,760,1143,885
MXAN_4103,182,129,187,368,329,512,836,551,368,1377,587,970,1055,1187,1164,532,443,492,554,367,685,437,393,457
MXAN_4104,699,687,901,1422,1143,912,2701,2601,1133,4191,4152,2818,3048,4708,5727,1487,1586,1329,2212,2848,2569,2384,2189,1732
MXAN_4105,191,198,314,423,689,554,1391,2064,544,1492,2990,1335,1057,2717,3654,527,666,498,727,1284,970,2296,918,595
MXAN_4106,3,8,34,3,13,22,12,26,11,35,22,29,50,74,112,40,42,39,50,61,45,161,75,86
MXAN_4107,623,443,620,880,729,1786,951,538,499,3825,1263,2860,6673,5053,4545,2465,2075,2156,3508,2437,2159,734,2159,2217
MXAN_4108,320,283,445,619,617,943,1068,1046,461,1993,1543,1847,3482,3678,4228,1862,1973,1978,2448,2031,1935,1959,2342,3114
MXAN_4110,67,79,117,145,154,248,288,246,114,407,327,447,523,556,675,277,308,291,331,245,264,521,301,333
MXAN_4111,50,38,75,64,64,105,125,93,44,161,144,161,235,248,266,132,120,125,138,103,179,153,121,163
MXAN_4118,3,5,20,10,5,3,14,20,12,29,34,19,23,50,56,10,23,11,9,33,21,46,15,13
MXAN_4120,7,8,16,27,12,8,38,100,31,72,24,16,19,27,30,11,11,11,9,21,10,14,9,10
MXAN_4127,78,78,117,125,112,105,223,217,108,227,138,150,228,232,244,142,178,155,164,124,102,45,112,111
MXAN_4128,102,109,171,196,185,156,453,504,183,500,543,343,353,699,771,251,311,225,259,352,254,323,289,256
MXAN_4129,191,124,199,318,300,377,524,464,303,558,496,545,590,838,810,299,319,264,397,482,277,531,476,332
MXAN_4136,27,15,52,55,51,68,87,55,33,179,116,111,189,237,288,119,123,120,136,134,112,117,186,168
MXAN_4137,8794,6387,9581,12183,10473,11051,14080,21943,6358,48490,62847,33419,38722,69292,55472,22267,24444,17535,22844,22829,22378,32086,43298,38555
MXAN_4138,509,273,302,789,799,1268,1576,1271,756,2348,1767,2113,3425,4171,3942,2001,2096,2052,2066,1786,1995,1766,1651,1760
MXAN_4139,708,799,1015,1148,1203,1110,2737,3715,1183,3966,3639,2584,4491,8307,9048,2608,3025,1978,3199,4717,2858,8031,4851,3833
MXAN_4140,1543,1001,1167,3455,3002,5096,5187,3795,1657,7302,5780,7147,15883,17020,16187,8466,8182,7132,12845,8739,10971,7749,8949,10137
MXAN_4141,1279,980,990,2832,2566,5271,4186,2849,1548,7140,3914,6580,13268,10888,11200,6371,5351,5688,8876,5944,8060,4959,5784,7926
MXAN_4143,17,21,14,58,40,225,78,55,38,153,70,180,442,330,366,203,203,269,337,259,256,365,254,337
MXAN_4144,1511,1262,1701,3155,2205,2885,4946,4595,1813,6892,6346,5324,7787,8419,8781,3515,3800,3816,6444,5523,4831,3003,6023,6799
MXAN_4146,609,443,408,1128,1071,1724,1897,1147,631,4442,2015,3033,5673,4155,4260,2053,1975,2480,2045,1426,2906,1574,1616,1702
MXAN_4147,4031,2479,3176,8172,5335,6203,6146,4743,2045,6496,5671,6103,10116,13485,13674,4831,5028,5054,7572,6329,7011,6355,7698,9578
MXAN_4148,1549,1009,1100,3273,2235,2772,3734,2847,1644,4538,2802,3212,5883,7302,7914,3099,3069,3041,4894,4212,4236,5645,4768,4821
MXAN_4149,1290,1351,1581,2613,2387,2780,5054,4313,1851,7075,4772,5090,8531,9712,10531,4022,4377,3500,6143,7065,3765,9670,8217,8080
MXAN_4150,794,578,669,1608,1232,1706,2150,1509,862,3703,1477,2487,3613,3782,3569,1711,1529,1587,2351,1401,2059,1972,1963,2272
MXAN_4151,109,97,120,208,185,287,388,318,169,477,439,434,699,673,869,344,382,345,541,438,434,252,477,457
MXAN_4152,421,467,688,1052,732,844,1102,938,309,1273,1776,1100,1683,2511,3297,835,974,931,1426,1954,1377,1460,1633,1482
MXAN_4153,361,259,329,730,535,850,746,593,359,1299,639,1060,1591,1491,1643,768,787,926,887,629,1016,554,840,1033
MXAN_4154,281,196,245,549,478,865,730,557,386,1188,692,982,1847,2078,2046,1034,1054,1052,1372,906,1129,1254,1158,1563
MXAN_4155,3701,2789,3171,7230,7073,9971,14263,11630,6853,20783,13145,16996,17839,18686,18983,9188,8829,10179,7286,7464,9101,7005,8273,7319
MXAN_4157,4522,4144,5767,8731,7360,7931,8962,12327,3015,24666,34253,18446,26351,53119,48442,15366,16377,11158,22574,29842,15290,28842,34378,30151
MXAN_4158,68,65,120,108,94,230,157,219,92,466,323,393,766,920,1045,386,401,445,561,429,543,569,520,486
MXAN_4159,419,359,364,740,630,679,1711,1971,811,1720,1588,1412,1586,2899,3302,1140,1409,1679,939,1294,2198,432,737,380
MXAN_4160,117,94,222,211,191,300,407,381,212,621,416,474,679,650,831,342,309,313,399,348,430,619,364,367
MXAN_4161,72,53,125,177,120,277,233,155,85,326,220,298,837,638,632,407,422,509,536,449,319,148,499,767
MXAN_4162,840,746,913,1488,1300,1977,1846,3117,972,6377,4168,5171,8630,9927,11337,3861,4050,3915,5703,4212,4141,27373,5355,6285
MXAN_4164,58,59,93,127,113,228,209,192,111,351,276,351,702,695,941,346,380,364,535,414,558,309,422,589
MXAN_4168,83,57,94,159,104,258,187,129,104,309,219,297,643,511,629,273,333,381,419,333,441,221,371,457
MXAN_4170,63,38,148,134,87,134,116,119,42,122,126,127,208,240,345,99,145,129,127,157,165,192,140,196
MXAN_4171,726,537,662,1191,961,1007,1577,1306,747,1918,1063,1372,1083,1527,1734,596,678,645,659,557,928,742,780,687
MXAN_4172,1033,779,885,1703,1421,2114,3066,2330,1340,2907,2015,2455,3352,3691,3324,1920,1834,1935,2052,1631,1968,1950,1812,2193
MXAN_4173,1881,1507,1726,3671,3352,3115,7281,5219,2346,6359,4676,4931,6326,8387,7599,3663,3716,2963,4726,4253,3692,6245,4550,4261
MXAN_4174,500,369,360,940,918,1056,1932,1243,592,1612,844,1376,1905,2065,2183,1111,1024,1069,1377,1096,1129,1424,1342,1447
MXAN_4175,3692,3061,3097,7671,6653,5905,13456,9782,4679,11426,8666,8688,10046,12323,11290,5804,5468,4747,7425,6655,5864,9337,7266,7103
MXAN_4176,252,183,206,445,569,794,1257,733,390,1116,546,834,1741,1350,1509,790,753,786,939,760,794,544,903,1065
MXAN_4177,238,163,173,343,304,486,674,316,271,589,312,502,714,633,592,432,455,490,533,356,402,258,407,491
MXAN_4178,849,743,951,1495,1547,3324,3633,3674,1733,6082,4573,5264,9259,9779,11000,4980,5555,5991,5115,5059,5707,5054,4857,3966
MXAN_4179,60,56,100,86,106,270,239,285,106,376,377,413,807,804,1023,535,556,659,462,492,617,297,417,439
MXAN_4181,592,437,706,1051,935,1179,1846,1578,770,3154,2128,2210,2590,3021,3274,1387,1320,1230,1636,1290,1590,1567,1311,1249
MXAN_4184,9766,8303,9827,12899,8459,7586,19210,25503,9559,27046,12127,17767,29365,25576,23341,12163,10538,12276,9952,8424,8711,12980,12056,13885
MXAN_4185,81,57,83,142,118,139,234,177,60,251,336,240,484,768,936,287,316,260,384,419,366,722,344,319
MXAN_4186,508,479,575,950,706,759,1506,1952,625,2272,2360,1739,2094,2840,3302,1109,1343,1128,1328,1554,1519,1268,1480,1323
MXAN_4187,813,530,710,1153,1038,1410,2136,1751,779,4411,2861,3093,4427,5021,3838,2833,2528,2145,2263,1609,1948,2777,2379,2023
MXAN_4188,604,501,679,899,756,1188,1657,1636,637,3147,2413,2578,4219,4711,4054,2607,2463,2261,2274,2132,1862,3381,2906,2197
MXAN_4189,441,484,622,464,645,680,1761,2500,685,2739,3029,1899,2389,4059,3990,1486,1657,1459,1360,1820,1599,4270,1998,1054
MXAN_4190,638,427,634,1030,1006,1907,2012,1373,732,4581,2063,3697,3276,2836,2905,1819,1874,2002,1780,1328,1806,1077,1621,1693
MXAN_4192,150,67,150,166,126,253,297,223,99,573,253,376,641,632,650,344,243,260,579,380,381,493,402,502
MXAN_4193,4,3,76,5,7,7,13,11,3,48,12,26,23,13,28,6,18,5,15,12,13,8,9,11
MXAN_4194,600,660,970,1112,1419,1349,2778,3852,978,3557,4934,2498,4227,6567,7652,1974,1861,1493,3159,4225,2726,10944,3602,3113
MXAN_4195,239,141,187,604,410,447,986,469,301,724,286,515,705,799,798,244,248,223,595,333,542,133,421,638
MXAN_4196,189,130,330,413,333,460,627,572,226,1095,715,737,873,1026,1127,525,482,419,541,437,683,1123,509,456
MXAN_4198,34,24,97,61,39,102,65,55,52,97,72,90,156,157,209,48,75,127,101,91,175,60,72,110
MXAN_4200,251,219,372,583,567,479,749,607,295,1093,619,712,1029,1310,1629,455,506,438,795,792,965,1172,761,718
MXAN_4201,114,90,233,286,146,283,276,204,102,344,198,262,531,402,514,255,179,252,339,218,354,223,278,303
MXAN_4202,30,21,97,76,60,120,122,124,43,229,229,258,533,662,808,272,239,248,416,373,357,1691,435,617
MXAN_4203,35,25,183,84,46,68,116,115,55,189,249,187,296,417,533,136,127,134,214,221,182,199,231,238
MXAN_4204,6,4,119,9,8,4,20,13,8,28,19,25,25,34,61,11,4,12,18,16,12,14,13,16
MXAN_4206,62,55,125,107,142,142,336,369,132,347,331,262,350,495,624,203,235,264,177,219,333,172,192,152
MXAN_4207,96,115,223,149,138,180,368,414,164,460,358,337,570,714,790,304,305,344,439,355,416,562,356,417
MXAN_4208,5673,4681,5968,11334,10881,8111,19059,21221,8680,28984,35206,19093,33756,60281,64097,14176,15395,11938,28582,31196,27043,29963,30585,28457
MXAN_4210,1006,937,1221,2111,1912,3085,4104,4105,1998,6768,5073,5692,7892,8436,9412,4695,4954,5287,4436,3925,4744,4081,3700,3451
MXAN_4211,8511,7301,8825,14769,13853,16071,27601,33819,11270,40810,41967,33439,47812,74417,78527,26383,28997,26085,34230,33483,39140,31160,36225,35883
MXAN_4212,372,294,392,724,617,838,927,599,340,1337,774,1012,1579,1898,2016,779,880,852,931,992,1019,1061,1254,1448
MXAN_4213,4521,4552,5039,7284,5110,3847,9824,11929,3848,10735,8579,6951,9853,14699,16276,4245,5324,4938,6629,9478,6897,5855,10027,7982
MXAN_4214,164,126,167,329,308,546,432,360,166,654,495,581,1300,1325,1602,579,694,731,1057,754,970,554,820,904
MXAN_4215,364,208,361,675,512,743,804,516,232,1146,826,1050,1402,1375,1611,637,566,541,863,653,851,852,751,731
MXAN_4216,652,426,549,1103,768,1104,1131,857,476,2089,1019,1574,1916,2023,2280,1005,956,969,1112,893,1102,1325,1248,1274
MXAN_4217,3073,2376,2486,5141,4281,4699,6143,5205,2263,14321,8995,8978,12801,15051,12658,6306,6228,6028,5465,4908,6392,9162,7711,6363
MXAN_4218,1039,622,788,2504,1469,2039,1984,1067,566,2974,2067,2408,3980,4480,3843,2065,2189,2021,2274,1878,2458,2226,2668,2133
MXAN_4219,16138,12478,12465,23265,18416,16721,35077,31748,12579,61045,37033,32084,34297,51626,51558,18960,19468,17974,18161,17766,23412,22688,23383,14730
MXAN_4220,26,15,145,59,75,95,135,89,38,242,71,162,296,218,271,151,162,125,104,93,147,114,87,104
MXAN_4221,940,1026,1189,1893,1306,1888,2492,2806,969,5067,4062,3854,9007,8744,8271,4154,4493,3887,7031,5369,4899,2473,6255,7125
MXAN_4222,10,12,68,17,23,26,30,35,15,102,44,60,301,310,340,55,54,53,79,87,95,65,80,80
MXAN_4223,52,41,102,136,142,162,240,179,124,486,476,361,1031,1072,1350,275,295,266,454,425,521,970,368,463
MXAN_4224,35,37,92,67,57,57,131,140,48,284,187,174,772,1027,978,127,141,101,213,234,254,310,185,134
MXAN_4225,57,42,84,85,65,53,159,124,63,446,142,197,733,930,721,79,79,70,178,160,199,189,102,95
MXAN_4226,46,39,122,82,76,90,175,114,66,517,211,236,949,1100,978,94,74,87,216,196,219,235,112,101
MXAN_4227,48,33,74,85,52,83,153,97,43,360,184,228,1092,1264,1196,104,86,78,243,275,275,184,124,136
MXAN_4228,79,47,149,118,83,125,226,167,81,568,210,268,1254,1346,1279,106,96,103,253,207,280,158,110,135
MXAN_4229,42,37,195,102,75,150,171,106,77,453,145,272,1694,1287,1368,154,180,206,317,217,330,318,196,230
MXAN_4230,98,62,152,163,152,154,322,227,80,697,302,388,1889,2358,2292,192,190,222,402,363,347,331,235,226
MXAN_4231,64,62,152,129,144,304,270,241,113,403,266,431,642,697,745,341,422,427,249,363,369,472,386,301
MXAN_4232,1717,1217,1373,3244,2693,3673,5123,4812,2153,8704,6332,6782,12527,13399,12948,6434,6271,6232,9607,6662,7179,8210,7022,9028
MXAN_4233,69,58,118,118,121,263,175,149,75,284,148,275,521,640,752,363,427,410,394,393,367,571,445,498
MXAN_4235,1090,743,992,1386,1019,1570,3493,2095,1319,3004,1193,1817,2585,2532,2484,1229,1232,1356,972,847,1152,590,866,668
MXAN_4236,166,120,154,299,277,445,509,275,249,339,276,483,822,457,495,244,232,310,355,204,362,122,244,444
MXAN_4237,31,20,108,56,30,76,90,70,35,97,66,61,157,194,223,77,77,95,115,88,107,129,130,128
MXAN_4239,75,21,75,54,66,171,65,51,22,215,192,214,608,495,446,377,386,342,316,280,144,401,422,414
MXAN_4240,767,632,1001,1001,832,1300,1055,945,436,3444,2272,2509,3842,4735,3755,2192,2215,1896,1974,1980,1118,2299,2752,2565
MXAN_4243,81,76,168,139,148,292,262,161,98,436,167,390,1395,1084,1169,512,475,457,1119,803,625,599,675,819
MXAN_4244,274,227,344,487,493,618,1046,942,424,1605,1375,1227,1836,1951,2096,812,802,648,1205,1067,1057,1471,978,647
MXAN_4245,50,60,87,153,99,222,243,220,104,331,261,329,548,501,626,258,244,228,374,330,296,609,278,264
MXAN_4246,221,199,335,476,358,796,842,643,347,1134,956,1027,1583,1507,1695,706,606,639,945,802,887,1480,893,902
MXAN_4247,68,47,164,148,120,138,225,235,95,403,355,342,434,593,748,213,266,205,366,408,262,276,387,321
MXAN_4249,19,23,238,25,30,16,57,61,30,93,98,62,86,121,188,33,45,52,51,90,70,206,76,84
MXAN_4251,70,61,212,127,124,155,306,261,106,362,408,335,450,626,752,235,257,197,362,347,304,240,269,203
MXAN_4252,40,32,148,108,97,161,246,154,84,310,206,291,601,516,645,223,209,230,318,280,324,195,185,198
MXAN_4253,15,4,36,23,20,66,28,49,17,67,65,67,131,116,127,84,101,144,94,91,100,27,50,38
MXAN_4254,193,161,369,347,305,375,722,810,326,1093,921,758,880,1373,1661,553,604,531,528,680,687,1385,554,415
MXAN_4255,93,108,244,197,213,378,388,354,173,659,552,640,934,925,1098,460,471,504,528,444,651,781,464,505
MXAN_4256,48,53,185,97,97,207,204,192,120,285,180,303,469,551,658,294,271,312,274,278,405,185,248,229
MXAN_4257,115,94,307,181,142,208,382,371,124,668,488,464,620,648,773,308,252,272,379,310,336,498,326,283
MXAN_4259,13,12,66,47,61,170,120,128,57,837,547,700,2275,1799,1713,1331,986,846,2248,1360,1045,1635,1444,1942
MXAN_4260,7,9,42,25,14,44,28,37,18,169,106,121,419,808,902,364,423,233,728,872,298,1247,839,773
MXAN_4261,273,256,499,488,501,452,980,970,357,1378,1388,936,1395,2049,2632,749,893,693,754,903,924,2102,1014,782
MXAN_4262,255,209,474,567,480,470,846,735,294,1119,907,765,1030,1498,2018,423,453,449,667,807,824,1642,679,749
MXAN_4263,329,770,528,667,935,688,2620,5610,1045,2164,4007,1346,8193,14283,15944,1459,1926,1786,6673,8118,3946,7199,6086,10530
MXAN_4264,38,56,84,75,90,209,308,324,138,203,134,219,1747,1022,1165,234,273,433,1006,616,604,243,490,1857
MXAN_4265,37,35,81,76,85,182,257,257,82,150,121,172,1416,862,903,168,178,332,872,545,572,188,364,1447
MXAN_4266,529,825,517,1038,1027,1102,3186,4958,1184,2299,2071,1724,9346,9178,10152,1259,1368,1772,5682,4848,3593,1496,3198,10426
MXAN_4267,233,386,364,517,670,953,2091,2212,785,1176,1224,918,6989,6415,7881,966,942,1324,4127,4227,2852,2523,2176,6394
MXAN_4268,243,524,377,517,415,265,1479,2619,558,671,1080,453,1824,3325,3816,327,358,409,1374,2458,925,438,843,1915
MXAN_4269,241,316,282,342,308,361,688,759,395,918,675,776,1100,1042,1003,464,473,675,434,400,448,169,372,600
MXAN_4270,23,17,314,34,34,49,86,104,29,124,126,113,165,289,397,97,109,63,127,134,114,620,177,153
MXAN_4271,8,3,55,6,11,11,28,27,12,32,31,46,32,53,55,40,35,36,21,25,26,59,48,46
MXAN_4273,47,63,155,38,34,47,73,106,42,99,107,81,162,195,229,208,170,132,92,130,89,224,139,117
MXAN_4276,70,42,188,71,71,85,249,195,91,225,107,137,6448,4850,2465,3098,2603,3550,5722,3728,1654,786,1219,4957
MXAN_4277,167,262,367,315,443,332,1075,1485,484,764,859,576,2151,2892,1933,1374,1529,1344,2036,2426,760,1520,1212,1803
MXAN_4278,38,36,130,101,100,111,199,156,90,155,123,122,229,218,232,106,107,134,188,143,112,117,157,208
MXAN_4281,44,43,193,46,41,68,66,72,45,149,114,151,378,392,410,190,180,201,331,257,227,316,327,390
MXAN_4284,38,50,89,67,55,49,162,197,60,305,221,169,256,443,514,102,94,96,257,351,166,208,318,361
MXAN_4285,5,5,79,16,8,20,32,18,12,47,20,39,124,101,109,51,52,42,106,81,64,69,87,138
MXAN_4286,19,17,122,60,35,45,75,41,39,144,83,120,268,294,283,95,114,88,308,199,158,79,212,287
MXAN_4289,115,119,248,266,255,371,335,287,144,695,392,540,1686,1549,1278,1299,1244,1311,1254,809,750,840,1456,2046
MXAN_4290,32,42,57,67,58,92,88,53,28,115,63,94,147,96,94,138,175,180,75,51,42,39,107,128
MXAN_4291,4,6,19,8,12,31,7,10,7,27,10,14,65,45,36,60,70,70,25,13,33,26,41,56
MXAN_4293,128,94,92,218,421,449,406,503,249,853,891,640,3215,3712,2808,2874,2570,3177,1165,488,1557,1491,1758,2957
MXAN_4294,147,177,213,337,343,584,362,342,199,965,731,808,3346,2731,2188,2500,2286,3371,951,505,1150,1314,1513,2740
MXAN_4295,285,334,319,593,717,714,649,870,405,1955,1899,1458,4024,3977,3567,2996,2991,4132,1178,887,1469,807,2377,3460
MXAN_4296,96,90,449,146,216,266,206,287,114,567,673,542,1380,1423,1382,1324,1493,1741,478,505,569,1094,1116,1253
MXAN_4297,221,284,905,426,671,722,607,866,266,1897,2222,1623,3256,3471,3152,3148,3453,3935,1086,972,1351,2985,2307,2452
MXAN_4298,193,253,901,368,646,664,602,881,321,2010,2070,1559,3204,3280,2957,3396,3640,4312,1045,1006,1354,2200,2166,2348
MXAN_4299,302,447,1501,598,1021,1248,1036,1734,523,3543,3725,3091,5432,5281,5074,5890,6566,7315,1827,1805,2208,3648,3967,4011
MXAN_4300,160,226,667,324,644,744,599,1213,350,1963,2391,1708,2806,2736,2543,3315,3709,3851,1009,886,1147,2167,1867,1812
MXAN_4302,86,138,304,178,251,236,263,575,112,893,1035,589,1419,1755,2060,2024,2400,1998,752,884,680,2074,1938,1794
MXAN_4303,160,219,275,348,464,355,416,928,194,1332,1617,884,2176,3360,3294,3155,3467,3082,1540,1707,1224,6160,4437,4319
MXAN_4304,28,32,141,67,81,128,112,205,61,294,181,208,411,295,313,374,396,395,175,162,130,386,343,381
MXAN_4305,45,37,162,79,99,152,130,229,83,479,311,325,562,387,456,533,560,577,236,191,213,369,469,639
MXAN_4306,230,153,412,388,355,586,674,575,266,909,610,758,1144,1312,1606,652,602,579,865,746,782,798,667,606
MXAN_4307,86,58,72,128,109,130,280,216,112,349,198,231,358,342,337,178,146,139,199,166,167,187,142,126
MXAN_4309,120,93,207,229,192,170,360,362,116,528,446,434,404,555,604,256,257,217,263,195,308,452,246,209
MXAN_4312,6,0,64,7,2,12,15,7,4,9,12,11,20,13,44,8,13,7,10,9,10,30,8,24
MXAN_4313,14,8,134,14,17,34,22,39,16,37,25,24,50,41,105,38,31,40,22,29,21,86,34,44
MXAN_4315,48,54,87,67,77,97,214,244,75,239,292,184,194,288,393,93,110,128,100,145,149,351,143,126
MXAN_4316,6,2,25,10,13,17,21,20,22,35,14,23,24,29,37,18,15,29,12,16,19,46,16,24
MXAN_4319,8,6,45,8,5,11,18,20,4,18,9,16,18,27,41,6,14,11,10,7,11,19,7,8
MXAN_4321,0,2,11,5,3,10,9,5,3,5,5,9,11,14,21,7,3,10,13,5,11,16,4,7
MXAN_4322,18,14,31,50,37,55,46,44,23,76,53,75,107,127,130,60,79,64,122,73,75,108,102,99
MXAN_4325,888,1018,1465,2285,2112,1697,3804,4848,1654,4655,6976,4322,5610,9940,10866,2258,2857,2586,4832,5505,5062,2077,4021,3736
MXAN_4329,396,346,382,753,616,1053,1263,954,589,1956,947,1526,2823,2174,1889,876,826,945,1445,952,1225,1528,1042,1522
MXAN_4330,365,389,461,742,655,886,1427,1367,607,2133,1842,1729,2256,2643,2994,1242,1139,1122,1632,1326,1637,3025,1443,1445
MXAN_4331,504,327,332,677,659,999,1537,1136,409,1194,1364,1254,1699,2159,2196,1032,984,882,1078,768,1267,1121,1007,780
MXAN_4333,259,217,429,293,442,476,798,944,243,1484,1630,1115,1559,2215,2026,968,1009,775,1035,1161,626,4337,2607,3026
MXAN_4334,144,102,145,255,324,229,807,667,149,920,1002,610,608,850,895,438,504,453,297,334,345,109,212,105
MXAN_4335,50,44,62,130,161,262,389,380,140,439,372,423,664,721,631,467,483,581,264,213,368,403,243,130
MXAN_4336,972,1190,1457,1349,1614,1326,3776,7217,1326,5501,6358,3776,4483,6655,6843,2086,2220,1520,2953,2870,2109,4022,3562,3233
MXAN_4337,158,118,376,254,281,398,664,534,290,922,670,690,958,1180,1266,501,503,463,530,499,544,1139,602,454
MXAN_4339,86,56,147,168,143,253,208,226,85,386,329,365,504,569,739,277,285,328,328,347,384,292,317,334
MXAN_4340,435,360,617,875,738,1109,1549,1403,608,2645,2298,2071,4525,5167,5451,2464,2368,1872,3550,3229,3007,3694,3071,2798
MXAN_4341,815,662,898,1623,1078,1837,2287,2173,661,3515,2888,2849,5233,5826,6248,2633,2628,2596,4652,3244,3756,2594,3321,3869
MXAN_4343,767,599,591,1543,1415,2578,2615,1210,911,4177,1411,3245,5321,3665,3442,2269,2196,2729,2374,1432,2485,1188,1949,2150
MXAN_4344,244,188,199,490,474,538,939,570,355,1509,1149,930,1616,1884,2077,870,841,787,905,1406,906,1541,1089,899
MXAN_4345,835,707,828,1652,1266,1449,2389,1879,876,4218,2984,3028,4242,5325,5253,2295,2306,2095,2823,2708,2557,2398,2804,2108
MXAN_4346,595,433,496,979,676,1232,1142,1004,519,1667,1141,1305,2027,2334,2505,1050,1073,1109,1397,1255,1337,1663,1415,1390
MXAN_4347,117,84,156,213,148,194,306,251,107,401,272,303,402,461,510,247,283,226,282,282,272,243,226,170
MXAN_4349,1577,1606,1873,2686,3059,2960,7480,6698,3121,10081,7531,6966,5677,7603,7986,3528,3672,3423,2735,2752,3227,4918,3891,3249
MXAN_4350,58,44,36,43,73,70,196,231,119,277,158,139,142,288,342,119,140,125,81,137,177,219,91,63
MXAN_4354,20,22,40,32,34,52,65,45,31,88,44,51,84,82,111,38,42,42,62,30,64,48,41,56
MXAN_4355,41,25,50,61,56,91,136,96,51,130,80,120,227,149,198,85,85,71,124,69,121,63,86,103
MXAN_4356,77,64,123,153,138,202,224,142,121,327,224,249,318,406,460,164,220,200,160,146,242,169,192,218
MXAN_4357,53,32,74,99,116,163,200,160,81,290,167,265,367,318,386,153,178,205,230,136,217,155,177,250
MXAN_4358,74,59,96,139,260,382,338,203,195,635,317,509,638,604,633,310,283,364,327,204,414,524,277,337
MXAN_4359,24959,18886,22558,50484,35206,35843,46442,33238,15094,56801,31754,49247,62252,73898,81040,27450,28791,29521,37507,37063,36414,19560,37524,43622
MXAN_4360,212,264,423,464,334,652,646,604,261,1423,1108,1167,2319,2581,2205,1233,1313,1246,1313,1235,860,2102,1487,1587
MXAN_4362,444,370,417,763,674,959,882,746,293,1879,1668,1443,3257,4459,4243,1496,1815,1778,2183,2043,2495,3216,2121,2496
MXAN_4364,172,132,224,340,303,481,686,690,256,1077,1043,894,1461,1717,1843,838,797,623,1039,808,803,1323,890,694
MXAN_4365,203,187,276,301,311,544,696,640,341,1193,749,1025,1614,1425,1719,856,772,710,1118,823,852,960,796,767
MXAN_4367,145,123,272,345,315,389,651,719,154,781,1021,627,1088,1228,1446,583,559,505,1028,1103,688,648,863,1059
MXAN_4368,314,253,316,671,616,891,1179,1120,623,1850,990,1715,2226,2495,2313,1158,1113,1308,1849,1092,1376,822,1396,1944
MXAN_4369,324,220,248,780,743,1571,986,705,454,2713,1249,2753,2884,2175,1913,1166,1065,1441,1441,740,1527,764,803,1316
MXAN_4370,258,250,296,657,706,732,1161,1041,345,2083,1627,1714,2052,2746,2701,979,973,966,1432,1325,1491,1068,1136,1069
MXAN_4371,4525,3517,3684,13071,12647,18167,15482,10931,6685,22537,15050,25969,61651,48621,44753,17908,18455,25304,32414,17214,34977,11713,18802,33330
MXAN_4372,204,103,235,407,582,489,807,855,425,1272,1735,1170,1488,2609,2373,719,759,544,1295,1412,1206,1665,1272,1278
MXAN_4373,808,895,968,1747,1930,2666,2891,2747,1291,4932,4359,4512,9016,8772,9511,3624,3428,3482,5929,4754,5497,5817,4092,4019
MXAN_4374,591,558,646,1179,1146,1192,1890,1830,743,3107,3196,2420,3823,4935,4743,1848,1798,1611,2734,2420,2476,1973,1903,1341
MXAN_4376,119,95,162,249,197,161,261,369,112,367,380,335,311,561,538,214,257,218,172,211,226,170,243,219
MXAN_4378,42,29,121,48,71,46,141,174,48,152,150,134,167,244,248,99,98,87,111,100,78,309,133,108
MXAN_4379,31,34,76,44,38,36,95,130,42,133,127,106,148,223,242,110,120,95,103,122,97,290,131,85
MXAN_4380,18,9,48,39,31,19,73,53,18,83,93,57,46,101,107,33,29,29,31,45,40,56,30,15
MXAN_4382,58,43,72,87,87,69,196,144,64,220,185,133,178,207,224,101,79,80,106,91,123,156,82,69
MXAN_4384,259,189,183,453,549,1184,810,504,370,1524,776,1532,3106,2346,2402,1141,1302,1588,1483,1012,1925,972,1192,1758
MXAN_4386,1423,1219,1169,2625,1809,2384,4658,3959,1972,7415,3067,4748,5577,5120,5080,2244,2424,2892,2968,3017,2958,546,2327,2648
MXAN_4387,804,513,543,1483,1265,1302,2719,1838,913,3609,2198,2686,3440,5008,4945,1775,1734,1733,2222,2047,2780,2419,2130,2367
MXAN_4388,2591,1968,1956,4148,3450,4336,7374,5323,2669,10791,4821,7861,10736,11030,10945,4546,4718,5374,5992,4705,6704,2620,4781,5573
MXAN_4389,2263,1392,1453,2947,1744,2213,2386,552,654,690,207,601,380,311,345,230,197,390,398,288,392,447,701,496
MXAN_4390,12,10,75,24,16,27,26,24,11,25,28,28,24,17,51,11,13,13,14,25,23,20,29,26
MXAN_4391,853,603,679,1416,1531,2178,2787,2256,1209,5267,3619,3890,4203,4843,4247,2482,2428,2702,1777,1343,2362,1413,1891,1497
MXAN_4392,737,425,512,1042,972,1478,2002,1529,823,2894,1798,2112,2857,3033,3271,1569,1441,1421,1506,1059,1465,967,1218,1101
MXAN_4393,260,195,266,394,287,599,703,672,295,944,704,779,994,1026,1190,599,543,575,567,463,561,779,606,481
MXAN_4394,22,12,69,40,48,103,72,49,29,112,95,98,326,212,257,129,110,131,167,110,168,67,124,129
MXAN_4395,747,577,843,1364,1298,1620,2134,1906,868,3115,2127,2339,2777,3466,3851,1553,1638,1374,1661,1611,1923,2861,2040,1531
MXAN_4396,570,625,1159,1039,1037,1215,1737,2027,689,3153,3006,2204,3768,4882,5207,2008,2194,1721,2481,2973,1770,4363,3340,2724
MXAN_4399,117,152,201,221,251,232,713,825,173,798,847,470,709,1313,1363,462,613,527,514,829,635,1391,710,634
MXAN_4400,183,170,245,370,372,499,791,733,285,1085,1079,828,1245,1541,1518,766,818,921,734,622,976,932,656,596
MXAN_4401,286,250,376,438,405,249,779,689,256,186,287,169,172,294,401,86,115,162,133,164,163,123,142,229
MXAN_4402,293,267,833,406,438,373,1007,651,423,212,125,176,269,195,364,107,91,148,131,120,120,120,124,160
MXAN_4405,20,15,168,28,28,72,148,213,71,54,52,58,79,74,115,26,36,57,26,60,45,56,32,37
MXAN_4406,3,3,35,11,2,33,11,8,7,28,15,28,51,43,48,26,24,32,27,20,21,44,36,63
MXAN_4407,217,154,463,266,218,585,212,211,73,879,751,887,2507,3124,2076,1545,1738,1516,1671,1481,596,1569,2941,3977
MXAN_4409,46,78,181,168,184,325,116,205,71,831,1291,980,1163,1695,1820,597,695,676,746,749,701,888,951,688
MXAN_4410,111,175,231,270,277,529,335,388,176,1300,1093,1296,1954,1821,1876,966,965,836,1044,841,654,335,1422,1108
MXAN_4411,44,50,167,169,137,386,59,89,63,703,538,846,1403,1229,1309,660,627,761,644,501,656,434,941,934
MXAN_4412,63,83,201,207,164,428,39,124,59,1141,915,1399,1452,1590,1847,891,906,962,663,567,524,813,1112,755
MXAN_4413,32,50,140,104,117,346,24,56,13,691,564,768,1315,1023,1225,686,651,669,593,529,368,674,904,666
MXAN_4414,128,148,921,400,440,1256,86,164,69,1974,1939,2438,5418,4588,5172,3040,3092,3108,2604,2058,1640,2743,3658,3018
MXAN_4415,98,121,728,255,274,742,72,95,69,940,1085,1145,3101,3229,3740,1779,2019,2235,1559,1335,1260,2500,2424,1986
MXAN_4416,28,30,66,65,56,122,29,28,11,183,201,180,697,778,917,384,384,386,338,327,309,435,532,399
MXAN_4417,179,172,353,354,278,438,243,407,167,1330,1145,1363,1617,2321,2231,797,850,816,888,881,825,506,1096,873
MXAN_4419,37,39,116,105,70,326,79,75,76,544,230,569,1777,932,810,574,468,492,976,600,430,364,711,889
MXAN_4420,111,82,169,143,190,294,339,345,138,512,449,502,733,658,638,321,289,363,341,227,283,609,349,452
MXAN_4421,1449,1249,1519,2280,1810,2828,2846,3324,1214,5285,6015,4900,11735,11707,8455,4614,4826,4692,5864,3547,4834,2569,4568,5804
MXAN_4422,108,81,150,169,210,258,581,629,184,484,429,422,480,669,727,262,382,491,183,211,333,203,185,142
MXAN_4423,957,705,769,1406,1091,2097,2457,2105,888,3958,2815,3026,5118,4999,4996,2361,2434,2209,2832,1842,2528,1018,2658,2565
MXAN_4425,156,88,148,295,239,488,520,311,229,624,338,540,1345,1354,1326,579,603,612,807,612,698,502,764,732
MXAN_4426,316,341,426,511,529,849,1186,1391,653,1941,1564,1395,1921,2468,2675,1106,1198,1233,1231,1385,1292,1670,1339,1076
MXAN_4427,121,83,126,176,143,181,293,257,150,389,199,254,241,220,333,147,146,166,99,109,145,192,123,95
MXAN_4429,79,45,178,166,179,347,268,163,100,627,341,521,803,564,568,408,325,339,372,227,319,359,425,379
MXAN_4430,486,368,458,666,559,828,1098,986,494,1995,1054,1372,1306,1389,1257,788,730,797,664,471,707,391,570,482
MXAN_4431,373,318,347,668,574,981,1107,838,432,1968,1062,1537,1682,1371,1475,840,755,868,784,479,828,356,504,433
MXAN_4432,829,618,1128,826,700,1999,179,224,70,5319,4715,4057,12057,12843,6628,8330,7010,4264,10047,9712,1370,11752,12811,11991
MXAN_4433,553,458,667,1020,792,1144,1444,1796,720,4623,2751,2943,3949,4588,5135,1859,1761,1904,2490,2621,2524,1441,1952,1923
MXAN_4434,532,557,699,1223,1116,1535,2111,2004,760,3036,3051,2581,5392,5739,6344,2274,2551,2318,4285,3863,2780,2641,4088,4585
MXAN_4435,344,284,540,558,446,828,573,455,162,1956,1672,1688,3250,3466,2596,2070,2146,1603,1928,1622,862,2164,3275,3305
MXAN_4436,619,458,683,1043,999,971,2173,2186,942,2962,2772,2265,2868,4943,5700,1721,1904,1664,2162,2633,2484,3152,2514,1400
MXAN_4437,53,32,95,102,93,159,175,119,59,245,188,268,275,278,276,131,130,134,158,98,195,107,157,125
MXAN_4439,625,511,991,1292,1268,1908,2375,2202,1014,4045,3222,3405,7327,7718,7618,3821,3813,3560,5345,4076,4088,6020,5000,5688
MXAN_4440,474,438,894,1047,1123,1803,2090,1832,869,3350,2979,2929,6003,6064,6537,2805,2921,2667,3523,2975,3870,3491,2672,2420
MXAN_4441,500,495,808,1107,1128,1281,2228,2204,754,3205,3286,2602,4328,5144,5899,2249,2167,1938,2983,2830,3057,3292,2123,1999
MXAN_4442,440,422,655,1091,752,1106,1512,1340,677,4065,2412,2774,9735,10906,12309,3592,3528,2910,9273,7973,6434,8405,6638,7563
MXAN_4443,763,703,914,1371,1192,1440,2905,2901,1172,3823,2642,2952,3332,4362,4884,1570,1809,1806,1878,1978,2046,2502,1823,1595
MXAN_4444,301,184,384,554,473,597,1005,836,386,1492,1295,1184,2140,2590,2893,1077,1034,867,1659,1568,1240,1985,1417,1302
MXAN_4445,1296,1168,1601,2914,2326,3050,4907,4732,1946,6633,6806,5328,9704,12084,13687,4634,5130,4245,8550,7681,6686,9886,7740,8581
MXAN_4446,5075,7621,9899,9012,7454,5787,16364,25444,7021,23283,24354,14759,19223,38753,42658,9057,12308,12287,13132,18653,17963,13247,19471,24566
MXAN_4447,152,125,183,330,252,533,520,457,250,809,580,745,1364,905,1192,563,594,711,644,626,745,144,563,652
MXAN_4448,77,49,104,156,157,394,279,212,130,528,240,507,884,758,815,434,465,606,520,360,639,393,375,352
MXAN_4449,337,363,407,613,569,942,1494,1292,602,2285,1657,1729,3071,3265,3283,1748,1701,1523,1772,1643,1330,2040,2011,1763
MXAN_4450,90,64,128,316,321,1226,611,397,195,605,615,1077,2660,2091,2050,1357,1303,1621,1479,951,1425,2010,1428,2322
MXAN_4451,3100,2503,2864,4837,4751,5978,9799,5749,3558,16698,9462,11632,17552,18656,16474,8577,8667,7893,8787,8754,6282,14659,12435,11160
MXAN_4452,39,40,99,97,101,159,210,172,73,295,184,216,509,550,684,221,255,300,389,356,360,440,351,353
MXAN_4454,548,465,578,1309,1168,1649,2100,1721,534,2473,2660,2144,4121,4639,6363,1873,2082,1698,2375,3102,2142,1365,2797,2792
MXAN_4455,1401,1058,1179,2666,2223,3174,4197,2555,1630,6770,3187,4581,7149,6823,6480,3298,3193,2894,2961,2226,2676,1874,3591,3851
MXAN_4456,166,119,189,238,199,254,336,326,123,642,502,501,573,1063,1116,454,575,407,452,627,439,272,759,567
MXAN_4459,600,313,343,1536,1230,2548,2216,1333,786,3484,2133,3577,5626,5309,4669,3101,3167,3551,3106,1950,3336,1663,2042,2356
MXAN_4460,9412,7648,8530,17562,15963,16796,35007,27572,10622,48263,35191,34601,40430,51622,50799,21954,21878,18452,23227,22262,22228,19020,22022,16966
MXAN_4461,660,461,471,1633,1339,2303,2398,1467,1061,4388,2115,3461,5328,4489,4690,2580,2381,2541,3378,2447,3430,2673,2565,3130
MXAN_4462,106,70,150,222,198,421,289,254,164,509,322,506,1017,1455,1850,569,637,607,885,923,944,1033,746,971
MXAN_4463,438,359,463,1026,955,1625,1793,1477,788,2663,1941,2451,4633,5697,6966,2243,2481,2544,3990,3771,3905,3779,2913,3579
MXAN_4467,7199,4870,4803,6874,6178,10402,13738,11765,4228,57823,35709,36794,32904,25935,17880,19573,15733,14400,12801,5940,11765,3376,8134,7220
MXAN_4468,69,35,50,168,123,170,209,188,63,274,286,275,537,769,1046,392,532,499,600,649,536,172,531,516
MXAN_4469,263,271,251,366,437,686,1022,1237,462,1950,1627,1331,1611,1976,2351,1033,1043,1050,837,929,1134,1186,831,420
MXAN_4470,359,410,432,241,371,660,732,815,386,567,444,477,694,643,681,276,343,524,284,270,491,291,456,748
MXAN_4475,2493,5142,4914,7278,6183,3859,11256,10324,4568,6390,4901,4622,6489,8488,9605,1208,1590,1336,4085,7096,3526,695,1952,1464
MXAN_4476,323,171,230,359,298,303,566,661,259,862,696,640,695,879,892,438,418,370,376,327,458,144,289,250
MXAN_4479,768,747,693,1690,1828,2665,3070,1400,1321,2920,864,2314,6707,4132,4456,2179,2235,2713,3105,1701,3204,884,1580,2515
MXAN_4481,89,55,76,180,197,524,298,203,147,458,267,469,1162,781,908,475,413,747,516,369,674,672,396,509
MXAN_4482,521,570,571,821,1145,1331,2475,3114,1108,3557,3094,2758,4642,5449,6781,2137,2470,2377,2527,3343,2980,3225,2500,1966
MXAN_4483,349,427,424,618,591,641,1444,1537,538,1887,1776,1351,1646,1998,2300,834,916,775,982,1193,943,1178,798,480
MXAN_4485,93,92,142,163,171,100,407,552,141,506,665,338,258,597,623,172,193,136,149,209,172,193,140,60
MXAN_4486,291,228,280,401,336,276,1068,1407,478,1108,1071,823,617,1096,1050,343,405,390,315,460,483,289,210,135
MXAN_4487,51,44,59,85,64,90,172,99,78,214,138,157,180,212,212,98,94,130,97,83,145,30,44,48
MXAN_4488,123,139,250,322,231,148,492,431,197,474,353,354,465,577,800,147,206,155,257,442,263,171,236,211
MXAN_4491,10,9,32,17,25,35,49,27,26,50,20,58,68,56,69,22,21,9,40,29,18,12,21,17
MXAN_4494,2,2,76,4,4,5,10,6,1,23,2,7,52,33,73,31,30,28,20,17,15,37,38,38
MXAN_4496,2,2,60,8,5,6,4,7,1,6,1,14,25,32,51,12,12,13,10,11,13,19,22,17
MXAN_4498,10,5,73,16,6,9,35,48,10,52,38,30,54,67,100,33,23,28,25,29,23,49,28,56
MXAN_4500,2,2,40,16,109,64,8,5,2,3,2,10,15,23,18,9,12,6,5,11,10,7,10,6
MXAN_4502,19,15,84,43,47,50,81,87,41,145,128,92,237,411,554,143,191,143,191,232,214,345,231,208
MXAN_4504,25,11,145,23,27,24,47,54,31,61,55,62,95,94,143,56,42,49,45,47,45,57,49,59
MXAN_4505,12,5,156,15,23,31,50,47,26,73,51,48,113,96,147,62,73,58,52,37,55,82,62,69
MXAN_4506,4,3,37,10,10,8,12,13,9,21,16,23,28,29,41,15,28,19,19,25,18,28,18,18
MXAN_4507,12,4,97,19,8,38,28,34,9,38,21,39,81,74,116,39,43,54,31,30,45,17,32,37
MXAN_4508,48,27,271,59,54,81,90,106,41,151,92,114,204,211,303,126,109,139,90,122,112,94,134,122
MXAN_4510,13,8,144,14,15,18,37,32,13,34,34,39,91,59,95,22,37,37,37,31,32,14,35,40
MXAN_4511,250,200,367,510,403,420,903,985,391,1128,953,940,739,995,1103,371,337,436,391,372,552,215,230,170
MXAN_4513,245,438,859,411,462,238,1278,2157,456,1178,1478,690,567,1228,1738,466,536,399,319,693,360,1331,933,462
MXAN_4514,14,7,113,13,14,21,38,35,20,36,20,28,51,66,97,43,62,68,34,27,26,29,58,41
MXAN_4521,24,27,105,46,42,39,71,155,51,89,191,82,99,214,273,42,77,54,99,175,56,102,147,89
MXAN_4523,95,93,232,242,215,312,278,220,132,419,377,431,805,869,990,370,442,473,670,492,445,782,722,636
MXAN_4525,245,157,669,333,230,323,411,359,134,1118,1067,1048,998,1134,1026,295,346,386,387,468,538,430,442,421
MXAN_4526,196,140,1089,269,271,290,368,275,121,1331,1068,1400,1165,1232,1271,332,378,441,370,406,604,766,482,433
MXAN_4527,414,200,3134,295,336,449,509,572,210,2947,2682,3136,2222,2341,2696,708,848,941,863,923,1254,1025,917,769
MXAN_4528,165,51,1167,78,115,199,133,214,113,1407,1233,1540,989,982,1167,305,360,463,316,366,481,361,310,307
MXAN_4529,158,71,1109,75,114,214,157,207,69,2343,1718,2004,1135,1052,1183,369,372,468,336,396,544,449,282,263
MXAN_4531,19,17,108,19,34,53,42,30,15,181,99,100,151,132,141,38,40,43,70,66,75,54,57,66
MXAN_4532,256,243,1195,456,458,660,677,918,273,2302,1565,1766,3103,3476,3463,1106,1386,1739,1080,1088,1246,930,976,1512
MXAN_4533,11,7,139,21,19,43,38,36,19,78,64,88,211,185,192,75,82,135,65,101,70,45,70,112
MXAN_4534,242,317,471,344,426,615,169,127,73,1414,1292,1604,7202,6231,4891,6566,6456,6526,3728,2636,1842,2938,7631,12239
MXAN_4535,24,17,84,60,53,60,72,55,40,83,78,80,205,291,301,145,151,129,212,192,138,271,259,273
MXAN_4537,12,4,54,42,18,34,34,21,11,35,24,36,111,108,110,65,63,51,94,57,53,49,75,104
MXAN_4538,111,89,214,279,147,156,250,290,103,343,302,266,569,886,862,308,310,255,473,499,293,660,513,559
MXAN_4539,101,82,291,236,124,177,249,228,107,332,220,251,583,674,732,278,348,266,494,408,288,382,535,568
MXAN_4540,3,4,45,7,5,14,14,11,3,10,11,14,67,50,53,33,39,38,42,27,8,28,50,47
MXAN_4542,26,18,104,39,34,66,59,44,35,105,34,97,153,133,179,64,88,83,67,83,80,40,87,102
MXAN_4543,250,187,274,532,353,290,573,237,137,472,209,328,568,580,569,185,237,219,335,337,210,119,454,558
MXAN_4544,84,68,234,141,107,117,223,126,107,291,102,185,317,299,365,100,133,144,144,116,122,152,116,125
MXAN_4545,1122,986,1796,1872,1629,2147,3641,3905,1454,6208,5190,4357,5547,7000,8151,3015,3113,2996,3315,3803,3521,3968,3226,2595
MXAN_4546,64,32,69,96,116,153,199,165,74,375,316,311,501,723,839,294,307,270,405,466,325,805,424,389
MXAN_4547,72,53,204,105,90,209,103,126,38,352,372,370,973,832,572,650,668,539,652,428,186,3237,1788,2156
MXAN_4548,58,57,80,80,108,131,202,177,67,280,218,200,307,388,433,196,267,252,247,281,245,339,387,402
MXAN_4549,155,105,378,310,214,327,576,365,192,445,285,326,572,683,854,274,298,232,542,463,265,1437,587,754
MXAN_4551,120,57,66,267,248,589,328,209,164,344,151,258,361,347,369,173,169,204,257,218,211,198,181,267
MXAN_4552,3238,3402,3020,6772,9046,6063,17173,19304,2955,7178,7824,6539,5689,8027,8939,2796,2768,2359,3976,3799,3180,1779,3562,3526
MXAN_4553,2035,2197,2348,3716,2857,2452,5099,5792,1896,7341,5348,4988,6513,9237,8261,3478,3210,2957,4393,3749,3657,6803,3938,3819
MXAN_4554,278,228,487,491,517,608,932,702,348,954,590,677,964,1017,1175,467,513,519,427,372,526,462,363,374
MXAN_4556,513,427,846,1161,1233,1273,2243,1531,742,2206,1860,1623,1932,2374,2379,856,1013,897,950,998,1111,1123,849,685
MXAN_4558,361,310,369,857,952,984,1588,1277,669,1668,1293,1453,1517,1860,2263,795,808,745,898,867,1184,2586,887,783
MXAN_4559,1731,1408,1616,4856,3486,4271,5987,4956,2000,6836,5016,5774,6413,7157,8544,2638,2807,3342,4137,4289,4947,3408,4027,3945
MXAN_4561,384,287,631,1658,1598,1957,1219,1001,549,3165,2655,3720,4491,4342,5243,1146,1575,2999,1809,1998,3686,2226,1797,2015
MXAN_4562,649,600,907,2168,2040,2769,2020,2379,1110,6631,5968,6303,10327,10203,12447,3031,4666,6194,5282,6968,7677,5918,5208,6321
MXAN_4564,1600,1309,1258,3155,2861,2930,4800,3433,1531,10285,5220,6217,11546,10639,9940,4892,5478,5448,5540,5265,6391,2296,6110,5053
MXAN_4565,1258,700,750,2733,2251,4294,3436,1750,1114,9857,3587,6961,11695,8396,7128,5010,4629,6040,4795,2381,6068,3158,4245,6045
MXAN_4566,182,133,197,354,352,699,545,451,156,722,590,822,1502,1605,1887,808,872,860,1567,1328,1248,740,1279,1427
MXAN_4567,1609,1765,2516,2177,2492,2001,4934,7994,1735,9661,13323,5850,9879,19060,17342,6007,6577,4052,7793,10010,5648,23912,10489,7299
MXAN_4568,71,59,225,76,102,241,68,69,17,395,411,364,977,843,583,517,514,394,451,419,168,630,742,644
MXAN_4570,71,50,156,178,210,564,224,223,165,557,430,598,1387,969,967,557,525,577,585,422,540,829,718,937
MXAN_4571,799,538,946,1810,1365,2611,2169,1457,711,3555,2254,3277,4711,4328,5014,2195,2171,2208,2746,2016,2895,3238,2717,2819
MXAN_4572,22,21,208,38,51,113,118,136,51,350,376,242,215,343,254,71,64,62,251,82,49,218,151,329
MXAN_4573,2669,2067,2334,4698,3309,3606,6385,4553,2393,9411,4765,6666,7171,8469,8229,3911,3530,3568,4148,3188,4202,4461,3694,3517
MXAN_4577,520,410,481,781,719,1266,1456,1274,665,1903,1716,1597,4581,3865,3654,2169,2285,2772,2791,2411,2104,1462,3247,4010
MXAN_4578,44,48,141,104,113,257,245,208,85,621,266,559,1830,1186,1224,812,697,700,1523,827,586,964,1099,1719
MXAN_4579,45,34,235,98,132,185,228,319,72,1955,1533,1207,2649,2677,2894,1554,1468,816,2912,2301,1020,2740,2325,2106
MXAN_4580,22,28,140,73,90,180,169,292,102,1614,661,1141,2361,1863,1654,1172,1136,860,1512,1222,787,1494,1285,1618
MXAN_4581,8,12,46,40,30,66,67,75,18,516,388,426,714,834,789,496,435,280,768,597,331,716,653,705
MXAN_4582,4,5,102,16,14,29,31,51,20,180,113,137,164,246,240,121,88,69,201,181,71,536,199,155
MXAN_4583,145,149,314,275,251,361,593,574,205,755,664,584,707,878,1026,414,546,563,380,368,501,319,392,355
MXAN_4584,175,207,349,336,388,554,995,1100,311,1354,1480,1173,1276,1668,1781,847,947,872,607,619,956,1189,536,412
MXAN_4585,404,359,502,691,652,833,1438,1246,506,1749,1472,1587,2151,2369,2292,1359,1441,1502,1121,1053,1512,517,1009,837
MXAN_4586,2906,3157,3182,5420,4548,4663,11774,12219,4370,12754,8187,8833,8476,11796,11048,4752,5678,6250,3258,3850,5305,1564,3595,2982
MXAN_4587,274,267,451,648,746,705,1995,1603,667,954,532,723,966,1042,1668,426,457,620,483,435,1101,319,256,261
MXAN_4588,37,32,208,65,52,69,86,111,35,149,173,147,260,350,425,176,222,184,181,210,147,367,216,218
MXAN_4589,230,316,417,489,464,597,1081,1388,537,1251,1020,1126,1867,1799,2140,855,971,1555,775,835,1352,505,554,695
MXAN_4594,53,55,82,128,90,180,139,127,50,372,248,286,538,550,537,311,259,252,372,291,262,234,397,524
MXAN_4595,260,187,369,568,394,749,694,500,281,1710,981,1353,2583,2210,2144,1180,1131,1059,1669,1356,1057,783,1346,1524
MXAN_4596,534,444,838,884,800,1315,1492,1387,667,3459,2693,2671,6079,6404,5357,3150,3317,2817,3838,3415,2456,3622,3368,4144
MXAN_4597,413,353,529,880,668,819,943,1073,367,2028,2204,1863,3893,4867,5030,2117,2006,1937,2982,3127,1954,3635,3572,4640
MXAN_4598,478,433,583,839,794,1136,1173,1002,448,2642,1961,2154,5951,5146,4661,2962,2909,2778,3707,2820,2183,2156,3258,4736
MXAN_4601,448,420,939,1098,871,1867,1113,1305,508,4191,2948,3521,10668,10042,10161,4535,4552,4572,7151,5811,5098,4905,5607,7502
MXAN_4602,857,873,1151,2064,1418,1136,1603,1900,660,4543,3936,3388,7915,12985,13950,3653,4032,3138,7486,9797,4802,4279,10071,12092
MXAN_4603,1387,1095,1270,3446,1815,2300,1897,1677,845,6157,3779,4291,12928,12677,12238,5427,5107,5148,9249,7527,5349,5850,8605,13368
MXAN_4604,135,120,157,379,196,388,212,196,98,702,474,558,1964,1677,1533,897,824,935,1488,971,881,980,1193,2115
MXAN_4606,142,117,228,215,229,276,259,338,122,724,561,562,1804,1845,1441,1176,1181,1229,966,580,517,1402,1923,4127
MXAN_4607,172,171,184,285,319,269,619,628,213,1124,1048,698,550,837,807,245,238,183,374,284,345,647,287,297
MXAN_4608,72,65,142,101,93,83,272,251,94,301,204,194,256,400,452,117,147,144,130,160,177,119,142,111
MXAN_4609,91,72,145,96,97,159,219,238,89,317,231,244,201,226,340,147,172,157,100,102,155,80,77,93
MXAN_4610,69,48,62,79,110,192,195,190,79,328,250,291,350,316,398,238,246,301,141,125,207,62,138,121
MXAN_4612,191,124,190,335,336,573,742,726,307,1148,748,955,1038,1224,1439,588,654,808,427,461,789,405,417,333
MXAN_4613,463,367,466,762,750,1012,1685,1579,660,1916,1498,1715,1691,2150,2233,1105,1280,1412,800,796,1269,472,747,472
MXAN_4614,46,43,120,82,92,167,163,157,89,232,159,244,323,349,402,168,192,280,113,145,233,81,98,64
MXAN_4615,102,97,100,151,197,164,383,384,147,505,469,377,311,409,479,174,215,214,125,146,221,45,136,113
MXAN_4616,125,119,230,214,206,298,514,458,154,704,416,513,608,604,606,387,381,469,262,240,318,215,219,169
MXAN_4618,82,56,162,157,164,219,278,221,89,633,350,562,652,792,714,339,425,457,328,238,438,181,273,230
MXAN_4619,422,329,357,714,634,1066,1523,1264,596,2214,1283,1704,1705,1806,1897,1047,979,1341,639,628,1114,519,533,455
MXAN_4621,1032,869,1073,1659,1694,2454,4156,3640,1605,5113,3894,4038,4592,4980,5835,2764,3098,3483,1942,1836,3092,1926,1854,1535
MXAN_4622,1422,1458,1460,1889,1904,2133,4964,5811,1908,6009,4504,3959,4013,5139,4887,2543,2904,2970,1729,1524,2608,1998,1698,1188
MXAN_4627,300,233,386,559,574,983,1166,1005,594,1659,1336,1433,2625,2792,3298,1186,1218,1244,1652,1560,1497,2829,1655,1602
MXAN_4628,539,405,560,1093,865,1325,2018,1426,709,2047,1476,2080,3788,3565,3770,1837,1911,1824,2780,1794,2062,2226,2296,2569
MXAN_4629,484,339,436,1000,671,1094,1423,992,553,1602,834,1389,1644,1586,1731,789,883,1058,962,684,1013,746,894,1031
MXAN_4630,120,77,85,149,130,270,304,245,159,442,104,279,291,233,266,146,152,184,119,79,140,169,113,146
MXAN_4631,219,147,221,410,336,374,484,405,125,613,643,486,547,701,916,338,414,366,338,369,378,323,428,318
MXAN_4632,235,157,195,374,300,566,508,590,210,942,703,792,1555,1984,2209,1121,1116,1065,1368,1300,1208,947,1086,1032
MXAN_4633,290,299,329,604,571,1086,1057,1111,501,1727,1568,1487,3340,3154,3469,1636,1660,1590,2203,1784,2019,2669,1962,2060
MXAN_4635,609,422,454,1582,1563,2986,2247,1688,778,3707,1832,3577,6664,6685,8295,3232,3054,3758,3834,3412,4369,3267,3958,5731
MXAN_4638,1835,2280,2280,3420,3254,3761,7486,7647,2555,9559,9362,7042,9815,13191,14577,4996,5826,5343,6446,8284,7338,7303,6789,6080
MXAN_4639,127,85,272,270,316,564,466,360,204,825,507,671,1785,1582,1974,839,845,770,1587,1224,1089,2121,1402,1842
MXAN_4640,2860,2070,2379,5955,5796,8899,11595,8699,5100,16387,10566,13668,21359,21573,22138,9875,9815,11131,12458,10173,13238,13531,11156,13399
MXAN_4641,416,261,364,937,804,1739,1341,943,624,1881,1003,1864,4552,2803,3155,1594,1575,1948,2867,1741,2455,815,1763,2991
MXAN_4642,313,259,335,642,604,675,1321,1399,474,1730,1496,1409,949,1211,1215,771,898,922,443,404,587,531,373,217
MXAN_4643,523,436,501,989,1014,1410,2434,2273,1036,3540,2133,2811,2262,2359,2484,1588,1656,1771,838,763,1074,839,683,462
MXAN_4644,245,219,261,548,623,961,1292,1094,500,1601,1481,1561,1775,1912,2288,1153,1270,1198,836,922,1048,1119,730,461
MXAN_4646,713,654,745,1328,1523,1694,3169,3784,1140,3691,5165,3537,4154,6667,6620,2733,3317,2595,2241,2655,3120,4015,2476,1637
MXAN_4648,5221,4409,4948,10538,8644,9493,19047,16507,7647,25897,18160,18695,30681,39672,36201,16571,15589,13209,23144,23344,17284,35644,23286,23913
MXAN_4649,931,752,859,2061,1695,2287,4121,3617,1737,5363,3827,4167,8627,9248,9192,4270,4052,3926,5674,5092,5249,4787,4352,4588
MXAN_4650,954,537,607,2365,1680,3037,4029,2448,1740,4537,2943,4246,9722,10021,8890,4772,4031,4938,7034,4985,6391,6376,4568,6847
MXAN_4651,2837,1875,2119,6554,3950,4105,8889,7132,2956,11707,7390,8946,14207,18423,16357,7694,7410,7299,11360,9119,9820,3226,7792,8653
MXAN_4652,1747,1067,1112,4391,3007,5057,7490,4494,2601,9437,3544,8356,16671,12889,11538,6725,5702,7610,9514,6898,8169,1919,6218,9218
MXAN_4653,396,445,621,667,624,1109,1162,1192,452,3034,2787,2248,9568,9934,8436,4237,4327,2909,8393,7943,3431,14414,9042,11924
MXAN_4654,67,59,78,187,196,375,216,175,96,319,179,319,718,846,840,855,912,988,623,550,530,1583,881,986
MXAN_4655,80,57,50,174,135,182,138,85,54,192,115,207,498,480,491,570,644,625,450,436,383,616,600,685
MXAN_4656,1667,1555,1664,4445,4595,2374,5905,5065,2077,7800,5403,4647,5839,8396,8289,8201,8897,6915,3959,4270,3699,15931,10517,9278
MXAN_4658,2622,2565,2448,6968,6259,3532,7368,6846,2384,8380,6584,5435,7531,10230,11422,10684,11853,9600,5950,6991,4440,16544,14608,13844
MXAN_4659,3897,3450,2951,10277,8287,5956,10071,9566,4193,13498,7328,8390,9001,10210,10027,14347,14262,14269,5736,5242,5097,12190,15270,16519
MXAN_4660,570,447,441,1641,1577,1984,1735,1795,798,2524,1785,2427,4704,4304,4338,5953,5631,6533,2739,2026,2706,5650,4794,7238
MXAN_4661,182,171,304,363,431,513,596,646,261,1225,909,918,1594,2301,2702,934,914,842,1103,1099,1171,1962,1286,1203
MXAN_4662,628,581,627,1265,1110,1313,2150,2095,994,3471,2570,2452,3236,4685,5257,1841,1804,1663,2043,1976,2170,3615,2333,2084
MXAN_4663,3,2,12,2,7,11,13,5,2,8,11,22,33,46,67,19,22,21,22,17,23,38,25,18
MXAN_4666,337,233,277,557,551,988,1017,920,387,1218,1001,1344,1762,2009,2430,1012,1041,980,993,948,1095,887,879,810
MXAN_4667,1285,1232,1274,2143,1973,2428,3811,4368,1471,5562,5117,4782,6038,6905,7847,2847,3287,2879,3888,3314,3839,2282,3780,3002
MXAN_4668,645,647,833,1074,1016,1159,1871,2195,698,3391,2673,2339,3188,3632,3785,1707,1651,1323,2236,2699,1320,3936,2909,2987
MXAN_4669,76,52,94,168,138,422,258,143,119,332,165,393,733,441,394,298,310,411,319,181,288,273,258,508
MXAN_4670,107,108,186,351,279,340,399,299,95,386,502,464,747,909,891,370,404,411,460,413,503,422,528,707
MXAN_4671,12995,9819,8021,23292,28356,29460,49467,33340,12746,11193,8463,9381,9586,8352,8111,7210,6327,6178,5653,4651,3370,4077,4745,5529
MXAN_4675,322,234,338,679,604,920,1380,1116,511,1498,1282,1235,3182,3758,4588,1389,1437,1480,3157,2810,2479,2862,2394,3114
MXAN_4678,117,65,105,272,205,335,349,192,126,487,279,462,753,562,556,313,300,351,414,290,340,177,266,294
MXAN_4679,34,27,70,77,67,138,112,99,42,173,98,166,250,208,317,157,136,136,236,189,193,76,131,125
MXAN_4681,21,14,28,33,43,87,62,70,20,148,118,157,433,429,399,231,219,192,325,311,172,322,226,282
MXAN_4682,31,33,80,63,68,151,119,82,50,197,134,230,435,367,389,198,235,193,275,278,206,362,280,305
MXAN_4683,598,470,529,944,1037,1451,2447,1946,1003,3510,2079,2893,3564,4823,5476,2060,2093,2121,1880,1808,2380,3263,2215,2184
MXAN_4684,2231,1543,1703,3962,3382,5032,7814,6622,3183,10787,7003,8115,9278,9683,9278,5271,4985,5650,4716,3755,5576,3621,3763,3475
MXAN_4687,4,7,33,23,34,39,67,58,21,28,45,29,93,117,205,54,70,74,63,86,67,220,70,88
MXAN_4689,8,9,41,21,22,44,43,39,19,41,29,31,115,83,124,25,40,36,93,52,54,50,59,71
MXAN_4690,7250,6473,6576,14980,15479,14109,27391,20392,8913,43384,27427,31262,28575,40351,39406,14958,17000,18501,13955,13970,20617,11317,14118,12666
MXAN_4691,8429,5161,4872,15173,13421,18842,27841,20404,12161,45331,19489,33013,32853,34088,31012,17756,17452,22479,12798,10180,17799,5717,10086,9557
MXAN_4692,802,749,640,2024,2274,3291,4280,3648,1339,5274,4374,4865,5238,6508,5838,2668,2599,3046,2119,2003,3183,1258,1942,1432
MXAN_4694,20,29,38,24,50,80,97,105,46,125,83,127,158,131,197,74,118,140,60,60,105,35,49,30
MXAN_4695,128,99,145,202,162,439,355,370,177,575,471,597,898,838,997,396,436,494,496,382,437,523,546,545
MXAN_4696,10,14,25,16,39,39,65,53,39,105,61,79,114,92,163,46,71,81,60,52,48,53,54,64
MXAN_4699,4770,4000,3659,6905,5370,6376,12372,11985,4931,19186,11789,12821,15008,15522,14255,7260,7614,7644,6418,5697,7656,3277,5545,4691
MXAN_4700,5220,3804,4027,9442,7177,9658,17208,14484,6807,24198,15052,17918,28263,31756,31379,14073,14456,14833,18285,17544,18324,16526,13803,15263
MXAN_4705,887,584,554,1285,1135,1746,2512,2386,1003,4040,2532,3179,2813,4039,3647,2112,2001,2317,1242,1034,2138,1425,1151,728
MXAN_4706,1046,920,962,1528,1948,1961,4576,5063,1701,5787,6746,4536,4695,7731,8080,2893,3679,3471,1981,2703,3742,1381,2320,954
MXAN_4709,109,113,86,174,192,283,483,505,276,793,515,506,539,610,636,346,347,415,236,237,372,365,201,170
MXAN_4710,319,257,275,516,577,793,1392,1272,596,2045,1426,1571,1722,2073,2165,1042,1059,1232,750,667,1229,753,689,484
MXAN_4711,174,158,175,213,276,364,657,660,247,854,899,687,972,1143,1469,647,641,631,491,445,737,503,388,374
MXAN_4712,185,132,130,215,246,347,540,436,216,977,577,662,775,960,1058,495,503,580,386,323,586,364,321,253
MXAN_4713,175,173,143,225,253,358,594,606,228,1027,701,741,982,1049,1158,576,620,726,402,362,599,231,325,302
MXAN_4714,726,683,696,1026,1162,1124,2735,3034,1130,4333,3323,2684,3227,5138,4917,1951,2195,2145,1505,1653,2428,1551,1510,876
MXAN_4715,295,258,308,534,585,696,1277,1064,577,1935,1282,1522,1846,2339,2173,1112,1162,1076,867,815,1072,1439,836,721
MXAN_4716,1823,1574,1869,3626,3325,3180,6889,5834,2640,9097,6636,7067,8695,10856,11282,4927,5297,5080,4526,4534,5527,4242,4320,3813
MXAN_4718,134,99,152,319,257,440,484,330,166,666,436,605,1063,1163,1375,562,571,628,771,616,778,755,735,788
MXAN_4719,281,183,206,390,389,582,889,835,382,1205,824,1083,1530,1656,1680,866,992,1246,785,526,1206,330,556,402
MXAN_4720,24,11,39,47,57,108,95,73,33,109,83,126,138,227,311,122,186,163,127,133,148,101,102,68
MXAN_4721,140,164,199,306,416,375,606,530,157,918,1271,695,1291,1958,2081,665,667,492,933,1073,599,2246,1209,921
MXAN_4722,667,625,753,1106,1074,1203,2128,1970,663,3820,2927,2614,3454,4240,3760,1894,1745,1479,2437,2196,1416,7102,2837,2432
MXAN_4723,476,499,498,866,1114,985,2409,2665,1027,2608,2644,1995,1856,2789,3035,1214,1362,1493,600,751,1329,1290,531,364
MXAN_4724,503,453,409,944,746,1131,1956,2125,871,2359,1678,1858,1642,1682,1770,993,1163,1452,541,543,1056,309,347,300
MXAN_4725,154,147,126,303,329,475,911,836,355,862,600,674,797,1104,1257,581,583,672,322,381,612,433,188,192
MXAN_4726,465,405,376,903,1291,2122,3058,2442,1355,3310,1730,2997,3901,3112,3308,2064,2016,2922,1021,873,2067,1247,729,664
MXAN_4729,178,131,141,282,303,438,625,457,293,938,380,772,697,808,941,508,510,625,291,238,508,485,264,250
MXAN_4730,844,796,852,1659,1583,2493,3691,3500,1590,4449,3390,4108,3796,4328,4592,2463,2731,3455,1394,1595,2301,1857,1303,1201
MXAN_4731,2783,2629,2408,5007,4838,4535,11911,9711,4945,14504,7284,9407,9805,11869,11154,5774,6476,7234,3710,3763,5529,3102,3187,1868
MXAN_4733,167,138,249,405,494,748,1382,1257,644,1909,1025,1796,604,787,924,579,554,460,393,347,389,11040,1712,1490
MXAN_4737,1247,1147,1301,2426,2028,2947,3696,3544,1483,5096,4044,4304,7909,8252,8593,4017,4295,3907,5200,4466,4764,3434,4006,4204
MXAN_4738,3495,2364,2904,7089,3673,4892,4982,3239,2279,7740,2644,5511,6802,6219,6152,2932,2618,3047,3538,2480,3308,2532,3381,4698
MXAN_4739,328,274,379,576,440,774,1067,929,502,2018,1093,1560,2489,2556,2457,1164,1039,971,1526,1211,1270,2485,1214,1191
MXAN_4740,247,205,396,553,468,1038,1080,864,469,1796,987,1519,2849,2708,3033,1205,1226,1297,1678,1367,1576,2336,1420,1526
MXAN_4741,333,325,418,483,455,639,1022,992,497,1428,1041,1047,1277,1633,1840,646,769,791,712,621,941,656,738,682
MXAN_4742,1599,1619,1249,2820,2684,4423,6443,5384,2913,7920,5080,7067,10729,10251,8699,5658,6346,9025,3808,2983,6910,1544,2848,2378
MXAN_4743,175,193,272,227,244,345,678,938,292,1001,831,704,746,1093,1531,440,522,476,405,679,600,397,589,332
MXAN_4744,59,48,82,67,92,165,217,201,91,277,153,212,309,375,473,183,234,219,186,209,238,326,180,158
MXAN_4746,621,738,826,1788,1686,2494,580,900,329,6576,2978,4610,12315,10339,10090,4107,3704,3605,5243,3871,3061,2278,4397,6296
MXAN_4747,353,417,456,813,735,1044,394,581,193,3275,1801,2085,6069,5170,5506,1965,2115,2061,3234,2928,1655,643,2581,4059
MXAN_4748,177,191,326,207,226,666,126,122,46,898,446,716,1063,913,929,622,631,663,365,284,300,807,925,1132
MXAN_4750,678,422,563,1111,728,927,1100,1006,558,1655,865,1213,1059,1434,1551,585,564,518,635,550,795,1989,795,741
MXAN_4751,265,274,328,462,351,310,897,1050,342,1214,1187,885,802,1062,1239,393,495,390,548,586,525,387,544,463
MXAN_4752,119,116,216,186,247,290,550,552,187,610,632,472,740,926,923,493,435,347,436,453,398,731,480,359
MXAN_4754,259,282,591,504,601,930,1268,1060,506,1720,1425,1485,2691,2753,3394,1363,1305,1044,1487,1327,1528,2894,1546,1407
MXAN_4755,147,98,132,261,191,259,507,370,245,815,374,615,849,813,801,416,285,311,421,352,347,824,314,364
MXAN_4756,133,124,175,239,260,330,645,581,194,688,661,590,786,1018,1266,437,456,381,534,514,546,539,531,589
MXAN_4757,167,107,166,327,303,682,662,486,202,804,559,855,1147,1177,1208,734,605,654,706,522,757,1509,592,840
MXAN_4758,337,298,587,583,563,764,1127,1105,490,1897,1544,1510,2785,3740,4120,1485,1656,1412,2259,2350,1971,2941,2320,2313
MXAN_4759,157,167,267,302,300,277,592,950,240,827,1294,667,1190,2029,2424,773,953,775,1153,1426,1036,4175,1433,1344
MXAN_4760,657,487,545,1069,1119,1199,2409,2312,1135,3291,2232,2207,2576,4063,4112,1544,1564,1662,1340,1287,2108,1317,1385,1103
MXAN_4761,720,644,618,1460,1282,1395,2719,1951,1065,3492,2146,2517,3016,4144,4014,1767,1963,2029,1461,1352,2443,1899,1323,853
MXAN_4762,295,302,290,485,602,672,1568,1905,847,1739,1393,1106,1639,1822,2322,740,780,832,663,1015,1012,1110,744,410
MXAN_4763,1543,1945,2063,2574,2713,1751,5054,5825,1852,5665,5072,3372,4255,6518,7520,2036,2322,1923,2463,3228,3283,3225,3655,2413
MXAN_4764,630,491,627,1148,1018,1556,1822,1554,730,3014,2202,2565,3252,3118,3532,1687,1886,2034,1461,1209,2195,1506,1251,1428
MXAN_4765,558,538,636,883,955,1156,1793,1828,780,2998,3689,2213,3388,5206,5972,2033,2020,1964,2077,1948,2671,5600,2132,2018
MXAN_4766,1501,1103,1209,2654,2574,4142,4274,3284,1579,8681,5934,6702,10387,10572,11010,5284,5389,6294,5441,3612,6782,4138,4347,4477
MXAN_4767,97,92,84,189,233,403,422,381,143,766,716,629,1275,2061,2564,802,976,857,879,939,1265,2233,877,726
MXAN_4768,4057,3565,3619,7228,6063,9003,13144,12552,4881,23134,17645,17397,24125,29067,28356,13822,14775,15866,13120,12294,17911,11071,12359,10514
MXAN_4769,6395,6135,6780,11183,11329,9790,19623,26532,8026,43310,45970,30336,33041,43924,41481,18648,20614,19045,15942,16296,22380,6918,15778,11643
MXAN_4770,1448,1228,1374,3032,2435,3400,4718,4638,2001,10879,6826,7919,11832,12848,12702,5465,5914,6625,5793,5757,6958,5716,6014,5974
MXAN_4771,1189,1104,1097,2089,2149,2786,4360,3968,1691,9691,7622,7046,11596,16568,17052,6135,7273,6529,6199,6579,8606,8748,7414,5758
MXAN_4772,591,540,670,966,1017,1512,1905,1598,815,2801,2183,2385,3947,4731,4970,1958,1832,1685,2271,2138,2382,4114,2338,2075
MXAN_4773,3069,3229,2900,4704,5551,6408,12907,15436,6180,20261,20660,14846,17887,27964,24081,11889,15287,17233,5973,6633,14411,3182,5969,4312
MXAN_4774,1043,965,1149,1892,2146,2325,5335,7276,1689,5600,4457,5448,4144,5484,5214,2744,3320,3724,1488,1479,2778,904,1532,1156
MXAN_4775,71,52,104,137,111,198,241,170,104,385,237,268,458,518,590,234,276,296,330,341,318,231,232,279
MXAN_4776,15,17,38,39,26,82,82,60,43,154,71,127,236,162,211,128,107,130,106,96,118,87,80,86
MXAN_4777,52,43,81,135,112,206,251,209,96,320,205,249,535,539,574,281,261,281,342,246,308,317,208,158
MXAN_4778,172,153,255,368,314,311,674,718,302,870,892,662,836,1196,1363,492,523,435,541,581,503,629,453,383
MXAN_4780,3,3,31,8,13,22,18,13,6,20,13,25,55,62,76,46,31,47,41,51,33,31,61,50
MXAN_4782,177,117,256,305,319,429,578,458,201,838,686,683,870,941,1002,507,480,452,595,497,435,790,627,490
MXAN_4783,142,68,160,238,169,656,608,498,203,1022,841,933,2427,1687,1434,1025,779,879,1129,583,882,595,822,1057
MXAN_4784,205,146,386,380,269,538,740,862,242,1315,1736,1227,1596,2253,2177,1036,915,797,1416,1217,971,1332,1264,1087
MXAN_4785,25,28,136,83,77,230,143,116,55,287,194,302,508,433,507,232,244,236,332,263,257,467,369,430
MXAN_4786,203,122,346,283,294,364,651,540,326,1032,847,697,751,1111,1138,418,450,417,460,519,453,1108,583,506
MXAN_4787,18,14,85,27,17,34,36,20,16,77,48,59,232,199,186,108,116,114,120,104,139,85,124,144
MXAN_4788,199,274,523,271,273,365,271,356,96,1117,999,728,2013,2568,1851,1020,1127,737,1227,1411,517,2355,3188,3316
MXAN_4789,56,30,99,106,67,201,80,71,28,262,124,218,591,609,615,381,420,329,375,383,239,602,606,782
MXAN_4790,17,10,53,27,25,86,25,18,8,130,47,93,269,154,134,152,144,157,124,67,83,116,163,276
MXAN_4792,118,107,155,209,187,268,345,285,139,547,462,475,728,918,858,364,407,372,340,427,355,862,608,517
MXAN_4793,5,7,100,15,6,18,15,15,9,28,11,16,27,52,61,9,24,25,18,30,14,50,34,19
MXAN_4794,26,21,77,32,29,27,43,67,24,61,67,41,59,124,166,45,60,34,50,66,55,184,90,47
MXAN_4795,2097,1756,2315,3378,2823,3351,5877,5629,2383,9918,7596,6988,8375,10182,8648,5539,5518,5090,4891,4309,4615,5488,5279,4184
MXAN_4798,4039,4006,4845,7861,6624,7051,17665,16791,6773,18948,11760,13549,16447,20616,21143,8171,8508,8532,9708,9459,9086,8140,8663,9106
MXAN_4799,701,655,1001,1382,1494,1828,3539,2871,1384,3671,2946,3064,4863,6662,7497,2458,2776,2902,2968,3400,3317,8574,3449,3486
MXAN_4800,1244,988,1393,2608,2230,3140,3592,3099,1503,7070,5281,5607,11715,14682,16827,5256,5740,5438,8652,8364,8076,6422,8247,8550
MXAN_4801,59,62,102,154,130,225,258,249,123,286,236,301,664,903,1226,371,513,404,469,572,583,1448,493,447
MXAN_4802,79,68,120,196,154,324,408,226,167,285,166,278,736,604,757,283,333,385,332,323,365,218,302,309
MXAN_4803,345,321,322,621,565,674,1305,1157,591,1340,795,949,1615,1448,1521,703,701,886,809,616,804,211,537,655
MXAN_4804,979,744,1106,2214,2037,3067,4119,3059,1478,3944,2717,3553,6735,6822,7295,3250,3427,3691,3779,2683,3951,1813,2620,2842
MXAN_4805,17,15,59,31,30,72,79,42,22,55,29,63,199,183,205,101,135,119,117,103,101,102,80,88
MXAN_4806,240,216,284,435,456,535,824,576,333,713,431,611,1392,1326,1396,721,790,765,729,628,729,764,675,1286
MXAN_4807,2027,1486,1330,4335,3275,4109,6591,3236,2421,4589,2195,3738,7565,6358,6491,3015,2767,3450,4195,2909,3651,1179,2341,3351
MXAN_4808,6936,3875,3565,15757,10926,16199,19322,9031,7117,15445,5683,14176,25906,21794,19662,10332,9591,12104,13601,10108,12702,6725,7491,10165
MXAN_4809,14896,13337,15696,29052,22061,21812,41875,33521,15688,35410,30303,22765,57567,72863,71271,24730,27318,24615,40173,40204,33535,8570,32072,33926
MXAN_4810,1140,825,699,2704,1940,2293,3657,1904,1566,2723,1273,2337,4219,5209,4859,1873,1960,2199,2772,2056,2608,5293,1972,2510
MXAN_4811,543,413,562,1153,854,1494,1865,1337,925,1621,974,1530,2621,2529,2706,1342,1335,1534,1261,1346,1437,1452,1019,1163
MXAN_4812,537,514,620,1149,923,980,2169,2562,1060,2311,1749,1735,2220,3229,3384,1114,1102,1154,1437,1391,1433,2766,1196,1090
MXAN_4813,2129,1823,2039,4109,3559,5316,6824,5695,3204,11902,5138,8341,10841,9940,10744,5073,4465,4883,5136,4076,5244,4917,4153,3927
MXAN_4814,208,177,222,497,473,784,853,518,373,1250,769,994,1533,1578,1918,810,755,815,932,868,947,499,754,692
MXAN_4815,1962,929,1547,4342,2789,6730,2339,1396,980,4335,2576,3748,12448,8213,8439,3072,2512,1942,11308,4743,5541,8254,11082,17183
MXAN_4816,296,206,274,545,368,460,467,272,153,577,425,418,762,913,1081,356,362,344,713,583,539,1987,795,815
MXAN_4818,12,14,114,38,34,55,76,78,42,210,71,141,94,78,114,47,39,58,46,37,61,83,48,59
MXAN_4821,13,10,127,26,20,32,61,60,32,160,61,115,89,86,140,46,45,53,71,65,56,77,56,55
MXAN_4824,15,23,310,40,40,36,66,122,34,496,261,356,112,113,179,66,74,78,36,62,47,97,57,57
MXAN_4826,5895,5915,6606,8508,9277,11709,14784,16726,4646,23619,21821,17847,24672,33970,30479,14806,16001,15539,11107,5461,11889,10889,16851,17047
MXAN_4827,46,61,116,108,109,99,272,368,64,531,771,331,327,596,740,161,280,157,210,409,194,391,364,188
MXAN_4829,554,401,695,1089,880,1955,1204,927,501,3240,2130,2851,5181,5089,4458,3159,2813,2312,3450,2524,1798,5916,4240,4491
MXAN_4830,287,186,213,407,302,593,404,351,168,1376,629,1028,1628,1369,1157,1035,788,657,907,564,424,2281,1070,1346
MXAN_4831,406,266,376,702,609,767,823,541,265,2129,1332,1534,1840,2345,1883,1201,1199,721,1288,994,642,2320,1962,1987
MXAN_4832,36,34,232,54,49,53,82,103,39,151,115,93,118,158,227,70,64,69,66,94,66,185,82,102
MXAN_4833,327,278,351,542,501,519,813,541,372,1400,562,955,1683,1653,2036,736,737,653,1027,882,921,1500,1017,1066
MXAN_4835,226,218,235,580,817,906,1510,1071,458,1030,899,934,1619,1610,1847,745,674,662,1130,871,1014,1517,982,1286
MXAN_4836,767,435,563,1336,859,1659,1549,1274,612,1541,1094,1537,1484,1843,2314,900,946,1202,802,742,1466,1212,965,1185
MXAN_4837,187,218,215,247,368,582,291,310,150,1171,930,1251,3370,2561,1947,3463,3212,3985,1263,838,796,1770,3128,5471
MXAN_4838,129,80,179,230,216,416,387,323,156,614,347,550,817,661,843,342,342,380,443,325,522,208,294,386
MXAN_4839,227,133,242,433,305,373,553,469,224,830,467,730,1009,1109,1228,469,410,453,660,509,578,891,576,670
MXAN_4841,1919,951,1691,4237,2438,5029,6739,3561,2903,8667,4002,8394,22935,26394,23083,14527,13119,14428,15365,9920,14288,9883,14584,16634
MXAN_4842,358,364,437,678,541,551,957,1116,402,1439,1479,1117,1149,1715,2037,557,622,609,760,820,877,655,657,596
MXAN_4844,406,588,808,849,1082,1107,859,1435,448,4659,4597,3695,2066,3972,4556,1317,1205,995,1280,1755,1493,1651,1599,1028
MXAN_4852,19,11,28,24,34,32,53,72,25,85,95,68,79,127,182,37,55,51,51,66,68,66,61,72
MXAN_4854,2631,2229,2386,4789,4550,5050,9348,8727,3439,13379,11142,9107,9622,13565,13976,5520,6079,6544,4461,5172,6473,2212,5498,4618
MXAN_4858,1165,1189,1275,1896,1622,1646,3605,4007,1252,5626,5559,4175,3873,6749,5956,2422,2694,2397,1919,2551,2484,1512,2118,1385
MXAN_4859,13580,13953,17397,23761,19937,19442,46127,65994,16769,75648,61674,52369,57495,78907,74153,26028,25939,26699,28306,33036,29669,25996,25551,20273
MXAN_4860,31344,25598,26904,51007,37644,51452,68883,63510,31329,138860,82721,106775,153411,118574,107237,64800,65016,81522,66398,44505,68071,14007,36866,39723
MXAN_4862,1353,920,1164,3036,2232,3586,4150,3235,1640,6203,4824,5135,8681,10338,10644,4413,4497,4486,6813,5969,5844,6139,6195,6778
MXAN_4864,2767,2660,2482,5550,5697,11360,8944,6552,3323,15892,15375,15325,26293,27930,30057,13290,14911,15530,16201,15584,18157,17618,14947,15749
MXAN_4866,2534,2101,2806,6026,5493,5823,12514,11562,4229,19407,16691,13318,23098,31780,29130,10119,10750,8742,16302,13765,11873,9078,17885,17352
MXAN_4867,10741,8269,10745,27253,24614,29286,43962,29421,13798,76753,44684,60836,88164,114635,108019,43429,42302,34150,68556,60360,49803,107286,77182,85107
MXAN_4869,1457,1103,1127,3500,3081,4810,4396,3222,1706,12317,5453,8965,23744,22442,22289,9330,9015,9119,16587,14076,12363,9798,12418,16418
MXAN_4870,10181,7891,8873,24011,18446,20945,28973,22972,11403,72579,35777,49161,94993,115506,110146,40522,38786,34381,77591,66080,54043,47536,58862,64626
MXAN_4871,773,773,836,1102,1477,1855,2992,3278,1452,4954,3947,3731,5447,5637,5515,2371,2719,2725,2591,2223,2974,1805,2857,2579
MXAN_4873,3618,3939,4206,5302,5972,4229,13405,15262,5652,18856,17822,11284,15869,29561,31926,8261,10318,7896,11100,15375,11667,13656,13961,9927
MXAN_4874,63,50,103,161,119,154,231,218,120,321,212,270,325,363,397,171,231,190,243,233,203,248,184,191
MXAN_4875,17,9,54,26,11,23,48,33,22,94,55,53,50,66,65,24,24,18,26,22,35,15,32,25
MXAN_4876,95,63,330,153,154,194,359,378,167,524,395,393,774,930,917,503,528,371,556,490,344,1444,1247,1189
MXAN_4877,378,367,472,737,826,711,2027,1907,692,2033,2182,1380,1640,3215,3578,874,1099,1001,1151,1411,1461,1566,1155,823
MXAN_4878,169,130,190,303,260,481,524,388,204,785,468,731,1384,1492,1522,727,739,737,1102,832,893,1344,786,937
MXAN_4879,144,74,116,310,200,245,379,279,150,780,378,515,663,1064,885,408,368,310,488,361,451,448,322,329
MXAN_4880,230,216,335,595,515,748,963,937,373,1556,1276,1272,1899,2042,2126,961,932,824,1229,993,1037,1509,1070,997
MXAN_4881,204,162,344,469,480,713,915,825,360,1341,1066,1160,1936,2098,2465,961,1029,812,1216,1179,1072,1721,1260,990
MXAN_4882,26,34,106,34,33,31,70,111,33,130,133,72,94,145,222,61,73,52,72,108,62,297,117,75
MXAN_4883,23,33,112,49,37,25,62,131,38,129,151,66,56,109,164,31,43,28,37,74,61,80,71,50
MXAN_4884,37,29,90,63,70,83,123,138,52,229,178,163,313,356,387,164,171,159,221,205,187,280,242,271
MXAN_4885,30,27,87,66,50,101,80,132,88,249,149,152,316,394,523,160,211,143,275,300,220,534,288,331
MXAN_4886,5,3,23,12,11,14,20,18,13,42,24,30,45,55,66,26,29,24,41,34,18,39,39,31
MXAN_4887,303,202,317,535,363,797,693,404,285,1176,473,1050,1611,1522,1472,785,713,842,1067,642,789,888,1017,1156
MXAN_4888,374,293,465,563,420,811,552,414,210,1936,1021,1347,2747,2626,2043,1485,1562,1481,1709,1271,871,918,1963,2259
MXAN_4890,488,330,367,864,759,1740,1485,884,773,2419,941,1898,3286,1825,1787,1318,1349,1952,1580,757,1571,146,941,1404
MXAN_4891,511,355,579,986,999,745,1966,2209,793,3194,3501,1995,2896,6252,8113,1566,2094,1671,2433,2744,2901,2971,3275,2788
MXAN_4893,2264,1381,2026,5852,3715,4571,8386,6430,3090,5043,5515,5750,14312,21278,22981,5490,5480,5302,15106,12569,11710,18670,11885,17339
MXAN_4895,6153,5189,5338,8790,10141,15611,22138,16335,5767,73407,42922,60819,56263,40731,30719,27850,24208,26432,15820,8075,19392,5307,9410,9497
MXAN_4896,6672,5252,7231,10418,5281,3756,8370,9549,2929,12138,9887,6925,4903,8723,9603,2576,2340,1946,3388,4406,3193,6152,6646,5276
MXAN_4898,86,86,185,121,148,284,224,202,89,420,459,336,503,561,726,259,334,358,352,380,274,288,447,419
MXAN_4899,724,723,773,1311,1305,1988,1757,2221,826,4435,3025,3322,5825,5945,6594,2922,3003,3015,2871,3403,3176,2327,3192,2590
MXAN_4900,3443,2387,2688,5002,5547,11254,6718,3979,2397,22352,9868,17137,26998,21378,18141,12371,11056,9348,12932,7979,7768,8294,11636,11114
MXAN_4901,4767,4527,4771,9474,7875,9375,15470,14557,6419,26206,16944,17520,25722,29791,31906,11735,11962,11399,13328,11426,12645,19106,16549,15591
MXAN_4903,263,233,393,429,487,793,1120,1111,432,1598,1246,1397,1771,1897,2250,1061,1257,1162,870,804,997,928,931,732
MXAN_4904,751,576,653,1195,983,1930,2087,2150,1057,3827,2471,2931,4834,5408,5305,3185,3264,3241,3219,2705,3058,3646,2871,2518
MXAN_4905,48,31,119,118,103,237,166,123,78,327,155,274,472,383,446,236,232,284,331,183,281,168,225,338
MXAN_4907,2394,2293,2577,4346,3981,3092,9591,10538,3656,10734,10744,7334,7489,12290,13113,4141,5670,4991,3891,4962,5869,2313,4451,2303
MXAN_4908,194,223,251,277,426,529,920,1022,422,1594,1323,1090,1120,1755,1630,700,693,830,683,490,765,998,516,445
MXAN_4909,755,759,873,1348,1628,1554,3469,3204,1217,3705,3280,3246,3240,4260,4582,1841,2229,2633,1150,1171,2061,658,1122,1183
MXAN_4910,914,792,1128,2125,2425,2832,3572,2958,870,5157,6516,5341,12374,15908,14174,6368,6627,5144,12540,10292,7555,9051,13692,17775
MXAN_4919,60,35,132,107,108,180,197,147,87,299,193,248,504,397,430,186,195,200,274,152,226,238,159,186
MXAN_4924,250,282,483,396,444,586,1549,1643,564,2259,1426,1558,1395,1463,1672,692,643,614,649,677,720,1134,547,471
MXAN_4925,100,101,159,178,175,203,379,373,167,436,336,398,440,510,553,229,275,316,190,156,330,85,188,187
MXAN_4926,26,34,160,51,42,42,101,178,40,188,225,128,108,216,247,73,77,51,71,113,62,140,72,60
MXAN_4928,4,6,83,12,5,10,22,23,10,35,13,18,40,23,45,16,11,14,19,25,16,45,19,22
MXAN_4930,11,14,94,9,26,13,27,57,17,60,59,35,66,113,148,44,52,33,47,56,44,112,59,52
MXAN_4931,33,34,200,81,90,115,161,221,57,319,332,279,789,1055,1020,598,599,508,750,636,525,1296,916,989
MXAN_4936,26,27,99,68,24,51,51,102,25,121,125,108,121,249,266,63,88,81,109,147,95,180,96,81
MXAN_4937,56,61,232,106,93,101,212,235,89,267,248,237,353,569,583,333,326,276,282,302,197,386,588,282
MXAN_4938,68,61,535,154,136,214,371,296,117,413,326,425,822,800,1011,325,308,358,461,445,481,444,347,530
MXAN_4939,2,3,60,8,2,4,9,5,0,9,8,5,17,15,27,6,13,12,12,12,10,6,7,13
MXAN_4940,15,12,61,23,75,75,196,149,177,290,63,137,216,365,434,145,108,90,106,111,170,2096,114,103
MXAN_4942,22,10,126,30,24,38,68,50,16,103,39,68,109,84,155,45,47,41,63,48,37,28,44,48
MXAN_4943,110,97,277,171,159,136,365,353,151,482,371,345,391,532,544,186,168,133,222,246,194,215,245,148
MXAN_4944,163,155,209,249,216,115,681,1233,294,531,737,307,290,733,912,197,206,243,141,258,429,313,142,106
MXAN_4945,9,8,70,16,14,52,20,37,17,54,35,37,100,108,123,38,52,54,63,51,59,40,68,99
MXAN_4946,618,593,881,1263,1200,1051,1869,2215,552,4075,5128,3268,4283,7272,7153,1960,2227,1684,3410,3620,2942,11441,4452,4360
MXAN_4947,1709,1180,1551,2938,1947,4091,2826,2591,1303,7615,5575,6724,12276,11191,9877,5368,4492,5339,7991,4998,5583,3735,6430,8797
MXAN_4948,1201,724,992,2200,1612,1875,2904,1941,945,5093,2813,3520,4235,4447,3994,1838,1667,1536,2499,1729,1833,1777,2286,2038
MXAN_4949,564,610,784,761,880,664,1748,2200,722,3058,3295,1907,2542,4270,4421,1247,1425,907,1832,2387,1397,3056,2363,2046
MXAN_4950,24,19,118,40,66,84,91,76,25,171,159,136,287,295,366,145,145,129,170,189,168,400,191,207
MXAN_4951,194,210,351,394,395,474,710,778,311,1138,1147,918,1663,1983,2396,763,860,650,1331,1486,1023,2092,1368,1370
MXAN_4952,241,158,324,470,395,457,796,569,285,1230,929,933,1565,2126,2243,827,750,625,1336,1172,1013,896,1209,1024
MXAN_4953,40,35,293,89,123,158,166,153,71,224,161,213,643,644,803,286,290,270,422,422,404,361,390,378
MXAN_4955,725,563,627,1796,1332,2787,1697,1636,748,5602,3097,4529,10675,13010,12208,4412,4251,4817,6694,4898,6585,2683,4490,4728
MXAN_4956,1860,2097,2350,5087,4944,5697,4394,4524,1806,16902,17876,11528,27867,27799,28649,8539,10074,9244,13035,12077,15145,8316,10768,10356
MXAN_4957,73,79,281,159,180,206,342,337,120,537,469,352,721,816,1073,343,417,302,565,594,455,1000,548,497
MXAN_4958,407,398,580,1010,783,1047,1511,1029,698,1974,1195,1588,2766,2307,2760,780,1202,1365,1240,1218,1654,402,1205,1349
MXAN_4959,395,313,398,639,534,979,1061,1001,674,1670,760,1341,2136,1869,1784,748,815,1152,869,818,1428,398,849,1113
MXAN_4960,50,42,134,96,87,86,116,88,43,213,252,149,241,251,337,106,119,121,159,167,126,297,202,201
MXAN_4961,307,308,473,405,320,271,778,1005,281,1181,1080,644,596,1093,1202,375,386,271,491,627,351,838,715,559
MXAN_4963,1321,1338,1689,2532,2066,3397,3994,3159,1248,8990,8362,6468,9939,11135,9320,4839,5592,5238,4835,5000,4063,12284,5234,4338
MXAN_4964,23,33,100,51,90,83,174,238,77,251,170,177,234,410,486,167,212,150,128,193,142,904,278,240
MXAN_4965,148,132,285,390,318,661,661,644,286,1049,708,1065,1605,1909,2115,962,990,1289,790,736,1028,1044,995,1129
MXAN_4966,4737,4345,5258,9611,8183,11975,18081,20483,7739,27248,17792,21505,29144,32854,30087,14617,13964,16460,13524,12037,15435,11895,14052,13105
MXAN_4967,2202,1891,1438,1794,2043,2448,9376,7055,2947,8158,5194,4865,11216,12363,11480,7113,7353,6480,7468,6598,6734,5530,5056,3578
MXAN_4968,554,498,683,943,843,1362,1927,1838,660,2533,1468,2041,2414,2226,2393,1058,1138,1241,1379,982,1317,672,1093,1203
MXAN_4969,858,666,815,1067,979,1215,2517,3175,1014,3527,1902,2507,2451,3382,3993,1306,1603,1517,1514,1490,1685,1942,1502,1195
MXAN_4971,433,481,834,671,734,685,2085,2033,655,2079,1967,1641,3747,5573,4698,2013,3312,4603,1524,3166,3781,1682,2255,1452
MXAN_4972,382,292,411,465,606,844,1316,1258,673,2100,1567,1514,1642,2148,2515,1037,1086,1055,712,756,1122,945,820,700
MXAN_4973,224,158,263,477,509,671,999,877,379,1487,1046,1129,1290,1574,1751,708,759,779,541,602,838,1529,689,538
MXAN_4974,1162,969,954,1417,1173,1707,3184,3797,2299,6467,2634,3609,4512,4948,4716,2474,2400,2805,1815,1736,2561,2335,1950,1211
MXAN_4975,478,374,604,915,912,1575,1359,1215,660,2090,2090,2409,7190,6285,5902,4599,4463,5122,4439,3516,2980,4356,5723,9445
MXAN_4976,126,104,231,252,282,622,311,305,148,892,711,855,2032,2169,2531,807,856,891,1686,1221,1432,1314,1151,1481
MXAN_4977,187,162,358,369,293,445,634,566,211,684,574,641,862,1070,1319,501,546,504,555,530,681,901,535,483
MXAN_4981,274,266,516,516,461,466,895,946,351,1340,1088,1028,1039,1476,1851,609,605,585,755,818,856,1243,861,936
MXAN_4982,193,169,457,362,315,264,675,656,226,975,888,814,623,828,985,296,309,262,321,364,403,398,386,365
MXAN_4983,42,52,268,97,103,149,232,225,110,347,239,224,382,329,384,140,130,121,240,163,130,392,178,188
MXAN_4984,558,444,722,1064,890,965,1739,1720,618,2368,1992,1735,1846,2954,3875,944,998,954,1231,2084,1615,1088,1091,931
MXAN_4986,155,135,515,303,283,350,641,508,250,867,733,638,980,1209,1521,509,507,379,703,690,686,1164,788,670
MXAN_4987,63,56,126,103,97,121,236,191,96,344,298,243,354,649,757,203,213,158,332,360,319,430,438,353
MXAN_4988,83,63,222,145,132,215,282,242,124,373,263,325,563,624,720,258,272,305,391,299,378,426,329,434
MXAN_4989,24,21,101,41,40,52,76,82,38,99,54,82,95,93,150,31,28,45,62,44,50,65,64,74
MXAN_4990,53,47,96,83,85,85,186,285,86,236,286,234,378,380,552,180,235,196,208,277,280,142,175,142
MXAN_4991,12,10,131,14,29,27,51,57,30,66,48,68,90,85,139,44,50,49,29,20,70,60,47,66
MXAN_4992,12,7,81,41,25,44,56,47,26,70,53,85,87,102,138,32,48,47,42,46,58,66,32,47
MXAN_4993,5,5,55,14,18,32,25,31,12,35,22,49,82,118,142,35,54,73,47,64,58,34,54,41
MXAN_4995,7,5,31,25,21,28,28,49,6,79,44,53,69,70,92,44,39,51,34,38,57,20,41,25
MXAN_4997,50,33,93,95,95,218,145,103,91,258,117,271,449,315,344,180,185,216,244,142,224,176,222,326
MXAN_4998,65,64,125,110,79,96,144,114,28,133,244,118,144,292,349,75,124,104,160,200,135,83,206,179
MXAN_4999,1262,752,935,1791,1455,2252,3249,2157,1499,4622,1970,3427,3964,3986,4259,2218,2222,2536,2347,1754,2741,2670,2253,2158
MXAN_5000,149,191,395,309,370,266,651,867,247,900,1051,649,1080,1618,2134,699,695,542,1098,1415,859,1676,1477,1786
MXAN_5004,309,333,288,636,663,571,1435,1371,490,1916,1078,1006,963,1157,1460,660,654,605,505,541,584,320,590,411
MXAN_5005,805,778,773,1816,1634,2304,3398,3329,1368,4906,3033,3675,3409,3216,3767,2060,2184,2319,1371,1284,1899,1371,1452,1181
MXAN_5006,210,173,184,465,316,356,518,573,225,1011,741,781,543,603,690,394,436,432,282,219,328,266,264,263
MXAN_5008,4,7,30,14,12,16,26,17,8,32,26,24,33,39,70,17,20,13,23,26,23,49,23,23
MXAN_5009,12,8,52,27,34,39,44,56,25,62,53,45,84,119,198,53,74,56,71,101,71,312,68,66
MXAN_5010,222,268,345,443,421,326,718,1046,356,862,1041,720,636,1193,1623,217,220,202,436,692,478,476,348,353
MXAN_5011,25,49,58,53,51,39,125,158,58,117,128,106,89,146,207,45,43,62,45,65,62,84,34,43
MXAN_5017,630,750,749,955,1191,1036,2757,3321,1330,3826,2887,2592,2215,2870,2927,1401,1422,1358,903,1020,1291,1223,835,825
MXAN_5019,543,635,556,922,1138,1586,2271,2621,1109,3526,2363,2821,3027,2882,3095,1585,1611,1662,1169,1139,1491,1546,1199,1074
MXAN_5020,1195,896,850,2044,2040,3468,3768,3031,1807,6251,3371,4625,6547,6319,6181,3262,3320,3916,3102,2465,3757,3097,2638,2582
MXAN_5021,2263,1993,2096,4309,4151,3937,8233,6825,2899,11177,8223,7528,8092,13277,13306,5283,5861,5072,5135,5523,6274,11330,6290,4462
MXAN_5022,22,20,24,22,41,92,41,64,20,59,70,64,207,213,222,109,139,163,113,123,169,76,134,66
MXAN_5024,124,50,266,476,238,2891,7148,4158,4714,24452,14296,28345,28331,25859,30036,14212,14305,17149,12966,9104,19829,2603,7361,3387
MXAN_5025,28,13,80,85,50,479,875,422,509,2365,1305,2644,3642,2905,3404,1623,1792,1999,1775,1314,2741,1000,1485,969
MXAN_5028,2049,2082,2004,3758,3876,3495,8137,8086,3002,11974,10026,8564,9427,12628,13060,5722,6534,6223,4027,5432,7106,1965,3521,2113
MXAN_5029,616,522,572,950,660,1238,1642,1861,668,1604,1011,1632,1620,1949,2379,1249,1484,1658,956,1024,1362,771,1293,1630
MXAN_5030,1719,1711,1509,2840,3131,4623,6980,5211,2419,4784,2615,3610,3542,3579,4472,2448,2669,2945,1491,1617,2625,2537,2479,3052
MXAN_5032,9499,6440,6127,16627,14061,19928,26777,17102,8683,19842,9665,16332,13035,12562,14172,9871,10222,12673,6291,4472,9567,4196,6466,7601
MXAN_5034,94,73,158,219,170,311,247,221,119,413,262,401,472,465,643,284,285,355,276,296,326,204,229,222
MXAN_5035,823,716,888,1600,1106,1854,2013,1776,987,2655,1720,2352,3001,3348,3799,1718,2155,2550,1506,1297,2392,1126,1770,2035
MXAN_5036,641,657,773,1237,1008,1706,2041,1745,818,3198,2329,2814,4527,4199,4895,2158,2184,2270,3624,2791,2955,2389,2926,3673
MXAN_5037,145,124,206,261,225,184,334,347,101,392,462,368,447,764,873,264,372,273,582,524,430,446,544,548
MXAN_5039,607,425,450,1341,981,2712,1436,1030,581,1699,1500,1866,12838,9552,9298,4831,5058,7328,8864,5597,8170,7887,7016,19780
MXAN_5040,11479,7743,9040,24550,15005,29124,23437,12842,9004,36696,19670,33761,157105,122240,109383,52686,51174,66892,93152,49824,76824,25169,69193,168415
MXAN_5042,2734,2139,2134,5098,4669,6916,12443,8951,6050,6664,1935,4508,3748,3312,4118,1648,1715,1957,1249,1161,1449,1460,1545,1795
MXAN_5043,3419,2491,2802,7430,6111,9992,15237,8309,6084,6072,1946,5085,5641,3610,4538,2218,2310,2959,2136,1423,2028,1215,2248,3737
MXAN_5044,131,166,206,411,409,750,864,575,377,420,141,354,509,364,550,214,245,294,283,217,292,188,335,639
MXAN_5045,243,189,433,455,462,779,873,691,412,1484,850,1247,2104,1903,2324,1028,982,1093,1187,1053,1212,1337,1060,1052
MXAN_5046,297,356,489,564,594,664,1047,894,474,1186,1146,884,1330,1401,1907,692,922,747,836,973,906,300,942,786
MXAN_5047,94,108,137,192,220,408,446,466,224,533,359,392,542,578,599,252,271,282,285,273,276,529,388,410
MXAN_5050,168,143,169,267,230,257,468,554,191,711,819,492,837,1389,1421,414,443,364,691,623,550,739,669,632
MXAN_5051,54,35,71,102,93,86,125,143,77,192,222,157,317,379,423,145,173,119,249,253,217,214,241,244
MXAN_5052,582,481,597,1016,1005,1271,2121,2367,830,3536,2249,2529,3065,3324,3445,1657,1739,1544,1588,1293,1704,1773,1395,1172
MXAN_5053,280,212,319,552,619,1123,1052,810,425,1583,946,1567,2531,2391,2615,1416,1370,1501,1550,1239,1650,1465,1149,1067
MXAN_5054,491,608,636,747,526,540,1113,1525,555,1711,1045,862,951,1475,1625,491,524,434,650,684,751,1107,862,735
MXAN_5055,967,833,1410,2089,2227,2588,4855,4420,1724,6101,6206,5135,6914,9722,11966,3639,4324,3438,4203,4760,4296,6588,5696,4448
MXAN_5056,174,160,223,308,344,405,534,480,274,1006,549,677,1039,1102,1323,440,503,424,649,639,551,1528,709,682
MXAN_5059,210,181,225,468,381,390,565,610,235,1115,997,921,1046,1205,1118,417,441,463,727,507,512,308,602,765
MXAN_5061,1236,1364,1530,2081,2076,1893,4690,6159,2047,6235,6139,4333,3088,5050,5546,1639,1722,1596,1812,1847,2231,4136,1864,1293
MXAN_5063,154,113,170,281,231,352,359,333,146,826,610,725,626,784,753,369,354,306,440,298,255,653,396,315
MXAN_5064,87,94,140,135,177,156,232,335,84,500,717,386,447,859,916,334,392,244,449,686,239,1271,697,551
MXAN_5065,184,283,409,303,332,267,682,1019,304,1568,2025,1046,806,1858,1959,551,661,449,647,1068,419,1284,1035,632
MXAN_5067,14,13,25,29,31,40,70,37,24,79,42,66,90,83,90,40,61,80,58,50,56,11,40,32
MXAN_5068,219,160,205,375,319,629,739,652,305,941,720,874,1070,1375,1489,554,639,608,585,577,754,959,610,770
MXAN_5069,90,81,112,144,157,163,425,393,151,720,466,565,322,506,495,229,223,219,148,140,209,158,128,88
MXAN_5070,935,509,574,1627,1303,1391,2351,1997,1054,5715,3520,3970,3554,4875,3904,2301,2346,2164,1888,1188,2354,939,1548,1295
MXAN_5071,237,249,283,381,338,544,1034,1074,423,1544,975,1199,1537,1586,1626,797,869,1074,605,538,789,591,669,438
MXAN_5072,619,466,551,1053,934,1366,2338,2860,898,3299,2688,2657,3268,4534,4085,2031,2138,2123,1505,1516,2027,1397,1742,1181
MXAN_5073,3,8,24,10,5,11,8,15,5,24,20,11,24,60,79,9,19,21,26,28,25,119,47,54
MXAN_5075,329,193,237,569,698,1467,1308,900,571,1790,1153,2063,4034,4127,4227,2453,2569,3243,1980,1920,2585,1203,2134,1822
MXAN_5076,3731,5206,3641,6317,7580,8123,23215,24354,8856,28148,18527,22407,16248,12832,12934,9680,10047,14533,3001,2695,6324,686,2551,1852
MXAN_5077,149,107,110,221,317,450,923,518,350,993,395,804,932,1000,943,693,768,931,305,205,530,102,224,218
MXAN_5078,9443,8048,7110,18216,25885,27580,57978,52561,23175,68386,58275,54747,50464,79527,79175,36171,43008,48646,13922,16019,42641,6017,14495,11157
MXAN_5079,1954,2182,1633,3643,5033,6626,11577,9079,4580,15082,7335,11165,9844,11702,11740,6648,7011,10383,1587,1887,6319,1173,1574,1576
MXAN_5080,4047,2758,2242,6106,5271,8135,16204,14821,7616,21153,8044,14597,10217,10317,8745,8257,7198,12735,1843,1167,6127,782,1339,1647
MXAN_5081,6,3,48,8,16,15,27,25,9,30,15,27,36,32,64,14,29,33,13,7,17,4,11,17
MXAN_5083,13,8,54,16,22,38,51,40,21,83,55,60,90,103,145,57,57,44,57,45,63,44,47,45
MXAN_5084,782,546,657,1419,1189,2113,2797,2474,1152,3477,2325,3088,5210,6438,6823,3000,2817,3225,3881,3216,3554,3657,3561,4480
MXAN_5085,161,175,217,290,388,401,865,801,351,1199,822,840,903,1120,1359,460,536,468,525,518,580,722,525,464
MXAN_5086,408,354,387,675,663,854,1485,1203,649,1997,1182,1318,1720,2003,1979,958,841,930,991,715,1011,1050,853,885
MXAN_5087,467,379,484,699,814,827,2257,2339,873,2389,2159,1821,1613,2361,2205,911,1061,1184,514,537,1094,945,534,270
MXAN_5088,5699,4839,5254,9277,8706,6531,15242,18187,5646,21383,38656,16235,15372,28523,32799,9691,11713,10432,8584,17580,13153,8575,11249,5551
MXAN_5089,295,239,219,616,515,673,1268,1194,530,1419,1032,1166,1290,1973,1626,922,996,1087,672,516,1003,618,556,476
MXAN_5090,190,162,185,417,414,661,863,745,385,1034,859,1003,1418,1304,1397,881,1015,1172,673,641,810,405,542,394
MXAN_5092,2655,2029,1696,1125,1076,1522,4011,4312,1467,6182,2958,2594,5216,5369,4853,2947,2337,1913,3104,2208,1994,3139,2720,2614
MXAN_5093,84,67,125,112,132,271,307,250,141,408,279,470,812,651,565,446,367,462,297,209,401,335,250,217
MXAN_5094,500,281,360,813,574,1049,855,452,345,827,301,667,645,575,689,310,276,475,274,250,517,179,367,382
MXAN_5095,136,118,217,300,294,410,412,245,157,405,360,382,689,670,851,234,295,297,524,519,481,869,487,621
MXAN_5096,61,61,216,160,149,221,302,227,89,459,383,340,484,496,624,245,196,196,345,324,248,383,295,318
MXAN_5097,222,136,265,416,372,602,706,626,365,1183,691,1082,1575,1153,1275,718,628,701,909,558,759,661,774,970
MXAN_5098,234,224,368,424,479,782,1166,957,391,1468,825,1136,1596,1450,1584,694,642,832,786,732,967,324,462,424
MXAN_5099,47,27,98,59,63,90,156,171,69,283,177,198,284,301,315,146,143,144,150,142,153,233,132,144
MXAN_5100,21,26,134,65,44,69,88,147,34,167,131,147,216,262,270,88,126,116,121,142,129,42,110,99
MXAN_5101,115,110,277,148,176,143,295,496,166,655,739,482,905,1256,1173,614,629,441,545,622,369,3468,1288,1380
MXAN_5102,35,39,105,50,91,102,146,131,53,248,151,196,404,326,282,244,222,350,112,98,147,73,133,129
MXAN_5103,121,87,293,254,148,195,185,302,124,395,453,267,313,520,712,642,605,452,196,190,167,1072,300,180
MXAN_5104,735,621,885,1635,965,1292,1663,1930,907,2248,1870,966,1258,1538,2316,4208,3814,3406,493,514,467,979,605,268
MXAN_5105,476,340,492,1215,596,1093,1239,691,530,1510,973,880,1012,646,799,2366,1813,1850,263,165,301,116,225,114
MXAN_5106,603,421,544,1174,632,1091,1368,957,680,2449,941,1028,1032,767,1073,3175,2377,1901,347,260,372,473,319,129
MXAN_5107,821,384,640,1480,795,1322,1599,989,532,2558,1524,1372,1553,1233,1408,4936,3337,2351,512,283,530,765,419,169
MXAN_5108,1240,572,834,2165,1376,2028,2405,1237,854,3176,1730,1862,2470,1884,1556,6997,5422,3356,676,445,667,593,567,261
MXAN_5109,2048,1653,1928,3511,2481,3338,5056,3531,1787,6796,3997,3379,4130,3367,3176,9999,9416,6488,1026,1122,1112,946,1013,586
MXAN_5110,745,325,484,1379,856,1737,1254,581,403,1834,862,1311,1796,1435,1235,4529,4660,4161,449,293,654,247,417,329
MXAN_5111,25,9,123,28,22,55,36,55,24,93,102,96,134,145,187,97,114,105,114,103,61,120,136,161
MXAN_5112,1319,856,1062,3066,2754,4353,5349,4011,2384,8383,5434,8466,9713,11062,9419,5612,5387,6605,4955,3763,6415,2434,3496,4400
MXAN_5113,358,289,425,655,485,931,716,701,330,1672,1215,1443,2757,2532,2322,1646,1727,1466,1705,1420,1093,952,2003,2725
MXAN_5114,954,615,801,1610,1607,1902,3741,3334,1699,5418,3901,3911,4325,6605,6825,2377,2287,2338,2781,2376,3029,1903,2677,2955
MXAN_5115,191,222,311,315,360,417,918,946,360,1291,1027,970,1029,984,1221,524,494,468,434,460,500,800,363,267
MXAN_5116,707,263,425,1312,1074,1197,2062,1414,863,3267,2711,2736,2832,3866,4152,1501,1586,1429,2241,1807,2034,872,1771,1716
MXAN_5117,219,231,316,388,338,460,694,810,307,1268,968,916,1378,1686,1895,768,885,721,987,1063,911,1072,852,692
MXAN_5118,491,472,674,1183,1087,1761,2185,2186,1057,3626,2878,3005,5219,5828,6364,2626,2628,2747,3720,3301,3196,4722,3129,3397
MXAN_5119,112,79,189,164,162,356,298,246,176,464,242,430,946,931,1236,450,523,604,686,629,704,584,636,935
MXAN_5120,123,236,344,166,196,134,494,1015,169,616,918,379,468,872,1146,293,336,223,404,666,348,1102,523,376
MXAN_5121,7624,6107,6592,9993,10952,8035,27750,20895,8658,31282,21679,19520,23174,27054,26605,13971,16819,9935,19417,14702,11721,11773,17922,13493
MXAN_5122,610,450,773,1266,1124,1834,2214,1415,770,3381,1784,2856,5360,4608,4894,2347,2275,2204,3654,2549,2493,2362,2732,3220
MXAN_5123,103,120,181,203,234,462,259,221,110,805,734,760,1900,1827,1646,824,1136,909,1108,1243,504,1409,1534,1615
MXAN_5124,217,192,359,350,321,603,471,307,148,1107,752,1061,2148,1876,1654,1120,1184,1051,1371,988,599,1074,1277,1587
MXAN_5129,246,153,280,241,271,457,653,502,238,682,501,535,634,574,541,332,350,493,202,177,393,78,169,108
MXAN_5130,233,163,183,272,202,227,399,312,118,346,148,214,171,202,283,90,97,97,111,84,118,244,142,138
MXAN_5131,2576,1397,1643,2320,1165,1044,2814,2078,995,2028,1145,1224,795,1213,1367,491,524,484,651,530,765,533,810,676
MXAN_5132,73,52,195,105,93,161,170,99,73,267,139,218,334,206,277,137,194,163,190,124,146,126,164,185
MXAN_5133,284,334,542,402,518,342,929,1362,283,1268,1826,948,519,1262,1470,363,527,470,419,708,546,380,767,822
MXAN_5134,149,82,228,203,217,532,436,298,190,695,360,651,919,633,620,512,520,563,405,277,331,178,338,377
MXAN_5136,49141,29593,25412,70936,56270,57387,91562,64159,28688,46332,21025,28192,23387,26832,26692,18339,15491,15144,11572,10455,11911,7788,11690,9993
MXAN_5137,383,298,500,668,592,1167,1020,747,416,2767,1403,1984,3641,3162,2612,1869,2048,1905,1614,1160,1329,2496,2131,2039
MXAN_5138,777,660,885,1254,1087,1794,2754,2862,870,2878,3123,3115,4754,4683,5077,2215,2649,2623,2336,2203,2341,1257,2468,1934
MXAN_5139,434,524,511,718,1143,1933,2924,3339,1031,2268,2779,2350,4602,5400,6175,2962,3620,3546,2124,2358,3795,2717,2768,3532
MXAN_5140,565,583,816,1360,1066,1540,1800,2020,863,3317,2644,2904,4511,5759,6265,2055,2427,2928,2800,2572,3091,2632,3037,3676
MXAN_5143,2372,1711,2370,5220,3868,4502,6427,5985,2586,13099,8810,10227,12461,16723,16384,6078,5790,5710,8795,7209,8692,6485,7641,7905
MXAN_5144,30,35,114,117,101,153,200,182,85,295,281,287,536,521,697,263,273,313,323,342,319,429,297,274
MXAN_5145,500,410,533,891,1033,1368,1990,1655,955,3355,2338,2384,4279,5754,6552,2432,2367,2205,3219,3272,2979,7270,3400,3531
MXAN_5146,22,35,96,57,53,145,56,95,27,219,155,247,469,312,291,211,246,331,133,92,164,111,163,150
MXAN_5147,202,183,376,412,388,601,819,854,360,841,842,851,1924,2391,2619,901,981,937,1360,1269,1280,1745,1203,1188
MXAN_5148,229,208,415,504,420,622,870,828,379,951,895,911,2004,2451,2661,979,1029,955,1416,1266,1362,1523,1140,1072
MXAN_5149,402,349,567,695,638,893,1344,1151,540,1772,1277,1452,2682,3360,3426,1390,1344,1221,2082,1861,1813,2182,1534,1603
MXAN_5150,16,16,22,28,29,65,70,69,47,88,78,86,227,197,252,78,92,68,167,144,141,388,124,148
MXAN_5152,469,353,346,1070,1105,3165,1300,1181,567,4608,2830,4997,9429,6123,6088,3492,3493,4668,3909,2203,5543,1369,2048,2667
MXAN_5153,284,251,381,680,511,685,1155,930,423,1283,928,1061,1417,1658,1746,683,711,857,692,652,936,483,653,607
MXAN_5155,27,28,194,55,44,61,69,120,33,164,163,131,853,864,776,1509,1341,1327,730,480,286,708,1336,1423
MXAN_5156,603,708,1120,1166,1275,879,1528,1824,528,3436,6177,2782,4987,8567,8630,2455,2963,2009,3303,4393,2437,6208,8288,8067
MXAN_5157,44,23,69,49,40,66,129,154,40,207,171,127,145,190,214,82,80,62,62,84,88,240,81,36
MXAN_5158,218,181,265,400,320,475,601,576,258,835,806,787,753,1198,1187,563,524,564,480,438,661,595,458,403
MXAN_5159,698,530,575,1222,930,1276,1494,1023,657,2716,1436,2016,3678,4045,3984,1593,1642,1560,3099,2184,2198,2165,2240,2948
MXAN_5160,783,336,481,1416,885,1533,1512,1044,632,2567,1072,2223,2685,3078,2151,1289,1073,1139,1763,912,1450,1520,1200,1693
MXAN_5161,46,29,100,92,61,136,100,102,46,235,133,153,235,292,344,120,120,123,186,157,160,300,182,185
MXAN_5163,840,893,1303,1327,1231,1306,3608,4127,1262,4466,4039,2908,3551,5038,5547,1683,1632,1148,2178,2217,1428,4657,2864,1899
MXAN_5164,574,342,482,1222,773,1594,815,550,347,2928,1473,2047,5565,4857,4141,2132,1837,1758,3449,1885,2461,764,2780,3467
MXAN_5167,171,124,264,279,286,410,641,531,294,886,447,760,1479,1480,1652,641,804,958,1020,728,969,663,659,917
MXAN_5168,645,494,898,1417,1391,1666,2459,2375,1033,3827,2936,3056,6786,8030,8556,2267,2094,2157,4229,4090,3757,6249,3229,4282
MXAN_5169,9058,7903,8776,17563,10910,12723,28758,31751,11825,31758,46029,23075,69098,76986,64930,20293,23743,18802,44153,36578,34949,15562,24206,44252
MXAN_5170,2781,2285,2374,5616,4292,4789,6984,8239,3015,10798,11546,8128,29506,31965,23792,8692,9561,9171,16467,11798,11861,4736,10001,17518
MXAN_5171,182,168,208,433,287,551,593,559,312,605,369,596,1179,1233,1064,451,456,529,726,528,516,151,328,635
MXAN_5172,958,785,817,1723,1253,1559,2326,2214,933,3129,1764,2493,4244,3161,2566,1538,1564,1574,1650,1148,1171,470,1003,1315
MXAN_5173,543,364,361,828,847,1126,1782,1396,773,2100,1023,1750,3288,2365,2029,1189,1015,1097,1135,712,796,532,721,915
MXAN_5174,297,268,353,566,628,912,1075,980,402,1413,1111,1264,2023,1822,1858,884,796,722,1022,944,831,980,673,886
MXAN_5175,1205,966,1146,2311,2186,3022,3021,2974,1318,5417,3459,4424,7308,6796,6637,3480,2937,3107,4428,3117,2869,5445,4262,6619
MXAN_5176,1195,959,1466,2335,1914,2072,3752,3409,1632,5170,4571,3546,4818,6686,7652,2211,2437,2338,3247,3237,3725,4071,3365,2744
MXAN_5177,41,15,27,40,36,49,73,44,43,119,25,81,116,68,103,43,66,80,69,42,48,16,43,40
MXAN_5178,1206,890,1072,2230,1580,2394,3257,2715,1245,5445,3599,4412,4415,4474,3623,1913,1765,2228,1702,1355,2500,886,1631,1465
MXAN_5180,43,54,147,62,59,43,183,395,94,186,300,108,103,181,270,45,69,55,42,93,79,124,90,60
MXAN_5181,794,638,1046,1727,1591,1828,3079,2560,1068,3999,3799,3228,4252,5259,6178,1949,2072,1770,3294,3205,2835,3865,3102,3184
MXAN_5182,17,21,124,34,49,117,87,81,46,140,81,166,329,302,358,148,162,161,190,214,200,320,228,216
MXAN_5183,13,11,67,18,47,94,56,51,20,96,49,87,244,178,211,113,132,112,137,125,119,86,126,145
MXAN_5185,184,109,245,295,215,263,252,204,104,264,185,244,173,249,347,113,107,102,99,110,122,262,150,115
MXAN_5186,206,145,196,275,187,265,241,223,105,291,184,211,156,305,338,101,104,97,86,116,154,716,219,203
MXAN_5188,74,65,187,100,55,62,100,114,48,187,205,130,205,383,338,175,168,99,202,208,82,1769,1081,1132
MXAN_5190,333,303,519,374,348,860,120,143,77,1732,1452,1100,5506,6984,3957,3456,3041,1954,5127,3888,936,12589,11290,15982
MXAN_5191,46,66,133,99,94,244,155,173,68,322,311,339,680,800,993,513,509,425,620,642,412,677,714,665
MXAN_5192,98,64,221,186,147,539,261,271,154,657,343,538,1546,1347,1451,791,801,695,1086,894,671,1825,1218,1365
MXAN_5193,128,115,136,237,257,814,480,300,197,712,357,783,1570,1122,1171,700,724,982,681,447,813,785,570,611
MXAN_5195,76,62,179,184,202,364,349,318,161,469,416,499,813,1061,1210,591,727,769,430,519,659,596,439,388
MXAN_5196,924,1102,1233,1534,1117,1517,2844,3892,922,4524,3672,3016,3638,4523,4673,2375,2803,2805,1998,1983,2342,2098,2131,1656
MXAN_5198,183,225,298,180,224,269,553,1064,240,1028,812,560,785,885,890,452,502,487,285,367,407,491,413,204
MXAN_5200,571,582,874,1090,1102,1029,2388,2328,1031,3437,2551,2274,3848,5200,6026,1940,1880,1656,2817,2995,2716,4320,2376,2235
MXAN_5204,36317,35722,42323,67209,53078,27813,93487,105828,28795,94404,90415,58947,40747,80767,96145,25487,28659,22362,20166,31822,28615,23807,31047,17468
MXAN_5205,19,13,35,25,50,47,77,71,27,108,112,74,129,206,294,82,105,62,83,119,106,189,130,69
MXAN_5208,87,47,126,125,109,209,304,194,96,465,295,372,443,286,301,211,136,139,176,158,129,202,127,122
MXAN_5209,141,92,114,132,81,75,268,294,103,379,313,220,175,336,344,145,131,90,137,149,107,121,86,74
MXAN_5211,82,50,235,133,85,127,234,183,78,372,278,257,359,400,403,167,175,126,243,193,177,181,164,125
MXAN_5212,122,109,203,196,237,238,507,548,179,806,722,544,641,889,1257,327,317,260,387,481,425,698,437,326
MXAN_5213,36,46,231,92,105,99,177,197,75,269,221,213,334,412,452,142,143,131,162,172,184,207,178,119
MXAN_5214,335,262,340,618,489,615,1080,956,529,1919,1020,1396,1633,1502,1383,661,611,709,793,450,889,164,670,958
MXAN_5216,19,11,122,22,21,24,42,48,18,69,48,41,75,64,87,37,41,36,38,36,26,90,44,44
MXAN_5217,11,14,192,18,13,10,45,36,14,40,33,21,43,54,73,22,25,10,13,19,29,102,32,32
MXAN_5218,56,80,226,95,102,134,247,506,116,351,426,324,331,472,525,161,155,182,159,217,221,1048,183,183
MXAN_5220,23,13,139,17,14,42,26,29,31,66,32,60,115,139,169,68,90,72,68,86,70,118,189,214
MXAN_5222,20,16,104,23,28,28,51,38,19,86,50,44,153,169,198,86,141,81,80,79,61,192,307,307
MXAN_5223,11,17,60,43,16,28,47,23,7,53,43,48,111,129,107,71,82,54,89,56,43,38,213,235
MXAN_5224,6,12,205,19,18,23,30,41,16,54,48,34,101,120,141,70,71,58,69,76,33,194,188,180
MXAN_5225,1,2,58,9,5,12,6,8,1,18,29,18,94,88,68,57,56,37,56,41,10,484,267,333
MXAN_5228,193,151,190,383,380,434,948,707,438,1132,393,834,1330,957,822,441,367,494,453,335,452,225,268,362
MXAN_5229,143,125,340,273,210,333,511,537,243,632,469,563,619,726,892,334,350,478,290,298,423,251,269,250
MXAN_5230,155,96,228,370,292,403,529,341,207,636,323,621,840,853,873,351,351,481,449,336,650,190,304,364
MXAN_5231,18,14,174,59,35,72,59,68,43,87,64,78,104,138,235,54,73,79,58,79,97,75,64,66
MXAN_5232,49,54,171,117,111,229,236,188,109,305,246,338,634,451,598,244,261,340,234,249,381,247,233,293
MXAN_5241,318,244,306,748,663,719,1487,1275,433,859,637,586,667,707,642,223,232,255,433,339,410,311,367,470
MXAN_5243,157,113,274,257,204,352,348,305,167,575,291,449,1241,952,847,460,408,494,659,405,584,256,276,554
MXAN_5244,11,5,74,22,9,20,19,14,16,12,5,17,26,17,29,14,14,22,8,12,19,7,11,28
MXAN_5245,84,62,169,147,163,198,298,359,127,486,513,435,407,687,815,262,318,321,291,359,403,225,316,200
MXAN_5247,120,94,282,139,153,247,278,349,132,596,373,513,955,828,761,778,705,911,345,270,274,385,566,1067
MXAN_5248,96,45,170,190,144,174,289,200,117,429,228,406,537,481,487,202,163,215,370,224,296,142,185,184
MXAN_5251,13,11,53,28,26,55,38,22,12,78,35,51,175,175,217,87,89,107,165,144,141,163,107,114
MXAN_5252,34,23,87,69,56,120,70,47,19,154,85,114,328,287,346,123,115,144,232,178,224,87,158,193
MXAN_5253,47,37,163,95,71,135,162,161,85,279,189,230,474,407,538,188,202,207,279,267,370,214,292,366
MXAN_5255,91,54,109,130,127,303,311,249,141,453,277,327,547,445,464,258,186,239,234,176,256,304,212,211
MXAN_5257,3,3,51,8,8,11,17,12,8,20,15,18,13,22,42,5,12,11,10,17,16,8,10,4
MXAN_5259,17,9,85,26,25,37,34,25,20,33,8,32,28,18,40,8,13,19,18,16,12,9,15,17
MXAN_5261,26,31,52,69,58,106,85,66,36,162,115,138,348,252,198,281,307,368,205,120,149,116,230,311
MXAN_5262,56,37,333,88,95,112,194,225,102,296,190,185,341,412,494,400,325,310,242,215,178,917,611,488
MXAN_5263,55,39,80,111,103,172,206,196,99,317,231,295,417,389,470,212,228,238,245,217,302,331,262,315
MXAN_5264,19,18,121,41,44,85,165,107,67,118,64,81,216,231,225,77,79,101,125,78,119,114,96,152
MXAN_5267,147,111,256,286,188,335,508,396,212,653,328,519,636,644,858,319,309,348,352,342,404,275,272,285
MXAN_5269,247,150,351,202,161,284,210,173,105,587,387,494,875,715,690,424,401,333,454,362,233,212,468,508
MXAN_5270,79,60,207,103,98,101,173,198,61,196,179,165,254,336,341,124,143,157,101,115,124,89,127,215
MXAN_5271,31,28,146,67,62,71,128,132,65,172,182,151,284,432,480,97,121,146,207,192,228,203,212,333
MXAN_5273,33,32,72,78,62,93,154,148,72,212,201,181,357,273,289,111,122,110,196,146,158,76,116,140
MXAN_5274,18,11,53,32,30,64,54,48,29,107,45,88,177,181,213,81,80,74,115,119,101,45,80,87
MXAN_5275,9,0,121,6,2,6,17,17,7,10,8,15,30,19,37,7,6,11,14,9,11,12,12,17
MXAN_5277,28,26,173,42,21,51,82,67,18,79,43,69,72,69,83,24,22,36,20,29,32,27,34,41
MXAN_5278,231,209,299,564,486,545,1305,713,393,880,535,560,1089,1047,1475,232,252,330,704,1012,587,237,478,749
MXAN_5279,52,31,148,99,60,161,165,88,81,242,114,210,428,325,405,161,154,181,292,189,237,151,181,329
MXAN_5280,45,52,123,103,85,79,155,244,84,165,212,106,159,247,323,73,134,71,84,116,102,140,122,108
MXAN_5281,62,34,294,132,100,124,236,186,74,354,243,298,341,367,434,173,170,185,226,183,208,253,157,157
MXAN_5284,167,81,253,213,206,290,455,390,248,627,423,517,620,749,769,374,343,356,460,397,388,450,384,365
MXAN_5287,1,4,69,2,5,8,19,17,2,13,17,23,21,29,54,14,12,15,19,21,14,31,20,23
MXAN_5290,222,145,287,386,336,459,685,415,198,1014,479,849,1604,1317,1215,603,622,688,861,512,661,304,545,818
MXAN_5291,280,366,504,347,393,398,1376,2001,472,1905,2342,1259,1316,2830,3290,875,867,560,889,1137,782,4407,1580,746
MXAN_5292,269,172,405,425,467,779,991,903,428,1423,1471,1289,2614,3356,4144,1330,1243,1079,2024,1896,1846,3571,1538,1375
MXAN_5293,57,62,186,81,65,54,208,252,83,238,132,148,136,157,185,81,97,80,61,63,75,34,41,54
MXAN_5296,47,33,110,54,51,71,324,158,114,217,74,191,411,363,379,187,178,167,264,219,234,203,277,371
MXAN_5299,63,35,208,126,83,147,224,188,98,294,156,272,455,383,495,153,156,168,187,153,195,204,167,173
MXAN_5300,138,88,202,451,224,570,776,395,341,1045,739,1886,2534,3107,3508,1008,1411,2458,1703,1654,3176,405,1529,2175
MXAN_5302,256,134,243,437,258,277,662,714,356,1212,850,1004,1183,2474,2843,687,819,932,1106,1213,1528,867,1150,1127
MXAN_5303,17,11,45,17,14,13,32,37,18,44,21,18,31,47,84,29,24,35,21,36,21,28,44,45
MXAN_5304,30,30,291,44,47,59,54,75,25,163,106,145,480,387,452,301,290,289,302,221,210,270,400,652
MXAN_5305,58,58,340,145,106,197,85,74,52,742,706,613,3948,3735,3602,2005,1959,1653,2963,2242,1524,2864,3085,4424
MXAN_5306,159,171,217,430,316,533,582,495,155,1093,1314,798,1801,1953,1829,794,790,702,1292,1384,984,1034,1222,1174
MXAN_5307,463,443,570,789,580,447,1429,1373,430,2249,2733,1412,2565,4389,4510,1240,1380,850,2215,3156,1486,8202,2627,1775
MXAN_5309,226,237,369,303,279,348,77,100,34,1622,1283,1332,1845,1936,1211,1236,1359,1009,1157,921,362,510,1103,995
MXAN_5310,2945,2577,3708,3672,4692,7756,1051,960,497,18770,32756,17767,43304,64536,62580,24428,28455,18998,31780,37404,16981,81616,50817,48822
MXAN_5311,32,8,55,74,41,221,84,29,30,233,54,264,594,280,335,663,487,397,614,301,237,605,1000,2054
MXAN_5313,84,68,96,160,208,320,392,292,164,729,378,630,1131,969,949,1026,896,700,1010,747,617,1705,1892,2376
MXAN_5314,104,66,244,192,165,355,332,298,124,591,514,615,947,982,1236,952,896,655,999,836,614,1110,1593,1852
MXAN_5315,997,975,1279,1808,1788,2204,3331,3207,1194,5406,4505,4314,4481,4961,4958,2159,2468,2469,2198,1457,2778,1466,2303,2025
MXAN_5317,128,96,224,181,218,479,446,491,182,752,636,630,938,883,943,613,651,639,408,378,499,626,473,325
MXAN_5318,160,146,212,301,336,605,615,532,231,852,616,711,1205,1290,1368,795,856,949,627,594,815,570,583,363
MXAN_5321,157,130,146,238,214,383,449,250,184,728,170,507,746,563,503,360,465,518,273,284,336,91,320,251
MXAN_5322,320,222,385,490,432,898,825,576,328,1371,724,1076,1686,1332,1360,923,992,1034,737,549,667,765,827,855
MXAN_5323,619,493,799,931,1027,1473,2289,1807,818,3120,2383,2510,3394,3386,3716,1888,2088,1919,1684,1288,1860,1480,1776,1465
MXAN_5324,906,681,786,1767,1381,2089,1778,1849,823,4429,3920,3916,7839,9022,10697,3618,3796,3221,6047,5281,5186,5273,6929,9658
MXAN_5325,475,497,713,914,987,1385,2052,1749,692,3627,2402,2594,2791,2887,3070,1524,1526,1354,1415,1418,1395,1479,1423,978
MXAN_5326,347,281,428,775,719,2013,863,781,407,2189,1685,2358,4779,3679,3757,2259,2231,2332,2583,1755,2280,2412,2282,3285
MXAN_5327,3867,3321,3360,6109,5806,5346,14574,13543,5703,12580,9717,8947,8614,11912,13109,4574,4660,4968,4771,4919,6484,3629,4244,2922
MXAN_5328,659,643,637,1407,1144,2306,2309,1955,840,2169,1435,2313,2936,2471,3003,1280,1382,1993,1369,1023,2186,1149,1016,1398
MXAN_5329,60,53,192,120,124,166,237,180,71,272,196,285,371,324,453,189,165,180,164,142,206,248,198,206
MXAN_5330,445,270,424,856,653,1086,1208,973,518,4360,2561,3661,1528,2050,1828,1080,924,773,1236,883,983,1404,1173,1014
MXAN_5331,380,218,392,719,588,1159,924,776,369,1974,1864,1682,2287,2196,2068,1180,1093,1252,1055,659,1309,799,873,948
MXAN_5332,308,207,378,634,652,794,1376,1008,391,1665,1477,1688,1912,2850,2888,1221,1517,1439,1016,952,1454,447,1119,865
MXAN_5333,481,520,831,1093,974,1221,2139,1801,802,2686,2173,2131,2648,3348,3529,1358,1636,1841,1181,1321,1944,1231,1394,1330
MXAN_5334,163,150,167,328,278,589,579,445,242,853,459,793,1100,854,942,571,620,928,416,307,628,220,336,439
MXAN_5335,159,114,185,317,289,462,583,466,211,732,521,663,856,1049,1315,570,650,754,626,521,838,220,439,474
MXAN_5336,1038,811,1086,1709,1606,2618,3711,2884,1439,5978,2662,4033,5146,4280,4370,2837,2841,3534,2366,1747,2940,1545,2256,2105
MXAN_5337,1072,956,1087,1733,1504,1338,2977,4167,1480,4489,3225,2758,2551,3763,4088,1321,1422,1365,1287,1279,1970,2161,1545,1307
MXAN_5338,1013,1037,1117,1565,1668,2178,3534,4872,1812,5987,6177,4584,8312,11640,11031,4721,6205,5362,4592,5886,5163,8536,6687,4826
MXAN_5339,66,80,99,89,113,210,255,371,127,450,249,353,589,734,731,442,485,560,328,430,368,575,448,306
MXAN_5340,411,352,467,886,907,2036,1578,1328,777,2646,1903,2584,5503,5552,6129,3134,3541,3688,3050,2587,3337,3904,3552,3804
MXAN_5341,12743,14202,19227,22527,19309,16841,31753,39301,10999,48478,65282,34348,40721,64641,69082,21371,23604,17265,24454,35163,23555,25152,37277,25967
MXAN_5342,2895,2329,2880,4872,4560,4581,7681,7093,2914,12719,12333,8894,10876,16956,15485,6219,7153,6075,6047,6268,6265,8773,9069,6888
MXAN_5343,21398,14564,16041,38774,42995,27609,88060,68727,32153,119837,79921,91401,63491,104448,98275,36510,42831,48158,19558,21926,42796,12690,21926,18561
MXAN_5345,14688,12740,12833,25001,21929,24236,47757,40243,17608,56931,34170,44177,50096,61884,64772,23931,25907,24986,27989,27767,29717,29842,28095,29823
MXAN_5346,97,102,176,165,186,290,527,399,234,623,326,493,832,745,855,348,385,417,315,349,427,377,359,339
MXAN_5347,41,40,92,97,66,261,172,105,63,199,101,212,388,277,356,154,162,231,169,121,242,119,182,240
MXAN_5348,1853,1291,1481,3657,3296,5478,7645,7254,3032,9074,7854,8571,14620,19162,19279,8492,9386,11794,8293,7602,14345,5640,6710,5703
MXAN_5349,1714,1289,1566,3370,2445,3561,4839,5727,2026,7525,8136,6591,9781,14614,14959,5946,6593,6449,8827,8733,8223,8937,8180,8387
MXAN_5350,2057,2375,2731,4076,4839,3675,10441,11867,3874,9936,10340,8082,6266,9911,11800,3484,4447,4055,4122,5477,5149,5180,5783,6275
MXAN_5351,1855,1380,1802,3393,2945,4713,7323,5787,3077,9216,5164,7716,7554,7829,7618,4734,5292,6544,3241,2834,4205,2742,2829,2927
MXAN_5352,126,86,156,288,228,571,399,174,212,641,248,577,1175,701,692,453,386,453,567,283,455,687,335,425
MXAN_5353,31,31,143,78,92,113,124,114,43,160,85,142,266,220,267,88,133,93,131,106,120,92,113,81
MXAN_5356,17,13,72,30,42,53,75,55,25,78,37,45,93,109,143,43,57,40,51,63,64,163,75,52
MXAN_5357,5,9,113,9,12,39,30,30,18,23,17,32,49,41,85,19,28,25,31,23,32,61,32,43
MXAN_5359,19,26,65,47,33,89,67,46,23,78,40,66,168,98,127,75,62,72,105,52,64,66,102,131
MXAN_5361,649,675,974,1436,1481,1595,3553,2968,1227,5478,4541,4017,6544,9179,9667,3303,4175,4143,3268,4835,5032,3961,3987,2996
MXAN_5362,189,165,301,277,391,487,734,882,310,1173,995,1045,1480,1596,1462,840,946,862,683,617,766,1179,756,652
MXAN_5364,2113,1669,1557,5821,4952,7964,8234,6423,4618,11186,4163,10713,22864,16591,15945,13397,11509,17282,14047,8252,15133,7319,7613,7532
MXAN_5365,1172,1131,1521,2781,2204,2629,4510,5467,2367,6811,6029,5764,11346,18653,20446,7571,9538,10834,9385,12108,15545,9770,6389,3878
MXAN_5366,69,48,143,109,73,121,203,174,77,148,90,103,133,129,182,70,76,92,109,80,103,84,122,119
MXAN_5367,182,134,229,304,232,330,554,525,215,573,570,554,1108,1214,1104,591,674,799,518,621,599,134,468,408
MXAN_5368,0,5,49,8,12,19,19,24,7,23,27,31,100,93,125,57,63,83,29,51,40,44,53,42
MXAN_5369,71,101,188,132,192,280,424,532,173,608,590,530,568,553,707,330,350,404,188,244,312,274,246,172
MXAN_5370,253,143,222,349,345,757,591,407,180,653,364,615,796,913,871,611,549,686,386,261,439,344,307,295
MXAN_5371,22106,13961,12310,21125,29064,37382,41811,29969,12171,14831,6365,11584,11508,12029,9584,14801,12470,10097,4870,3626,2819,5481,6966,6956
MXAN_5372,6738,4682,3683,6745,7576,10916,10406,7341,3197,5245,2073,3414,3421,2822,2314,4163,3229,3332,1440,1145,723,1631,1769,1714
MXAN_5373,618,528,515,782,796,1640,1746,1573,780,2925,1198,2443,2130,1422,1392,977,1003,1607,563,369,922,330,512,644
MXAN_5374,753,703,1060,1064,1305,2052,2712,2994,1217,5311,4195,4346,5222,6250,5883,3033,3163,3087,2292,2001,2331,3483,3158,2875
MXAN_5375,259,224,377,422,450,762,810,798,365,1506,1029,1331,1556,1685,1469,1031,1076,1087,752,685,758,562,929,814
MXAN_5376,1158,1023,1548,1909,1671,2511,2641,2349,1079,4707,2741,4099,6554,7146,5613,3773,4151,3735,3671,2933,2368,2346,4582,4581
MXAN_5378,141,124,251,286,247,505,408,303,160,910,445,814,1358,1320,1143,705,843,798,666,585,548,557,798,745
MXAN_5379,25,27,53,36,39,131,72,45,34,125,59,160,231,198,222,150,135,148,89,91,105,156,128,132
MXAN_5380,1202,1249,1793,2291,2255,3803,3333,3021,1297,6651,4370,6016,8335,8773,9487,4210,4419,5005,4013,3797,4137,2489,4642,4566
MXAN_5385,55,48,60,115,100,151,168,152,69,218,128,228,219,211,231,105,139,159,89,59,131,81,75,53
MXAN_5389,694,581,680,1498,1350,1420,2657,2279,852,3167,2170,2400,3731,4863,5318,1661,1724,1411,2994,2531,2211,1857,2383,2611
MXAN_5390,312,305,246,402,419,549,1630,1771,753,1872,2006,1430,2374,1802,1812,853,1071,1113,1122,890,1557,552,499,518
MXAN_5394,422,634,959,883,966,796,1698,2813,702,1420,1563,1143,723,1543,2134,867,913,514,695,1020,491,5604,3548,2832
MXAN_5397,18,14,40,28,28,35,37,20,14,71,51,54,76,79,95,36,35,43,42,34,42,29,38,35
MXAN_5400,29,47,116,68,88,61,230,217,102,388,251,259,177,172,194,53,61,60,57,80,79,13,44,41
MXAN_5404,432,500,602,855,672,948,1585,1767,604,2694,1907,1503,4025,4500,4610,1466,1255,1046,1994,2001,1349,2026,2265,2288
MXAN_5406,3361,3642,4056,3558,4092,2310,10219,14811,3489,13211,12956,7274,6077,13251,15024,3424,3737,2891,3592,4471,4393,4587,4889,3116
MXAN_5407,437,393,507,954,709,954,1322,891,677,1072,331,800,539,648,710,385,394,441,333,286,276,399,763,1010
MXAN_5408,769,662,1045,1574,1841,2040,3775,3466,1712,6700,3626,4730,5334,5589,5391,2205,2107,2383,2073,2104,2644,3101,1582,1766
MXAN_5412,174,131,272,351,279,276,745,620,243,811,567,654,723,986,1113,327,369,326,485,439,529,465,306,303
MXAN_5413,9,16,75,22,19,25,52,33,16,40,21,36,94,107,129,47,35,39,56,36,64,28,64,50
MXAN_5414,167,159,509,290,232,179,600,701,252,782,676,515,599,969,1102,278,269,258,393,515,357,403,368,389
MXAN_5416,113,85,150,196,145,318,350,217,168,524,245,464,1344,819,643,489,375,379,1106,587,531,187,422,615
MXAN_5418,447,448,640,828,726,650,1392,1734,476,1907,3057,1431,1617,2595,3197,819,826,673,1416,1273,1253,1110,1187,1008
MXAN_5419,135,102,256,207,179,289,390,362,132,533,364,415,496,547,714,206,255,301,214,218,295,456,187,202
MXAN_5420,51,39,115,73,56,92,111,94,55,116,85,115,182,170,231,82,105,144,103,145,99,105,106,126
MXAN_5421,28,16,36,35,23,22,25,23,10,55,19,36,55,51,47,24,21,44,25,10,38,12,24,30
MXAN_5423,39,27,77,38,44,31,128,128,67,149,100,80,104,133,186,54,57,41,57,59,63,74,82,55
MXAN_5426,30,18,145,44,43,30,97,127,33,135,130,111,120,197,324,63,86,64,72,113,94,98,80,76
MXAN_5432,45,55,78,69,82,46,112,130,48,108,126,75,133,179,205,70,71,85,89,92,84,82,70,61
MXAN_5433,3,4,48,14,14,30,37,31,7,24,13,15,32,20,65,21,24,18,13,12,8,31,18,31
MXAN_5435,416,408,645,781,645,540,1400,1739,612,997,841,785,651,1221,1613,543,554,430,421,555,406,2241,1535,1411
MXAN_5446,233,217,371,486,561,600,874,870,379,1458,1091,1280,1854,2104,2170,709,811,764,873,839,982,578,791,894
MXAN_5449,61,35,99,93,77,165,133,106,51,438,327,404,729,729,625,261,248,253,358,241,291,66,136,125
MXAN_5450,368,400,534,812,704,1604,452,697,267,3564,2969,3115,13142,15163,16127,3718,3451,3961,7305,6830,6597,4708,4120,4335
MXAN_5454,1410,984,1134,2953,1850,4157,3536,1644,1138,4573,1423,3236,9129,5844,6431,2269,2431,3788,3754,2736,3601,1691,2185,4721
MXAN_5456,445,391,1109,748,678,458,2559,2194,836,1141,808,619,609,937,1085,343,367,360,374,438,436,486,356,336
MXAN_5460,61,37,235,70,72,113,113,136,51,341,196,240,477,513,505,231,216,226,271,199,326,146,190,153
MXAN_5461,78,68,186,92,152,238,214,160,76,145,132,119,128,124,130,84,106,161,73,52,66,95,57,83
MXAN_5462,503,368,311,575,751,471,1022,822,285,513,261,385,284,288,277,247,202,234,120,66,116,48,101,80
MXAN_5463,46,49,83,49,85,142,98,111,40,54,28,38,56,46,44,51,47,60,30,16,20,16,15,31
MXAN_5465,26,16,91,89,70,139,62,57,27,126,122,133,238,323,336,102,128,114,215,179,171,334,202,287
MXAN_5466,156,114,273,309,367,780,204,192,118,292,148,294,981,644,657,420,390,519,425,230,431,185,459,760
MXAN_5467,107,91,190,266,219,296,342,180,147,577,286,466,722,568,610,283,260,336,283,217,419,402,219,347
MXAN_5469,153,158,350,274,221,569,267,214,133,747,474,682,1559,1439,1018,1012,1005,892,832,569,400,642,1471,2028
MXAN_5470,26,28,347,40,40,28,65,98,38,116,125,82,165,214,286,61,80,67,106,114,79,200,117,120
MXAN_5472,3,2,12,1,5,14,8,6,8,9,9,10,13,18,20,24,18,13,14,17,9,13,18,14
MXAN_5473,24,26,122,54,41,38,58,107,26,113,151,82,85,146,160,29,43,31,52,59,73,219,66,71
MXAN_5476,240,255,600,517,646,1357,1180,912,540,1318,817,1167,1624,1356,1670,659,658,751,572,430,764,612,441,486
MXAN_5479,8,9,101,23,22,22,42,32,14,78,71,55,60,82,96,29,23,22,34,44,30,35,35,28
MXAN_5480,12,9,131,26,21,38,39,24,18,77,59,92,118,138,145,55,60,51,73,81,56,53,67,88
MXAN_5481,493,535,882,813,732,726,1331,1512,547,2486,2312,1785,3180,5262,4946,2141,2359,1546,2578,3202,1635,9937,4225,3286
MXAN_5482,190,156,408,286,320,408,557,514,236,792,663,639,1046,1397,1659,529,671,621,686,640,858,426,769,744
MXAN_5483,354,310,643,550,504,1283,397,333,138,2824,3000,2594,6948,6467,5068,3593,3929,2942,5708,4642,2059,5176,4296,4336
MXAN_5485,3190,2357,2437,5938,3414,3139,4914,3400,1609,10032,6980,6334,30137,29045,24586,8951,9309,9330,18665,15669,12356,12024,20836,31077
MXAN_5486,15,12,105,35,34,103,50,45,22,96,64,114,197,148,177,81,101,119,80,94,122,49,91,74
MXAN_5487,762,582,690,2226,1933,3605,2517,1589,1058,2743,1499,2711,4975,3565,4171,2101,2080,2633,2758,1855,2954,1690,1688,2125
MXAN_5488,1068,759,969,2836,2350,5092,3485,2274,1676,3904,1673,3686,7031,4576,4526,3087,2946,4230,3448,1873,3597,1383,1815,2886
MXAN_5489,43,35,160,90,72,122,130,117,30,221,217,228,464,511,540,231,259,221,366,330,246,826,495,684
MXAN_5491,47,37,204,207,144,278,228,192,86,781,827,621,3101,2654,2991,1004,954,847,2738,1881,1867,1618,1907,2179
MXAN_5492,8,5,127,9,4,16,6,17,10,33,20,26,49,50,83,40,39,22,35,30,26,90,28,36
MXAN_5493,291,262,1022,509,465,643,937,1031,386,1726,1468,1273,2455,2778,3300,1148,1214,1045,1658,1460,1448,1770,1649,1579
MXAN_5495,167,195,437,299,339,532,819,809,380,737,519,620,895,1015,1158,524,613,645,449,477,614,742,557,505
MXAN_5496,112,127,193,214,195,246,406,403,141,461,367,412,348,451,431,217,236,304,167,112,297,103,159,137
MXAN_5497,39,21,124,57,51,86,65,65,22,70,32,45,80,133,143,73,84,63,72,91,68,608,193,161
MXAN_5498,51,36,197,204,185,243,492,298,163,184,92,200,316,310,415,137,135,102,263,216,177,298,216,296
MXAN_5499,40,34,134,117,130,299,212,177,103,340,201,303,744,577,707,303,363,349,611,481,468,215,462,572
MXAN_5500,109,68,214,230,204,417,399,361,184,658,408,572,830,845,806,488,422,508,534,324,562,706,385,422
MXAN_5501,21,19,117,41,74,166,128,126,61,200,160,198,411,393,524,236,247,238,254,259,263,463,271,351
MXAN_5502,485,370,496,716,771,956,1460,1407,587,2588,1739,2033,2031,2688,2677,1303,1486,1480,1023,891,1293,1388,1174,956
MXAN_5503,389,420,755,518,620,619,1356,1530,504,2328,2350,1527,2129,2881,2962,1218,1504,1356,1005,1349,1370,1378,1254,633
MXAN_5504,7,3,56,12,12,19,16,19,12,29,14,22,44,41,39,20,38,35,15,30,20,13,18,28
MXAN_5505,149,185,277,381,416,638,546,761,298,1232,1259,1089,2432,3678,4763,1234,1611,1585,1427,2463,1944,8683,1935,1534
MXAN_5506,67,57,143,136,171,253,254,392,153,550,454,441,868,1218,1241,479,619,679,489,724,674,520,503,428
MXAN_5507,77,73,421,129,189,325,283,438,160,609,601,586,814,872,1066,394,460,558,379,480,530,466,361,376
MXAN_5508,72,59,113,163,135,142,212,124,80,325,188,247,242,240,263,119,149,210,118,79,155,20,82,75
MXAN_5509,131,138,688,221,252,297,607,674,281,717,637,583,505,546,777,330,353,339,199,268,293,463,229,260
MXAN_5510,809,708,861,1500,1434,2067,2686,2358,1116,3194,2404,2769,4525,5513,6513,2279,2721,3163,2820,3023,3543,1663,2766,2896
MXAN_5511,36,22,77,84,61,97,164,116,62,284,143,233,237,229,234,120,136,161,178,115,139,68,135,113
MXAN_5512,449,730,586,765,1288,1105,3487,3546,1126,3687,3273,2533,1899,1878,2119,1029,1271,1322,532,709,1017,203,493,381
MXAN_5516,150,120,251,213,250,405,574,553,277,781,573,644,789,909,1086,447,467,522,450,384,598,398,416,301
MXAN_5517,35,20,96,62,67,106,124,121,56,200,104,169,343,269,351,114,165,162,203,211,176,141,182,162
MXAN_5518,304,257,262,192,261,377,290,308,250,347,237,315,604,755,728,247,309,518,314,244,523,376,389,560
MXAN_5519,35,36,115,52,65,104,171,161,75,196,121,157,302,266,300,145,158,210,127,132,176,62,102,82
MXAN_5520,127,89,130,370,274,444,373,172,134,482,347,474,1096,705,748,312,292,302,723,389,542,174,411,433
MXAN_5521,61,65,115,114,67,87,137,143,61,304,235,192,250,685,764,144,158,124,377,478,252,3314,425,329
MXAN_5522,154,100,216,372,284,434,391,274,139,536,382,383,1737,1030,1035,635,596,634,1096,506,746,440,910,1459
MXAN_5523,5,5,82,16,22,43,32,32,16,46,29,40,109,69,116,49,43,35,84,46,50,82,52,115
MXAN_5524,137,66,135,208,154,501,232,217,131,894,508,727,1800,1470,1026,828,625,696,1115,564,730,747,959,1438
MXAN_5526,75,63,94,160,166,210,362,232,148,534,288,417,617,611,701,257,244,262,399,318,372,347,306,358
MXAN_5527,33,23,38,66,47,126,92,56,36,160,73,143,310,230,255,100,102,99,132,101,136,63,107,130
MXAN_5528,295,213,311,507,497,717,969,908,432,1201,843,1034,1314,1618,1871,605,646,676,673,654,945,1795,818,889
MXAN_5529,51,35,92,105,64,124,110,89,37,252,199,215,353,328,305,214,216,176,199,157,110,346,369,356
MXAN_5530,260,301,264,421,558,657,1168,919,543,2118,699,1332,1302,1021,1013,492,494,1037,498,269,575,370,305,369
MXAN_5531,3,6,20,2,5,6,3,1,4,3,4,1,6,10,28,15,17,13,9,10,10,32,12,11
MXAN_5532,37,14,66,27,16,33,135,50,48,22,43,35,36,34,60,18,15,14,23,21,17,42,25,40
MXAN_5535,1125,1619,2359,2320,1964,1351,4061,6535,1847,3315,6017,2857,2598,5980,7090,833,975,893,1874,3785,2335,1673,1484,1271
MXAN_5538,16,14,58,21,19,26,39,40,14,52,37,49,36,72,93,24,28,24,35,36,17,39,30,25
MXAN_5541,18,8,85,21,10,27,61,65,22,45,26,35,70,117,178,35,50,58,66,68,63,53,66,64
MXAN_5543,45,24,191,40,27,43,153,76,62,31,53,47,33,40,130,20,30,24,17,32,26,53,41,51
MXAN_5547,175,209,169,43,37,53,403,368,194,143,124,89,255,455,885,186,319,455,114,135,190,129,168,238
MXAN_5549,241,195,266,203,102,168,398,332,117,281,283,196,394,382,448,194,190,192,212,143,130,192,251,258
MXAN_5551,354,352,444,582,677,929,1468,1256,541,1929,1440,1575,1814,2233,2710,996,1047,1098,889,940,1193,1268,1030,835
MXAN_5552,42,31,117,86,91,199,194,90,77,221,155,280,518,503,706,235,318,348,299,244,373,232,244,489
MXAN_5553,16,10,88,22,16,28,48,29,16,67,32,56,73,91,85,35,49,49,37,39,36,79,32,40
MXAN_5556,10,5,88,18,18,13,26,25,16,46,29,32,70,80,106,38,29,45,40,39,29,41,40,33
MXAN_5557,33,17,291,59,38,54,84,69,35,103,55,67,111,117,251,72,74,65,56,80,84,230,140,104
MXAN_5560,52,41,110,52,75,129,224,199,89,58,125,133,111,58,87,32,29,32,27,13,30,29,25,29
MXAN_5561,46,37,38,38,45,107,80,124,55,227,67,105,201,164,214,115,113,140,76,88,91,57,116,65
MXAN_5562,145,113,168,200,175,378,388,404,226,719,404,502,1046,910,1106,543,601,687,516,567,663,378,524,469
MXAN_5564,54,45,148,101,95,164,212,252,95,313,239,257,351,377,474,164,200,235,157,120,219,268,171,184
MXAN_5565,230,168,247,415,414,890,804,674,423,1252,848,1141,2552,2401,2765,1163,1117,1320,1736,1224,1468,1537,1447,1836
MXAN_5566,71,65,124,169,123,323,166,135,69,212,151,255,284,292,407,146,159,207,192,172,229,395,198,248
MXAN_5567,211,211,259,298,264,371,723,837,469,1190,857,673,1193,1453,1583,640,642,657,847,747,756,1068,685,755
MXAN_5569,45,42,66,63,64,85,107,133,43,144,107,127,133,163,237,81,120,123,63,99,134,41,55,43
MXAN_5570,342,321,439,520,504,420,1548,1497,497,1586,1373,1058,1112,1790,1877,485,621,509,643,605,868,1421,492,426
MXAN_5571,586,531,758,1305,986,1488,2009,1962,734,2632,3150,2370,3955,4663,5126,2113,2199,1947,2768,2645,2434,2131,2366,2385
MXAN_5572,662,555,797,1528,1042,1326,1937,1661,805,2839,1651,1905,4046,4968,5124,1912,2048,1975,2756,2754,2313,1162,2522,2794
MXAN_5573,2823,2742,3484,5510,4458,4608,8734,8863,3729,15353,12356,9622,15608,25187,27387,7936,8152,7176,12017,14310,11347,20554,13181,12444
MXAN_5574,127,106,185,356,265,476,423,314,147,551,364,543,854,873,1016,391,461,557,505,333,660,295,359,476
MXAN_5575,504,464,570,1016,940,1409,1943,1588,1049,2624,1534,2123,3217,3250,3485,1295,1305,1737,1425,1262,2080,1269,1196,1337
MXAN_5576,156,122,251,260,254,307,384,341,164,441,356,363,448,590,758,199,257,234,325,277,349,325,425,424
MXAN_5577,634,402,510,1190,1208,2033,2168,1706,782,3277,2739,3192,3705,3111,3222,1892,1986,2022,1778,1218,1933,594,1266,1236
MXAN_5578,110,127,130,131,205,356,416,510,331,824,416,634,836,717,850,497,485,626,336,348,500,476,347,306
MXAN_5581,604,505,679,807,761,1062,2491,1875,915,3398,1959,2499,3576,3527,3328,2306,2249,2953,1871,1735,2317,773,1264,1207
MXAN_5582,4994,4083,5162,12033,11424,11170,17444,16267,5660,21320,26805,17411,25247,35769,40528,10430,11228,10104,18335,21252,17350,21555,19680,20565
MXAN_5583,102,90,193,203,147,298,333,315,138,467,267,494,495,575,653,335,357,447,184,184,357,182,153,157
MXAN_5584,134,150,222,279,356,520,842,798,333,902,909,839,947,1104,1305,619,723,721,349,443,655,512,319,213
MXAN_5587,93,32,146,82,55,52,69,64,22,80,38,81,110,134,255,67,116,245,64,94,227,222,103,173
MXAN_5588,132,41,141,91,51,38,81,79,35,71,60,74,60,78,161,22,47,97,36,53,107,76,54,95
MXAN_5589,50,63,115,77,75,65,131,209,51,200,193,137,148,298,393,121,117,93,89,186,118,196,144,77
MXAN_5590,308,280,504,551,636,710,1211,1055,454,1851,1430,1300,1807,2112,2289,1047,1113,910,1026,805,1013,2062,1190,1273
MXAN_5591,1175,1240,1457,3051,3089,4442,6146,7481,2404,8245,8532,7864,16310,21200,25096,9726,11106,9846,13920,15848,11680,16414,14552,14746
MXAN_5593,126,168,282,320,430,873,757,628,288,1114,808,1190,1822,1533,1912,1074,1161,1349,616,577,981,800,626,517
MXAN_5594,394,594,752,730,1191,609,2810,3895,910,2626,4939,1430,2869,4128,5351,1499,1697,1110,1190,2844,1580,1776,1821,1009
MXAN_5595,1165,990,1119,2146,2162,2945,4392,4050,1748,6691,4455,4972,8576,10283,9248,4738,5224,6063,3328,3237,5557,2184,3325,2319
MXAN_5596,10,9,45,27,32,95,75,55,20,120,67,85,301,312,336,136,190,193,240,239,192,72,242,261
MXAN_5597,3129,3078,3389,5751,4882,5952,9741,9414,3930,13449,10985,9508,17656,22700,25721,8156,9665,8403,13715,14178,12262,19429,12603,12396
MXAN_5599,5547,4834,5555,9486,9403,13992,20896,23518,7095,26308,20230,24748,30545,37617,35748,14990,15855,16519,16581,14474,17597,13290,17858,17940
MXAN_5600,1157,1021,1249,1939,1818,2919,4466,5111,2231,6182,5281,5003,6221,8016,7517,3388,3468,3212,3423,3127,3504,7096,4210,3633
MXAN_5601,697,539,725,1054,1071,1611,2199,2041,911,3223,2847,2575,4445,6166,5824,2736,2786,2507,2609,2675,2492,3864,3147,2789
MXAN_5602,347,253,315,510,532,795,1102,983,627,1670,1368,1284,1776,2202,2102,1128,1196,1100,869,827,1087,1092,1056,857
MXAN_5603,832,775,801,1435,1290,2183,2822,2598,1099,3958,3188,3383,4783,4652,4961,2629,2916,2828,2413,2092,2673,2221,2284,1863
MXAN_5605,1474,1343,1485,2462,2318,2389,5361,4825,2570,6852,5515,4675,5162,7346,7598,3220,3345,3035,2832,2894,3289,2674,3141,2143
MXAN_5606,854,989,1136,1222,1243,1580,3329,4769,1459,4319,4238,3313,3983,4351,5089,2148,2280,2151,1732,2032,1960,2594,1904,1312
MXAN_5607,768,598,700,1210,1018,1549,2216,2063,855,2374,2257,2371,2525,2912,3061,1585,1828,2027,1247,1318,1694,843,1226,946
MXAN_5608,1959,2420,2112,3489,4684,5671,10245,8666,3174,10237,7434,8751,11861,13980,14719,6054,7325,8248,5147,5022,7730,5746,5787,5747
MXAN_5609,13406,11380,10395,22547,20583,29301,42428,29801,17944,52554,24472,45529,42833,46535,40779,23961,24450,32002,18392,12506,24559,10897,15373,17093
MXAN_5610,9033,12335,12786,12902,16013,14077,39398,51431,15118,47471,38162,32937,34492,63004,65406,21068,25784,22250,17097,19318,22782,35499,26679,21773
MXAN_5611,30,26,41,49,97,224,144,134,72,233,197,256,510,782,944,369,431,451,317,363,451,792,414,446
MXAN_5612,336,261,374,625,694,1280,1469,1138,551,1863,1305,2117,3267,3132,3303,1986,2269,2549,1641,1353,2063,1462,1648,1508
MXAN_5613,1391,1385,1395,1614,1802,1794,4950,5462,2504,5346,4149,3376,5290,9048,8603,3615,3778,3506,3476,3648,4501,4596,4221,3361
MXAN_5614,7337,8516,9241,10085,10203,10341,28281,44291,14503,41567,31802,26905,25627,42745,38659,14839,15824,14921,13013,15612,16688,55314,18923,12883
MXAN_5615,126,83,227,220,250,396,694,520,336,1021,766,933,2078,1954,2200,822,834,796,1636,1217,1316,1130,1156,1430
MXAN_5616,296,216,452,465,421,618,1080,847,439,1261,732,924,1352,1494,1583,734,658,591,1085,914,804,1931,984,1067
MXAN_5617,20,11,36,24,46,83,107,93,35,138,73,112,241,266,274,157,183,150,207,222,189,383,160,206
MXAN_5618,1218,1089,1480,1916,1464,2413,5124,6264,2518,7259,3778,5105,5148,4102,3667,2687,2060,2318,2938,2513,2259,1520,2035,2099
MXAN_5620,392,191,460,763,539,944,1141,679,361,1360,967,1258,3312,3765,3516,2039,1976,1971,2983,1854,1696,3302,2569,3497
MXAN_5621,304,164,240,396,658,747,1374,1446,336,1707,2065,1582,2217,3078,3184,1187,1008,698,1120,971,1158,4474,1450,882
MXAN_5622,1127,747,922,2341,1729,3242,3043,2329,1171,4576,3333,4148,7469,8133,8222,4198,4281,4603,4748,3530,5523,5436,4180,4493
MXAN_5623,285,185,193,569,382,634,786,539,282,930,956,699,1236,1750,2183,715,744,618,1058,925,1058,877,1070,809
MXAN_5624,162,169,209,236,206,428,543,598,231,907,651,612,763,741,813,443,398,444,384,318,455,476,382,303
MXAN_5625,226,142,306,341,314,627,652,594,277,1005,696,984,1246,1242,1409,854,870,880,786,627,851,577,544,464
MXAN_5626,1805,2052,3309,2692,2702,5409,2412,2104,1432,12012,10758,10335,20701,22061,20495,10486,11447,10197,11864,12851,7491,12785,16524,15948
MXAN_5627,303,231,508,438,429,1489,126,61,53,2155,1456,2339,4186,3048,2406,1821,1874,1756,2235,1579,919,702,2244,2230
MXAN_5628,1114,1000,1594,1842,1268,2312,1493,1748,657,5174,5059,4182,8445,9267,7670,4235,4109,3233,6284,5225,2642,11468,9176,10024
MXAN_5629,24,23,159,39,37,149,50,62,14,141,107,121,364,309,263,311,327,239,192,154,85,462,494,552
MXAN_5630,50,47,226,53,59,161,52,52,12,248,174,194,516,592,368,501,472,287,336,247,84,750,859,964
MXAN_5631,85,70,160,135,100,230,161,137,67,416,373,375,621,768,632,436,537,386,408,405,211,576,664,773
MXAN_5632,18,6,43,41,29,98,37,8,5,73,44,94,168,108,110,51,75,91,101,84,39,20,108,131
MXAN_5633,44,32,72,81,70,147,106,95,44,178,171,222,314,268,332,189,225,208,185,151,154,88,173,194
MXAN_5636,2296,1813,2255,6018,4619,5166,8507,6293,3053,8296,5616,8171,6229,7536,7109,3398,3937,4744,2467,2348,3281,1457,2281,2359
MXAN_5637,1046,975,1242,2200,2483,2859,5103,4330,1693,6096,3959,4659,5359,7049,6971,2969,3112,3306,2511,2111,3579,2438,2873,2401
MXAN_5638,160,114,152,296,357,613,518,423,231,1074,876,942,2347,2771,2213,1467,1487,1216,1607,1311,853,3266,2294,3092
MXAN_5639,277,320,466,494,418,604,635,756,291,1463,1702,1141,2134,2319,1949,1193,1517,1208,1317,1321,878,3181,1752,1863
MXAN_5640,3516,3482,4419,9207,9224,12817,14917,13009,5470,20901,21737,20749,29235,32285,31835,11985,14394,15146,14071,16050,14249,17127,19198,22677
MXAN_5641,120,97,197,270,192,497,368,251,140,579,320,567,1143,1097,1190,584,591,747,820,716,745,563,571,646
MXAN_5642,1705,1507,1909,2854,1939,1926,3943,4224,1580,5328,5718,3506,5231,9592,10876,2854,3200,2889,5122,6962,4694,2397,4927,4776
MXAN_5643,84,69,450,89,106,108,246,342,107,377,324,284,259,378,497,168,152,125,135,156,146,217,173,167
MXAN_5644,21,34,177,44,40,47,124,211,48,152,137,98,105,164,236,54,67,53,47,84,73,205,74,62
MXAN_5645,6,8,105,18,10,22,39,35,15,46,28,50,40,45,73,24,22,14,23,28,10,45,11,28
MXAN_5651,15,20,176,13,33,24,58,76,22,78,78,49,68,91,133,27,30,38,20,47,29,170,50,43
MXAN_5654,10,18,90,32,23,14,70,99,24,98,116,53,94,151,205,55,43,58,64,82,66,379,100,87
MXAN_5655,418,448,604,658,693,780,2477,2562,803,2323,2405,1723,1982,2178,2308,779,821,895,961,930,886,746,1425,1250
MXAN_5656,366,275,435,496,358,563,877,1131,355,1413,1413,1099,2861,3848,2879,1679,2139,2422,1621,1800,2233,2939,1846,1071
MXAN_5658,401,378,453,641,872,837,780,1335,439,2408,3991,2335,3728,9256,9760,3507,4012,2714,3505,6009,2730,45257,8154,9640
MXAN_5659,313,175,318,459,556,938,986,967,530,1510,1288,1363,1970,1872,1882,1117,1051,1219,804,745,981,944,680,633
MXAN_5660,698,660,931,1374,1444,1834,2841,2381,1053,3606,3327,3248,4043,4728,4827,2340,2554,2269,2075,1993,2394,2885,1830,1537
MXAN_5661,2329,3815,4030,3846,4443,2252,10855,13083,3279,11353,11314,6828,6416,11317,13753,3391,4173,2539,3387,6094,4044,10463,4923,2965
MXAN_5663,385,290,428,717,606,876,1175,1007,440,1966,1127,1304,1495,2040,1969,984,945,901,871,725,1020,924,799,737
MXAN_5664,305,322,401,590,548,779,1143,938,465,1706,1088,1267,1563,1629,1747,858,887,982,762,693,913,1131,692,595
MXAN_5665,1276,1046,1219,2103,1788,2132,3922,3395,1582,5396,3583,3923,3921,5120,5249,2270,2226,2407,2195,1948,2558,2836,2068,1602
MXAN_5666,1086,1205,1304,2246,2093,1983,4332,4117,1378,4782,5390,3768,4309,5889,6939,2106,2584,2460,2361,3525,2802,960,2670,1790
MXAN_5667,16,14,87,24,24,82,55,44,22,65,47,71,200,170,205,94,108,127,108,75,110,62,81,100
MXAN_5668,3,3,37,4,8,5,13,19,4,22,14,16,28,33,54,15,19,22,19,15,17,12,16,12
MXAN_5670,10,6,67,12,20,14,19,33,15,36,28,27,27,58,58,19,24,25,26,28,29,37,35,22
MXAN_5671,20,29,186,23,23,30,60,97,21,82,88,62,52,76,106,22,32,25,39,43,23,46,42,41
MXAN_5673,36,30,129,25,46,35,91,158,42,140,150,85,110,193,315,70,90,66,55,137,85,251,83,51
MXAN_5675,19,17,145,42,32,74,74,86,31,83,82,112,181,226,282,113,125,149,132,113,169,72,105,97
MXAN_5676,131,111,203,309,266,317,471,392,149,593,518,533,639,675,857,348,395,351,479,428,413,416,341,363
MXAN_5677,52,35,126,95,94,211,140,98,82,251,156,244,384,415,469,226,224,237,234,210,298,267,195,249
MXAN_5678,37,39,67,82,71,108,161,140,68,187,156,180,293,258,349,151,151,151,184,155,214,84,154,149
MXAN_5680,955,1006,1190,1804,1999,2755,3669,4070,1595,5811,4123,4165,8970,9838,10095,3934,4269,4563,6218,6708,5687,10089,6820,11207
MXAN_5681,414,619,549,660,763,767,1948,2709,803,2614,2105,1906,1659,2260,2658,1061,1289,1245,601,729,1174,418,524,351
MXAN_5682,140,93,159,240,209,521,483,468,281,701,373,728,773,797,775,530,576,776,266,225,548,305,199,208
MXAN_5683,1144,837,1120,2226,2319,3064,4341,3131,1344,6887,5434,4979,5322,6845,6377,3481,3021,2509,2895,2145,3029,2173,2335,1662
MXAN_5684,702,498,628,1570,1488,2397,2173,1313,627,3563,2743,2968,4645,4074,4085,2244,2093,1980,2488,1622,2374,796,1734,1671
MXAN_5685,544,330,364,1182,1003,1771,1552,673,412,2424,892,2279,2937,2226,2284,1334,1200,1435,1518,765,1333,300,883,870
MXAN_5686,339,264,287,657,742,1736,1137,748,438,2397,1191,2179,3293,1833,1669,1083,903,1415,1254,522,1097,670,679,747
MXAN_5687,314,244,460,482,400,688,824,652,318,1436,766,1029,1383,1253,1204,616,726,704,689,583,575,704,704,607
MXAN_5689,253,213,396,446,497,453,1081,916,414,1303,1085,1033,1535,2077,2300,844,989,855,947,862,1147,1365,787,581
MXAN_5690,1354,1185,1373,2494,2326,2805,5173,4275,1917,7624,4947,5451,6140,8810,9448,4153,4509,4015,3926,3900,4828,2589,3161,2562
MXAN_5692,6,14,111,12,8,13,31,42,12,42,40,29,41,52,73,28,27,29,17,20,18,9,12,18
MXAN_5693,158,135,284,372,338,558,916,710,361,649,493,479,815,902,1008,389,383,341,565,515,543,764,478,478
MXAN_5694,19,19,40,33,42,101,82,56,40,154,47,130,200,189,215,118,129,109,155,102,147,174,122,121
MXAN_5695,1977,1293,1555,4679,3432,4877,6190,4557,2040,9278,7295,7450,11482,13438,12351,6203,5951,4834,9006,6672,7059,7638,7088,6093
MXAN_5696,5525,4028,4823,10204,9487,9258,18631,14236,7129,27607,19971,18909,26191,36834,37795,14255,13455,11190,20257,16714,17483,26462,19998,16547
MXAN_5697,39,28,78,92,68,201,138,113,53,207,117,189,280,243,316,146,163,178,138,123,151,136,105,123
MXAN_5698,352,287,419,651,629,981,1180,1057,451,1663,1301,1453,1576,1842,2257,940,1033,949,890,973,1056,970,892,923
MXAN_5699,100,103,130,203,225,361,334,275,137,478,334,480,626,597,748,356,401,362,336,285,408,309,332,291
MXAN_5700,130,145,234,289,284,645,457,407,223,767,433,737,1240,1160,1386,687,775,851,628,622,859,576,655,639
MXAN_5701,491,299,447,1061,965,1808,1688,1364,627,2469,1809,2607,3586,3273,3023,2015,2056,2462,1872,1171,1964,1934,1573,1843
MXAN_5702,576,637,750,1026,1121,1409,3109,2959,1287,3462,2933,2592,3323,4412,4914,1751,2028,1899,1880,1868,2232,2290,1669,1425
MXAN_5703,6243,5235,6460,11818,12313,11167,20832,20712,8764,37574,29192,28012,35900,49240,54607,18064,19936,17530,24590,22406,25736,11837,23611,22081
MXAN_5705,909,626,725,1692,1551,1970,2905,2290,1188,4263,3011,3089,4742,5764,6457,2831,2790,2506,3486,3063,3188,4590,3410,2935
MXAN_5706,85,38,59,193,205,450,252,195,125,465,255,532,888,725,835,544,472,594,687,376,633,318,548,535
MXAN_5707,2194,2930,3343,3825,5903,3550,10338,14352,4018,14231,26422,8771,10977,25697,40702,6520,8725,5123,9232,21273,11123,70059,18499,13341
MXAN_5708,109,93,158,165,137,188,233,247,106,386,295,356,387,474,673,200,252,198,251,282,269,614,291,283
MXAN_5709,137,107,169,361,301,269,390,187,158,269,120,224,270,250,327,125,140,165,62,55,149,22,97,86
MXAN_5710,5512,4984,4577,6446,7119,6235,18647,24001,12378,35210,20214,16847,16650,26529,27592,9230,10402,10446,7457,9177,12783,9703,9741,5877
MXAN_5711,410,294,390,701,633,1034,1488,935,542,2155,909,1648,2510,2619,2353,1192,1198,1268,1410,1004,1569,1800,1215,1262
MXAN_5713,41,39,135,69,92,240,129,151,60,253,180,254,557,528,681,285,326,349,286,320,317,386,264,262
MXAN_5714,24,16,79,61,56,122,106,60,35,125,90,145,304,326,401,178,224,194,188,198,252,118,191,169
MXAN_5716,170,117,152,260,260,711,497,320,195,770,446,732,1394,983,939,643,603,698,712,295,696,348,517,652
MXAN_5717,409,443,551,819,894,1599,1753,1239,593,2557,1524,2030,3225,2759,2916,1686,1678,1897,1516,1219,1744,1727,1625,1347
MXAN_5718,286,260,277,491,421,385,923,860,282,1120,1088,765,1032,1870,2038,741,795,683,793,982,992,676,798,375
MXAN_5720,103,113,205,253,239,375,376,271,170,511,321,467,880,857,1105,371,421,464,666,593,646,516,556,683
MXAN_5721,67,37,116,178,160,391,217,151,122,332,190,347,879,601,725,312,341,398,503,381,490,251,402,580
MXAN_5722,81,51,58,118,93,138,149,129,67,185,140,162,456,486,624,227,277,255,406,319,359,182,389,396
MXAN_5723,976,954,1266,2005,2072,2731,4227,4063,1663,5896,5124,4492,7484,10779,12299,4144,4941,4551,4718,5627,5756,7014,5661,4431
MXAN_5724,2470,1951,1924,3517,4022,6286,14969,19982,8532,18637,10937,13908,16056,15150,12887,8572,7688,10754,5180,3979,9248,3833,4664,3983
MXAN_5726,278,238,271,424,333,502,592,386,245,800,416,592,814,757,818,410,412,433,513,377,519,201,435,380
MXAN_5727,8708,9633,10115,11035,14062,10051,31018,37437,9819,39257,41918,29044,28078,50141,53072,18658,21152,17296,15361,17924,21206,14107,15777,9363
MXAN_5731,26,39,130,35,63,77,91,94,31,174,135,135,220,236,283,121,114,91,158,123,103,158,174,156
MXAN_5733,138,109,274,249,291,766,170,260,93,2095,2714,2575,4953,4213,3352,3258,2813,2903,1583,1308,1649,698,1719,975
MXAN_5734,195,125,208,338,349,577,513,543,345,949,659,815,1237,1339,1519,742,705,842,793,671,941,1396,737,730
MXAN_5736,670,716,1150,1329,1327,1760,2349,2279,982,4231,3110,3132,5093,5884,6331,2499,2294,2028,3700,3353,2917,6511,4285,4834
MXAN_5737,50,26,78,71,105,184,183,131,76,298,164,226,511,374,410,232,220,286,336,205,285,234,250,267
MXAN_5738,829,703,890,1801,1695,3057,3296,3062,1742,6029,3900,4664,8760,9069,9782,4102,3564,3635,6383,5124,5049,10295,5744,6833
MXAN_5739,13,11,60,32,30,133,29,28,12,105,89,93,306,208,186,140,148,163,128,99,103,98,174,221
MXAN_5740,4174,4312,3827,6947,7125,8466,16533,19523,6323,21732,17101,18436,22694,28820,26163,13199,14819,16635,9864,8970,14718,3445,6988,4872
MXAN_5741,95,97,243,247,278,476,574,566,274,1378,1071,981,884,1614,912,429,404,439,1250,390,357,641,450,877
MXAN_5742,166,133,152,330,267,505,551,456,222,914,628,831,1096,1035,1143,598,715,827,704,616,838,566,563,582
MXAN_5743,2692,1916,2341,5453,5999,8694,11336,8708,4455,19965,12780,16293,19415,21040,22205,9811,9789,10134,10519,8985,13736,14303,9166,7863
MXAN_5744,641,436,603,866,950,1433,1110,984,492,1116,813,1032,2416,2658,3012,1165,1215,1126,2084,1748,1656,3261,1728,2397
MXAN_5745,9871,8040,8297,8895,10146,8914,13942,12788,5450,5594,3936,4228,4299,6673,6094,3053,2889,2860,2737,2426,2710,4641,2436,2451
MXAN_5746,160,197,294,350,374,428,835,908,299,959,1098,792,1687,2039,2591,845,948,863,1084,1359,1248,1397,1142,878
MXAN_5747,83,80,180,215,288,409,438,377,142,469,506,566,1487,1847,2496,734,874,816,1048,1078,1115,1633,1052,1181
MXAN_5748,380,313,382,760,588,828,1256,1252,603,1569,1438,1397,2359,3404,3911,1562,1659,1583,1888,2028,2033,1609,1720,2034
MXAN_5750,657,599,632,1301,1018,1796,1875,1248,825,2407,1028,1925,4924,4432,4440,1818,2075,2813,3038,2375,3214,2592,2152,3220
MXAN_5751,126,186,250,243,329,469,714,810,297,1032,867,848,1487,1650,1722,735,803,1012,635,642,912,597,621,598
MXAN_5752,554,609,785,1183,1319,2035,2265,2415,1078,3729,2910,3194,5263,3255,2048,1126,1117,3074,3657,1017,1262,1283,1002,1178
MXAN_5753,127,130,170,229,250,399,574,521,237,612,410,601,1046,930,1057,492,568,617,468,481,585,342,454,342
MXAN_5755,94,87,92,227,191,322,450,308,172,625,285,489,744,708,808,382,464,487,368,340,488,370,290,217
MXAN_5756,1048,779,794,1711,1623,2034,3275,2883,1181,4804,3071,3457,3879,3418,3732,1816,1867,2058,1677,1117,1807,847,1141,1027
MXAN_5758,109,92,145,199,202,382,406,250,221,538,223,458,626,618,667,291,323,370,359,267,387,159,309,259
MXAN_5759,123,88,128,267,204,385,436,321,176,639,302,562,702,786,995,376,422,458,467,430,472,319,459,382
MXAN_5760,224,168,265,409,416,616,686,603,355,1122,699,824,1102,1220,1484,656,655,704,790,707,790,476,632,549
MXAN_5761,174,131,281,369,325,500,623,474,233,889,617,835,944,1001,1056,458,453,444,598,394,615,319,372,465
MXAN_5762,25,28,39,56,39,48,73,90,26,100,110,96,164,190,234,80,100,86,106,124,124,107,98,62
MXAN_5763,933,993,1263,1649,1741,1807,3697,4036,1204,4395,4765,3322,3669,4702,5721,1812,1947,1483,2369,2256,2302,3307,1954,1219
MXAN_5765,517,300,433,1358,911,1278,1749,1292,522,1955,1660,1790,2876,3301,3577,1683,1702,1694,2025,1639,1966,998,1515,1377
MXAN_5766,3791,3797,4438,7690,6684,7689,13187,13576,4746,19755,19179,14618,22396,31389,35049,12367,13632,12770,16712,19440,16188,14400,15602,13896
MXAN_5767,691,606,668,1543,1375,2503,2417,2705,1035,3787,3514,3542,4865,5429,5944,2683,3164,3885,2180,2045,3432,1408,2172,1993
MXAN_5768,637,704,584,1159,1206,1718,2181,2140,727,3563,2532,2492,4570,5912,6060,2444,2862,3230,2313,2203,3739,3715,2384,2115
MXAN_5769,4096,3053,2938,8070,5393,10162,11415,10107,6003,20167,8486,16089,21511,17590,13613,9020,8849,13469,6896,4462,10955,2407,5126,5281
MXAN_5770,642,401,426,1246,812,1284,1446,1289,581,2401,1548,2037,3572,4641,4429,2194,2113,2029,2580,2120,2345,1919,2278,2063
MXAN_5771,2714,2037,2228,5039,3212,4241,7004,6669,2796,11324,6728,8597,12119,13107,12272,5406,5666,5881,7401,5402,6462,1838,6322,6839
MXAN_5772,20823,14578,15454,37662,27696,40046,67849,59297,29979,104002,48667,73753,100726,115201,102138,47585,42989,44870,53747,41528,48188,67759,49267,55793
MXAN_5773,7004,9429,11513,12968,11964,7875,29427,40848,9394,33886,44274,22936,30079,55917,66066,14920,18064,12530,22877,36179,19682,22838,31154,21587
MXAN_5774,2008,1156,1451,3923,3051,3366,7269,5833,2536,7016,5224,5560,11236,16906,18046,5922,5344,5117,7734,7870,6882,11666,7984,7857
MXAN_5775,3207,2559,3103,7993,7533,6585,13955,12342,3816,13994,15861,12017,23720,39043,49145,11053,11760,8796,18949,30344,16165,13201,22795,22086
MXAN_5776,3824,2947,3320,7618,5611,7959,12086,11966,5060,16196,13010,13390,27376,33580,37522,12172,11998,11475,18151,18582,16057,41363,17155,19458
MXAN_5777,874,677,761,1753,1369,1975,2674,2272,1073,3436,2699,3028,3888,5167,5779,1854,1785,2017,2546,2139,2824,3408,2477,3182
MXAN_5778,568,556,629,955,901,941,2122,1967,821,2835,1878,1968,1898,3197,3419,1067,1074,1223,1041,954,1774,1956,1047,1086
MXAN_5779,442,400,455,930,725,881,1560,1246,576,1914,1386,1589,1306,1732,1956,693,764,979,717,713,1117,1014,687,752
MXAN_5780,1213,960,891,2123,1416,2008,2726,1886,1062,3371,1237,2663,1523,1555,1701,609,712,1820,635,447,1524,970,795,1264
MXAN_5781,6040,4432,5457,14613,11445,9655,20950,14507,6347,16793,10160,14817,8882,13316,11837,3371,3885,7573,3333,3597,9324,7437,5984,9578
MXAN_5782,11033,8734,9419,20931,12191,10454,23799,16638,8194,21297,9407,16372,11355,14590,12512,3709,4167,9259,3632,4425,10073,5698,6168,9769
MXAN_5783,25340,14347,15890,54505,35397,89324,55188,21757,22228,51843,15050,49606,54365,33319,31718,16532,15863,36343,17736,8659,34574,7771,21185,51724
MXAN_5784,1489,1446,1448,2791,2441,2350,5076,4927,2044,6746,5357,4466,6696,9613,10474,3682,3592,2838,5717,5191,4149,6363,4909,4017
MXAN_5786,3254,3044,3453,6593,5694,6807,11129,10997,3588,16694,11570,12558,17869,24299,24755,9009,9007,8168,12680,12708,10690,15819,13334,13222
MXAN_5787,1503,1464,1498,3521,3039,3358,5356,4296,1756,7944,4750,5765,9042,10344,10222,4141,4291,3357,6356,4826,4839,3918,5117,5573
MXAN_5788,2475,2415,2269,5241,4320,5371,7070,7501,2881,11139,9718,7757,14013,16955,19350,6255,6468,5605,11264,11753,8600,6818,10045,9059
MXAN_5789,288,317,414,523,494,543,1042,1199,391,1552,1460,1129,1904,2956,3691,1073,1166,989,1484,1780,1547,1859,1745,1480
MXAN_5790,68,83,65,104,117,159,332,450,167,429,254,286,552,415,424,251,299,378,185,150,309,51,127,94
MXAN_5791,125,101,125,180,194,339,329,379,166,790,660,603,1189,1525,1379,722,671,521,1017,835,469,1986,1174,957
MXAN_5792,237,185,192,487,477,1098,784,672,394,1275,906,1323,2344,1860,1677,1115,1111,1397,1194,736,1255,1066,972,1078
MXAN_5793,479,339,347,1005,777,1361,1343,1060,530,2122,1469,1781,2541,2935,2924,1397,1387,1529,1591,1309,1630,1582,1504,1436
MXAN_5794,118,68,85,242,263,439,432,356,166,631,444,562,807,760,810,401,444,417,459,331,452,314,320,317
MXAN_5795,657,614,713,1017,996,1642,2735,3051,1135,3657,3732,2986,4100,5551,6911,2296,2584,2383,1964,2280,2578,2786,2900,2252
MXAN_5796,435,311,318,898,767,1023,1562,1317,682,1466,967,1221,1662,2056,2191,721,740,1035,855,764,1421,696,556,633
MXAN_5797,365,375,432,938,1091,1221,2232,2196,883,1743,1327,1679,2370,2843,4183,1105,1085,1270,1357,1424,1926,1246,952,960
MXAN_5799,4332,4677,4742,9576,9141,6359,22689,25421,10389,13177,9757,10643,4835,6848,7355,2054,2211,2224,2053,2645,2549,2330,1740,1390
MXAN_5802,2862,2043,2217,5819,5028,7194,9596,7245,3464,11465,8002,10342,15625,16281,16839,7377,7696,9038,8376,7326,9308,4602,8538,9668
MXAN_5803,219,201,233,432,378,559,648,684,275,821,707,739,1372,1707,2200,660,823,859,797,917,1021,1294,971,1114
MXAN_5805,7,3,35,11,10,12,14,22,5,24,25,23,40,41,66,35,30,27,19,14,18,64,33,42
MXAN_5806,1089,822,860,2459,1920,3626,2455,2237,1009,2934,2096,2749,3504,3023,3821,1617,1749,2460,1386,1217,2523,1071,1682,1672
MXAN_5807,17,8,36,39,38,103,57,25,24,73,23,74,139,86,99,62,62,83,64,66,67,58,60,92
MXAN_5808,9572,7640,8441,22249,15955,17090,21353,16117,6772,29282,17491,22115,38653,44197,45311,17239,16221,14815,29360,25435,20817,26676,32489,40967
MXAN_5810,42,40,91,83,77,189,103,106,50,212,171,199,413,361,404,220,245,237,283,211,190,438,370,490
MXAN_5812,26,24,67,61,64,104,117,77,34,144,102,157,317,307,364,162,178,153,230,174,145,147,210,217
MXAN_5813,139,123,178,299,268,564,449,315,184,774,410,713,1589,1431,1638,753,905,831,1034,1063,715,860,1074,1272
MXAN_5814,2545,3353,4083,4512,4414,3465,9992,18019,3432,11587,17356,7800,9522,18933,18741,5491,6993,4892,6272,9215,6402,7694,9310,6164
MXAN_5818,219,219,214,343,356,710,546,524,248,1025,628,848,1122,1040,954,826,885,787,586,432,540,295,635,502
MXAN_5821,86,124,164,177,244,212,472,553,210,566,684,465,466,622,741,222,230,210,202,248,257,542,263,261
MXAN_5822,44,30,117,71,69,87,161,128,60,201,166,182,179,228,305,90,101,112,84,130,103,197,124,96
MXAN_5823,106,110,157,263,188,372,346,343,115,462,545,507,815,842,1049,341,451,457,475,456,570,439,449,403
MXAN_5825,41,37,101,83,80,92,226,265,75,325,273,213,395,479,455,187,201,150,226,288,160,853,324,347
MXAN_5826,6951,6481,9156,13920,7215,7610,10823,8731,3810,17144,9309,10379,34029,48537,44341,15930,16371,11636,27880,33124,11620,27002,37818,48745
MXAN_5827,755,611,840,1649,901,1834,1272,969,539,2164,1179,1549,5843,6699,6223,2762,2847,2661,4907,4493,2286,6267,5827,8362
MXAN_5828,1208,1005,1429,2684,1500,2159,2082,1493,747,3265,2293,2243,8792,13131,13723,4256,4727,3838,8984,16077,4354,7277,12197,13662
MXAN_5829,691,544,689,1636,1229,1914,2314,1423,733,2002,1319,1697,3394,3444,4034,1673,1767,1861,2491,2119,2117,1981,2848,3076
MXAN_5830,129,146,188,300,258,407,484,537,128,558,744,617,1017,1022,1144,454,575,656,551,422,671,300,424,314
MXAN_5831,1285,1019,1177,2736,2297,2616,3911,3014,1397,5818,3854,4305,6862,7083,7528,3220,3073,2867,4739,3734,3999,3024,3715,4039
MXAN_5832,24,13,24,32,48,94,91,108,41,175,104,131,301,357,459,204,196,144,200,218,209,652,252,250
MXAN_5835,35,46,120,40,43,36,91,113,37,135,114,83,82,153,152,92,81,50,63,69,31,198,104,78
MXAN_5837,2240,1672,2064,4468,4107,4462,11899,7514,3991,7001,4013,5489,7043,7136,8611,3612,3821,4200,4063,3821,5277,3157,3351,3315
MXAN_5838,848,521,638,1457,1497,2932,1622,1022,605,2609,1565,2463,4347,3895,3853,2191,1882,1889,1816,1124,1740,1343,1563,1730
MXAN_5839,1217,936,1415,2162,2012,2594,3662,3139,1403,5669,4969,4370,7120,9646,10465,4141,4648,4513,4405,4356,5531,6126,5896,5719
MXAN_5840,60,66,137,91,89,104,186,164,71,264,178,194,269,305,346,173,152,162,179,153,158,277,219,237
MXAN_5841,76,48,104,159,105,238,131,125,50,256,187,249,565,462,525,303,234,265,351,237,327,189,279,280
MXAN_5842,119,52,136,210,154,222,254,200,118,438,301,299,499,599,593,238,282,301,308,241,339,234,306,333
MXAN_5843,362,182,260,495,382,367,730,704,295,1094,690,727,664,1261,1282,608,505,451,449,461,524,867,614,370
MXAN_5844,10555,8139,10372,20101,13178,12164,22352,20072,7532,29361,23074,19542,21086,31098,33491,11591,11666,10555,13326,14997,14347,17066,19442,17728
MXAN_5845,532,179,472,1123,608,1105,1134,554,402,1311,693,1375,2267,2584,2229,3832,3153,2582,3784,1461,2089,3509,6350,8574
MXAN_5846,403,309,435,818,496,904,737,589,215,1121,766,996,1339,1552,1641,1150,1251,1059,1304,1070,960,4155,2917,3249
MXAN_5847,153,125,326,333,313,709,543,474,226,973,751,1021,2657,2635,2700,1213,1301,1332,1998,1468,1554,2261,1692,2488
MXAN_5848,3393,2076,2961,5959,5681,6938,6575,4418,1910,25269,20218,19266,37312,54535,45379,19300,19159,13771,36356,37368,14328,24955,39204,42655
MXAN_5849,343,379,441,594,520,659,937,1222,522,2031,1734,1285,2008,2496,3087,922,1079,923,1364,1553,1392,2426,1666,1531
MXAN_5851,631,402,671,1100,861,1464,1539,952,479,3444,1776,2654,2899,2373,2045,1487,1297,1141,1693,1138,1205,2223,1481,1246
MXAN_5852,191,141,494,272,213,314,492,565,266,857,673,534,974,1157,1241,489,465,437,696,690,573,744,704,653
MXAN_5853,930,672,977,1957,1387,1911,3027,2882,1329,4729,4302,3493,5454,6589,7192,2630,2636,2499,4186,4065,3702,3022,4355,3997
MXAN_5854,30,20,108,65,49,53,71,96,26,163,152,140,295,436,499,284,279,252,244,270,219,469,399,302
MXAN_5855,1010,668,1021,4907,1995,4376,3482,1648,1527,14980,6216,13987,48835,37246,34937,25672,26922,31094,17328,12298,29283,14127,31390,39396
MXAN_5856,3828,2357,2950,17099,7831,17678,11803,5427,4786,49854,19575,43541,167978,125910,112961,100023,90425,106702,49659,31083,89236,90450,111763,138733
MXAN_5857,194,98,119,709,248,409,559,235,124,1780,840,1148,6056,6031,5391,11959,11882,11363,2705,2083,3344,5977,13993,15645
MXAN_5858,1396,502,839,5205,1905,4015,3338,1271,1168,12131,4609,8798,38354,32499,27413,75648,69499,84783,13603,8545,19305,42085,75094,108389
MXAN_5859,104,60,136,396,160,316,281,193,107,694,454,576,2100,2478,2578,6528,7073,7664,1080,1049,1359,6310,7942,9118
MXAN_5860,23,33,105,44,35,42,76,112,29,174,139,98,171,219,264,389,469,447,68,91,107,283,367,227
MXAN_5861,12,11,139,28,11,41,21,21,8,72,48,61,331,372,380,538,596,555,300,252,130,356,782,781
MXAN_5862,3122,1407,2190,6665,5131,9592,5651,2498,1540,9209,5405,9733,16790,9908,8684,7609,7483,8782,6105,2876,5379,3102,6845,9648
MXAN_5863,726,651,1013,1433,1331,1859,2331,2028,874,3427,2546,2744,3794,4200,4412,2169,2296,2197,2064,1790,2182,3304,2455,2243
MXAN_5864,75,49,115,157,106,306,194,139,82,311,171,310,579,478,472,324,292,358,381,255,303,364,317,422
MXAN_5865,10,8,52,21,28,43,57,89,35,104,105,89,204,273,500,123,141,132,114,223,162,420,208,130
MXAN_5866,143,115,187,328,327,667,586,444,246,959,606,862,1651,1591,1694,817,777,961,1010,745,1067,859,891,1010
MXAN_5868,474,350,424,669,756,1513,1493,1159,707,2320,1213,2047,3090,2720,2823,1844,1965,2202,1280,1100,1615,762,1302,1146
MXAN_5869,34,22,71,85,79,107,138,103,37,218,180,154,459,492,534,196,214,184,388,300,342,192,326,320
MXAN_5871,3361,3445,3708,6293,5825,8674,11682,8058,4987,13876,7369,11991,17084,16047,16028,7389,9438,10488,7792,7908,8339,5139,9610,10668
MXAN_5872,27,8,88,47,45,135,88,77,38,123,99,144,325,287,338,141,158,153,250,219,166,199,201,278
MXAN_5873,612,415,569,1018,807,1093,1865,1608,812,2579,1753,2079,2947,3788,4125,1692,1892,1997,1673,1683,1949,856,1811,1328
MXAN_5874,144,123,291,200,256,483,430,456,228,1315,825,991,2046,1707,1375,1003,1097,1039,933,684,884,1022,1262,842
MXAN_5876,4171,3201,3945,8015,6354,10756,12437,9914,5194,19581,10577,15206,29633,30712,31064,15083,15345,14735,21523,17135,18480,12983,17819,20492
MXAN_5877,2601,1332,1252,3992,2544,6903,4057,2658,1920,3734,1461,3610,5706,2579,2315,1999,1699,3437,1502,739,2608,478,1023,1725
MXAN_5878,54,56,184,103,144,201,166,172,68,285,231,263,425,361,395,143,163,271,188,152,223,158,127,119
MXAN_5879,258,221,503,525,518,523,763,631,198,784,829,729,895,1250,1519,413,482,485,455,624,737,897,517,499
MXAN_5880,4551,2819,3096,6706,4719,7113,8126,6196,3338,14080,8190,10827,11146,12872,11496,6683,6685,6902,6858,4794,6299,7560,6822,7877
MXAN_5883,1761,1426,1513,2741,2406,5341,4068,3369,1791,7526,3752,6796,9585,6503,6519,4328,4129,5364,3625,2416,4281,3210,3114,3343
MXAN_5885,76,59,156,127,153,222,257,200,100,342,225,302,720,490,556,235,244,269,371,223,286,157,289,407
MXAN_5886,764,633,1197,1383,1264,2107,2725,2796,1063,4567,4537,3911,8230,8683,9483,4425,4659,4442,5441,5219,4999,7241,5262,5561
MXAN_5887,30,47,133,58,71,35,111,195,52,184,191,110,170,226,264,89,94,74,88,142,88,264,159,139
MXAN_5890,62,34,130,122,74,63,147,155,69,263,154,147,352,471,569,240,198,152,271,240,216,156,246,189
MXAN_5891,623,437,462,1410,1151,2493,1714,702,738,3309,992,2858,4927,2442,1985,1949,1667,2253,1344,814,1371,536,1045,1458
MXAN_5892,533,407,528,1022,862,1334,1742,1189,610,2458,1540,1872,2630,3147,2960,1609,1707,1662,1491,1311,1415,992,1746,1670
MXAN_1322,214,212,362,499,557,459,971,1101,314,1190,1450,883,1079,1850,1723,688,759,546,628,766,672,888,900,585
MXAN_5894,80,57,250,140,137,196,306,298,156,547,345,428,371,471,550,214,203,260,227,168,271,207,210,232
MXAN_5895,369,358,463,475,453,284,2422,2766,959,7209,4627,4657,3007,2875,3369,1706,1781,1874,1208,1033,1903,1851,2114,1541
MXAN_5896,206,159,236,425,287,329,1120,893,421,3236,1676,2482,2007,1602,1731,1030,1055,1171,970,823,1042,1333,1368,1405
MXAN_5897,390,353,434,584,343,358,1725,1341,755,4646,1784,3078,2523,2167,2239,1406,1412,1433,1055,893,1205,2033,1711,1397
MXAN_5898,75,79,142,154,95,121,417,356,111,772,680,723,678,695,835,373,439,410,365,353,412,222,560,394
MXAN_5899,237,189,312,355,281,514,552,391,171,938,709,822,1659,1693,1626,955,918,759,1292,965,828,1096,1376,1435
MXAN_5900,181,115,239,292,230,444,215,147,73,788,602,775,1817,1522,925,1038,1051,907,1297,818,458,645,1387,1838
MXAN_5902,21,17,107,42,36,64,49,48,11,155,59,104,163,135,148,67,82,80,51,68,57,52,69,75
MXAN_5903,734,643,868,1223,1189,1606,2377,2840,1072,3396,3750,2859,3646,4352,4123,2243,1970,1607,2552,2276,1729,4896,2696,2532
MXAN_5904,430,320,497,970,870,1272,1731,1288,683,2218,1557,1869,2212,2565,2785,1237,1298,1319,1182,1090,1370,1501,1136,960
MXAN_5905,199,181,240,399,417,681,821,764,366,1074,784,942,1250,1193,1267,585,707,724,631,517,702,414,609,678
MXAN_5906,230,161,303,383,347,691,847,862,450,1137,789,1069,1379,1348,1508,728,773,912,590,546,814,364,553,585
MXAN_5907,1753,2036,2709,2850,2319,2291,5525,7209,2259,8663,8358,5848,6149,9486,11501,3773,3728,2941,4484,5728,4339,6287,4335,2800
MXAN_5908,232,174,359,323,323,539,670,598,262,1163,858,936,1694,1934,2121,952,1052,895,1357,1130,946,3477,1347,1421
MXAN_5909,80,80,155,136,159,299,217,231,127,462,343,451,841,865,933,543,721,646,413,523,393,459,667,536
MXAN_5910,24,16,83,42,45,168,64,58,25,131,111,139,355,304,370,238,283,313,190,195,174,115,258,283
MXAN_5912,1047,901,1085,2009,1394,2071,2752,2288,1190,3998,2384,3335,4039,4914,4997,2172,2474,2303,2425,2576,2256,2937,2840,2895
MXAN_5913,10893,8371,10647,18926,17006,20428,28487,25760,9907,48961,43435,40735,42215,49173,39903,22707,21489,18736,25539,19020,21173,22163,26012,27238
MXAN_5914,277,224,370,403,415,435,786,795,313,1031,1240,788,672,1015,1237,387,452,455,371,443,522,711,443,301
MXAN_5915,158,192,320,267,309,327,745,804,287,939,821,609,531,862,979,336,398,344,244,343,373,526,321,200
MXAN_5916,342,314,447,531,658,639,1732,1895,645,1771,1580,1250,1322,2363,2293,964,1035,1053,658,764,1095,1800,779,421
MXAN_5918,69,25,133,52,56,133,41,46,15,319,284,251,568,734,495,431,507,389,303,297,140,797,478,339
MXAN_5919,9803,9245,9725,14408,14728,16643,24992,21799,7297,11714,9491,9457,10116,12016,12537,6560,7206,6989,5458,6158,5031,2853,7094,6976
MXAN_5920,24594,17430,16389,35485,31070,28731,50295,29182,15543,26420,11079,18292,17727,20050,18244,13375,12704,11897,9319,6749,8197,4766,10187,9473
MXAN_5922,2916,2122,2442,4651,4802,6468,7641,5806,2814,15606,12705,11563,14506,14796,15665,7230,7742,9212,5353,4729,8190,1772,4777,3473
MXAN_5923,159,163,268,216,308,469,732,1069,352,1011,884,707,1237,1521,1751,688,773,813,639,800,931,715,705,407
MXAN_5924,1398,1362,1513,1940,2272,2840,5581,6386,2627,7692,6540,5336,6280,6488,7377,3392,3754,3491,2887,3190,3513,4115,3405,2311
MXAN_5925,60,56,83,124,134,264,217,218,94,396,178,355,498,411,468,315,345,338,243,172,208,316,278,245
MXAN_5926,327,328,410,537,638,753,1233,1233,512,2030,1428,1311,1793,1772,1785,963,950,955,846,784,793,844,905,694
MXAN_5927,480,397,520,710,989,1192,2170,1615,829,3419,1906,2155,2857,3443,3448,1668,1722,1574,1395,1504,1477,2203,1854,1198
MXAN_5928,757,763,861,1613,1667,2406,3213,2810,1143,4158,4758,3901,6124,6325,6509,3354,3730,3432,3236,3149,3664,1535,3356,2230
MXAN_5929,754,568,691,1412,1464,2287,3272,2327,1156,4291,2649,3550,4256,4301,4126,2917,2746,2944,1614,1345,2466,1879,1496,1485
MXAN_5930,0,0,4,2,7,18,13,13,3,14,11,11,46,49,86,43,44,38,23,43,40,50,35,25
MXAN_5932,296,282,343,449,632,738,1232,1404,490,1585,1489,1323,1547,2093,2014,983,1113,1253,698,712,1141,604,797,448
MXAN_5933,4620,3519,4008,6575,5194,5837,9409,7788,4088,18016,9529,10312,10251,12166,11584,5301,5232,4599,4559,3956,5075,4374,4857,3560
MXAN_5934,8,6,134,21,12,12,19,28,11,27,25,24,32,49,101,26,37,28,22,47,27,34,51,37
MXAN_5935,185,152,247,344,303,421,459,274,155,548,252,517,691,683,852,407,403,438,421,416,489,452,401,408
MXAN_5936,69,80,211,144,108,152,260,229,95,374,294,296,350,448,556,193,208,160,257,255,231,283,244,268
MXAN_5938,145,77,195,181,161,184,398,299,138,493,305,297,257,334,377,157,157,150,161,111,154,200,178,149
MXAN_5939,249,120,267,305,318,382,610,516,293,565,410,481,391,510,485,248,245,289,161,190,232,310,207,155
MXAN_5940,318,297,371,437,441,465,909,815,348,1112,655,696,789,1099,1185,435,502,488,397,488,562,1258,480,412
MXAN_5941,235,263,290,463,594,576,1009,974,333,1136,918,928,1177,1445,1764,538,646,603,532,613,783,467,693,557
MXAN_5943,87,94,105,110,91,174,211,124,64,327,207,318,496,470,360,295,387,351,269,240,215,117,257,223
MXAN_5945,5,3,23,15,4,16,4,6,8,24,10,19,120,96,96,63,75,80,107,98,56,52,84,134
MXAN_5946,57,24,224,224,114,815,1157,648,434,1737,1040,1953,1832,2068,2545,1155,1186,1208,1349,1089,1484,1145,1265,752
MXAN_5947,45,54,162,113,124,233,265,261,142,403,378,408,616,880,1159,374,480,477,472,514,640,898,547,559
MXAN_5948,12,9,118,12,12,53,38,24,19,49,37,45,72,80,94,34,41,56,37,29,49,69,40,47
MXAN_5950,606,430,591,1194,937,1234,1264,950,424,1804,1352,1677,2454,2405,2674,1138,1209,1396,1624,1250,1603,912,1510,1607
MXAN_5952,177,137,197,536,570,953,552,422,181,908,803,1070,1493,1627,1609,733,786,995,775,428,1127,805,791,806
MXAN_5953,1364,1168,1387,2434,2269,1936,3887,3698,1545,6506,4158,4384,4782,6724,7279,2513,2768,2643,2877,2896,3477,3385,3483,2745
MXAN_5954,1024,681,1034,1245,1203,1795,2095,1727,1028,4214,2089,2696,2500,2534,2436,1486,1335,1433,1060,980,1160,2171,1782,1519
MXAN_5957,72,62,150,103,103,162,263,228,93,308,194,273,350,341,372,163,197,192,210,161,213,125,162,179
MXAN_5958,48,44,112,51,50,67,150,114,55,189,132,120,167,167,208,117,103,97,80,89,91,202,74,52
MXAN_5959,35,20,139,83,66,146,94,84,52,196,127,188,280,258,349,133,128,154,158,116,161,196,144,162
MXAN_5960,82,71,170,209,178,279,276,178,145,505,241,421,680,687,659,361,337,314,556,301,391,473,336,443
MXAN_5961,11,10,61,20,15,45,29,21,12,39,30,54,64,70,81,38,43,51,47,44,55,33,24,46
MXAN_5965,33,35,96,99,82,119,55,78,28,178,275,225,669,608,764,287,264,266,480,464,377,364,487,464
MXAN_5966,15,33,42,34,58,130,101,68,50,149,126,201,421,257,282,182,178,211,250,169,177,117,180,219
MXAN_5967,5,10,61,16,19,53,27,19,9,79,37,64,169,140,166,74,96,78,99,97,71,104,91,94
MXAN_5969,103,97,248,173,126,136,137,271,113,586,737,487,548,1090,1201,410,542,504,324,649,360,949,898,784
MXAN_5970,468,558,835,1360,1505,2846,854,1312,511,9190,7111,8479,40194,32807,28146,27320,25914,25345,19674,14055,13215,22259,33170,47768
MXAN_5971,249,249,539,389,410,432,878,1299,299,1404,1731,886,1551,2548,2696,874,885,647,1417,1844,1019,2493,1592,1637
MXAN_5972,53,59,168,92,83,163,173,117,60,241,106,223,368,290,334,213,226,268,190,164,191,124,211,244
MXAN_5973,5104,4226,5190,7209,6654,3756,5498,4187,1536,5351,4795,4661,5554,8416,4949,2552,2969,3207,2437,2454,4540,33802,4992,5615
MXAN_5974,306,259,377,564,383,462,447,320,130,430,306,436,506,693,627,264,395,499,270,323,391,1180,492,539
MXAN_5975,150,113,423,256,279,269,355,400,127,438,434,341,480,668,856,271,333,314,351,337,361,1227,384,353
MXAN_5976,1114,899,1262,2038,1455,2007,2890,2879,1292,4548,3330,3479,6941,10769,11217,3747,3889,3567,6301,5765,4763,8744,6490,8592
MXAN_5978,206,142,217,482,561,1080,795,626,411,1086,658,1125,2014,2309,2978,1122,1151,1346,1182,1104,1569,1302,1350,1165
MXAN_5979,821,664,823,1815,1880,2491,3114,2106,1090,4577,3441,3700,5328,5905,7388,2566,2538,2460,2819,2863,3609,3008,2942,2310
MXAN_5980,1039,976,1188,2117,2124,2050,4154,4014,1254,4786,3925,3992,4166,5135,6326,2007,2541,2176,2777,2643,2935,1716,2385,1761
MXAN_5981,497,383,546,877,814,1158,1328,974,516,2252,1519,1985,2536,2436,2753,1283,1267,1154,1708,1331,1628,1489,1307,1198
MXAN_5983,123,110,246,191,178,395,182,214,107,687,686,569,1409,1515,1420,761,893,784,944,783,662,585,936,1138
MXAN_5984,64,37,120,97,76,93,118,107,44,197,133,109,189,235,233,184,155,145,211,140,120,292,389,436
MXAN_5985,4,4,75,4,6,14,11,20,3,35,19,39,21,32,39,5,13,13,11,21,6,8,13,25
MXAN_5987,522,729,1090,712,633,443,1222,1928,454,1903,2477,1375,967,1979,2109,489,594,499,471,783,594,454,641,381
MXAN_5988,664,667,965,1134,977,1034,1805,1877,738,2981,2187,2129,2344,3134,3124,1181,1482,1194,1429,1439,1335,2134,1809,1692
MXAN_5989,243,318,366,402,400,531,1082,1434,512,1421,1254,1128,1435,1768,1837,788,949,1020,677,541,1160,338,643,329
MXAN_5990,54,26,231,69,66,115,194,142,62,252,203,239,259,300,329,166,147,157,118,95,186,172,80,94
MXAN_5991,39,42,72,83,78,112,203,162,83,188,152,167,172,328,362,174,231,247,109,163,194,125,141,82
MXAN_5992,755,612,710,1264,1346,1989,3090,2517,1183,3482,2584,3055,4201,4518,4680,2521,2624,3431,1880,1580,3245,834,1453,1132
MXAN_5993,17,11,53,32,29,54,54,61,28,80,73,113,247,203,231,112,120,120,138,107,115,132,128,144
MXAN_5994,54,52,190,107,99,109,184,204,72,249,251,204,329,470,563,205,208,186,212,321,211,384,281,232
MXAN_5995,2,7,44,10,22,35,18,26,9,44,35,44,75,85,106,47,58,67,80,74,59,78,75,77
MXAN_5996,16,14,119,13,17,47,36,29,14,94,50,77,125,98,148,58,54,43,86,58,49,211,81,44
MXAN_5998,155,125,365,228,190,169,506,428,146,391,288,247,274,391,395,278,252,210,166,194,107,411,470,325
MXAN_5999,167,157,372,273,314,482,706,566,302,633,306,542,650,583,681,404,416,545,277,296,280,335,229,236
MXAN_6000,20,31,161,46,47,120,240,136,71,785,372,751,414,361,375,362,330,275,246,151,168,191,215,110
MXAN_6001,198,135,206,300,340,341,518,349,180,661,600,542,601,775,992,381,375,292,419,362,403,384,322,284
MXAN_6002,432,213,337,568,391,599,982,917,475,1550,795,1054,785,864,923,503,408,468,447,428,432,541,429,383
MXAN_6003,333,365,493,464,342,448,774,735,253,1112,784,749,714,869,958,423,403,421,518,421,522,834,421,353
MXAN_6004,218,182,411,341,374,527,716,872,295,1165,889,835,806,961,1020,414,498,544,334,287,484,164,263,220
MXAN_6006,90,64,235,183,151,256,226,173,87,361,219,311,775,674,717,439,479,407,397,299,360,667,600,768
MXAN_6008,115,108,356,257,230,325,189,157,70,125,83,129,222,242,446,99,127,135,169,195,183,431,258,330
MXAN_6009,452,515,1157,625,811,934,2012,2160,713,3682,3328,2333,3457,4052,4303,1760,1672,1163,2424,2276,1705,3328,1995,1360
MXAN_6011,325,334,530,584,559,967,833,778,320,1873,1126,1574,2620,1764,1553,1125,1101,1191,947,747,873,786,990,1120
MXAN_6012,432,459,563,1076,777,1012,1080,1186,355,2419,2099,2059,3254,3774,4046,1192,1147,1110,2497,2779,1887,1913,2125,2427
MXAN_6016,199,266,455,331,355,486,936,1341,455,1443,1091,931,1421,1728,1793,681,761,698,807,807,854,645,682,343
MXAN_6017,220,193,364,390,356,501,465,506,165,893,1142,690,1417,1844,1873,1083,1088,742,1469,1321,776,5055,1824,1348
MXAN_6018,137,130,330,244,279,344,493,485,176,808,670,626,791,933,1048,474,432,404,488,447,502,692,513,398
MXAN_6019,76,65,304,120,168,217,382,403,152,409,529,365,404,448,661,243,259,250,185,203,273,193,247,140
MXAN_6021,7548,6364,6885,10876,9297,6456,15793,18387,5604,17547,19009,10886,11169,19794,20933,6412,7160,5979,6268,8111,9554,10790,8078,4857
MXAN_6022,10,9,82,17,21,27,24,18,21,74,60,61,166,138,174,129,97,200,76,106,88,109,152,261
MXAN_6023,74,71,95,101,127,132,184,193,121,368,470,214,489,575,613,248,302,254,285,527,288,318,393,317
MXAN_6024,356,282,383,602,491,580,829,716,269,948,723,684,1087,1263,1530,607,684,624,739,687,658,652,972,824
MXAN_6025,1175,1009,1178,1960,1375,705,1584,1354,539,2568,1683,1411,1732,2915,3542,968,1053,759,1081,1767,1145,3818,1576,946
MXAN_6026,7934,4698,6039,20257,12922,14372,14548,6013,3559,13511,7153,12344,11559,11948,13564,5820,6112,6152,7164,5274,7059,3475,6600,5911
MXAN_6027,1273,1053,1125,2774,2600,3354,5254,4627,2043,5834,4223,5065,7378,8143,8336,3762,3869,4159,3940,3744,4391,6797,2875,2512
MXAN_6028,90,69,159,214,232,554,398,309,162,525,335,550,1018,890,1168,520,588,664,505,524,609,868,477,434
MXAN_6029,1174,1096,1403,2904,3239,4027,6046,5809,2352,7135,6676,6114,10385,10721,12198,4645,5375,5426,5237,5275,6560,5129,4802,3881
MXAN_6030,25,30,58,111,79,190,143,138,76,234,200,211,499,816,1114,295,440,370,340,445,500,625,383,367
MXAN_6031,31,32,92,100,100,240,151,122,69,188,164,227,543,537,695,295,331,382,361,361,392,476,271,279
MXAN_6032,385,346,494,1299,1269,2083,2108,1660,736,2373,2267,2612,5234,5589,6534,2562,2591,2754,3320,2753,3688,3292,2582,3101
MXAN_6033,263,243,287,727,640,1702,1029,817,473,1511,964,1745,5158,3499,3922,2190,2031,2951,2733,1963,3106,1287,1657,2595
MXAN_6034,717,585,780,1517,1193,1973,2008,1640,860,3467,2544,2634,3512,4016,4485,1834,2115,2221,2143,2383,2379,3963,2029,2257
MXAN_6035,6065,3916,3639,9215,6843,10165,14631,8907,5486,22526,8383,13695,15547,14085,13085,7614,7371,8102,6750,5023,7790,3784,6568,6462
MXAN_6036,3978,2904,3223,5996,5601,6093,11299,7149,2865,15287,7429,11106,11542,11474,11252,5240,5880,5636,5479,3372,6006,2496,5000,5634
MXAN_6037,1229,1416,2089,3696,6218,7676,9917,9695,1956,10785,18710,13311,34040,50049,40187,18136,19051,14532,24260,14023,23363,80185,19956,24719
MXAN_6038,1426,994,1279,3079,2747,4446,4352,2803,1458,6870,4159,5505,9730,9044,8711,4659,3976,3928,6140,4836,4417,6036,5213,5449
MXAN_6040,104,80,371,173,162,392,264,294,140,647,467,581,1074,1075,1195,564,533,564,669,539,552,1027,595,693
MXAN_6041,466,387,534,1031,830,900,2735,1593,773,1298,638,915,1257,1266,1575,436,494,499,953,757,824,628,666,859
MXAN_6042,249,276,532,511,511,897,451,653,163,1737,2266,1738,3622,3520,3483,1419,1630,1463,2108,2516,1500,2471,2552,2327
MXAN_6043,609,498,680,1254,975,1850,1523,1229,642,3991,2749,3102,7585,8920,8864,3578,3956,3682,6936,6345,4373,7869,6252,8636
MXAN_6045,282,156,266,706,463,986,729,504,310,1293,641,1228,2582,2362,2116,1221,1256,1514,1506,1069,1168,672,998,1002
MXAN_6046,777,533,660,1765,1234,1844,2339,1815,764,2761,2196,2654,4535,5984,6462,2554,2732,2944,3966,3500,3245,1813,3344,3903
MXAN_6047,20,20,72,48,41,88,57,52,20,57,49,87,141,136,189,63,63,97,72,70,99,99,95,105
MXAN_6048,146,137,221,304,206,317,331,281,138,307,313,302,383,435,657,157,244,233,246,266,325,169,299,317
MXAN_6049,31,31,62,55,43,143,94,67,40,152,67,144,266,177,280,126,145,169,160,136,158,314,138,206
MXAN_6051,3393,2313,2051,2575,2301,2793,6762,4786,2229,10246,4701,6138,6190,5101,4298,3656,2794,2686,2027,1306,1934,1170,1522,1270
MXAN_6052,1500,1321,1476,2982,2584,2944,5347,4347,1903,6664,3487,4985,5526,5775,6576,2411,2258,2209,3346,2720,3014,1926,2861,2453
MXAN_6055,395,239,346,584,547,1388,1146,871,680,1610,771,1336,1894,1555,1691,919,792,1000,1049,790,963,1401,905,725
MXAN_6056,242,207,328,512,514,730,964,832,358,1133,952,1043,1612,1931,2160,797,804,752,1224,1312,1128,1223,1126,1013
MXAN_6057,301,223,301,558,420,554,765,647,374,1052,868,884,973,1174,1272,523,618,599,603,433,677,382,536,529
MXAN_6058,268,176,312,367,355,462,851,848,353,1249,1054,951,1010,1516,1505,584,714,698,537,597,768,454,600,401
MXAN_6060,725,676,1102,1074,1253,1021,2238,2221,711,3501,4253,2639,3223,7016,6243,2440,2930,1777,2322,3309,1502,7629,4500,3367
MXAN_6061,700,451,623,1450,1417,1982,2620,1490,811,3257,2333,2745,3982,5263,5218,1735,1976,1916,3104,2670,2920,2703,2833,2830
MXAN_6062,290,278,354,661,785,1296,1445,1372,528,1874,1750,1841,3005,3129,3735,1428,1439,1374,1827,1825,2143,2210,1611,1800
MXAN_6063,667,449,541,1523,1800,2219,3268,2034,707,3387,3684,4240,4658,4765,5420,2162,2231,1954,2824,2109,2945,1988,2502,2539
MXAN_6064,364,304,362,548,642,751,1483,1197,509,1885,1152,1383,1523,1519,1677,741,674,693,796,659,842,742,787,803
MXAN_6065,735,712,722,1385,1505,1718,2900,2231,994,3381,2349,2863,2550,2958,3439,1259,1409,1208,1501,1545,1571,1427,1461,1222
MXAN_6066,277,204,243,479,410,797,719,561,311,1041,609,927,956,840,960,506,513,582,493,445,607,406,367,475
MXAN_6068,8,4,96,12,12,9,39,27,14,35,9,17,23,24,49,12,15,14,8,10,17,4,12,13
MXAN_6069,8,14,42,20,16,9,28,56,15,33,46,33,18,36,58,12,19,24,5,20,18,15,18,8
MXAN_6070,67,70,131,135,116,176,190,231,89,421,254,364,463,406,444,201,175,184,208,181,194,157,241,302
MXAN_6071,59,33,85,103,91,215,227,177,114,344,131,303,376,331,416,213,231,280,179,144,231,155,143,172
MXAN_6072,352,328,434,691,763,1193,1788,1282,802,2326,1042,1843,1956,1969,2085,1035,1050,1234,738,767,1243,873,680,674
MXAN_6073,15,7,87,21,15,15,26,20,5,21,20,27,27,35,78,19,29,34,20,21,26,23,25,27
MXAN_6074,50,37,163,62,34,39,85,85,34,119,83,76,81,80,149,36,47,46,55,31,50,87,50,57
MXAN_6075,11,10,171,22,15,32,47,43,17,42,34,37,56,53,110,33,38,23,26,36,34,29,21,35
MXAN_6077,10,7,61,15,5,17,36,30,11,42,38,25,72,124,194,44,72,39,79,123,71,60,74,62
MXAN_6078,1127,888,687,1957,1367,2129,3314,1789,1176,4021,1283,2876,3220,2296,1934,1667,1655,2300,931,691,1425,82,523,390
MXAN_6079,7994,6148,4453,12373,11857,13376,27376,18492,7826,35602,13708,21087,20922,20069,20582,12079,12277,13355,6505,5614,9491,2497,5648,4657
MXAN_6080,3452,2735,2083,5237,4611,5940,10560,5291,3947,14204,3320,9112,9553,6376,6100,5046,5000,6009,2832,1625,3867,376,1635,2262
MXAN_6081,572,529,426,1199,1461,2035,3311,2408,1071,3584,1889,2787,3313,2375,2292,1701,1817,1874,1084,801,1369,153,590,742
MXAN_6082,1037,755,523,1377,1298,2378,3439,2479,1335,4693,1194,3644,4306,2444,1818,2242,2097,2811,962,543,1225,105,443,535
MXAN_6083,3944,2930,2384,5666,4473,6901,11058,6852,4184,15903,5253,12350,11538,7512,6495,6652,6586,8077,3386,2162,4503,553,1663,1834
MXAN_6084,933,706,457,970,1257,2078,3761,3469,2483,6584,2713,3898,4791,5289,5033,3061,3150,3251,1394,1550,2411,1967,1214,910
MXAN_6085,1563,1859,1514,2447,2487,2411,6552,6440,2552,8330,4858,5489,5289,4830,4921,2752,3373,3517,1895,1696,2655,635,1467,1006
MXAN_6086,4101,2610,2668,7240,5845,9373,12170,8598,4658,17719,7318,14054,14308,11421,9098,7707,7083,9709,4532,2577,6779,920,2743,3169
MXAN_6087,5685,3803,3488,9710,7476,12933,15169,11241,5693,24951,9886,19928,19106,14284,11968,9820,9478,14538,5899,3757,8465,1048,3518,4636
MXAN_6088,2916,2139,2128,4939,4022,5275,9361,6626,3336,14180,6316,10264,9353,8797,7773,5187,5254,6795,3693,2758,4919,1060,2124,2547
MXAN_6089,1003,667,758,1976,1705,3383,2513,1969,1150,5953,3036,4807,5802,4779,3826,2783,3028,4251,2306,1184,3225,533,1322,2109
MXAN_6093,58,48,106,89,77,189,156,146,65,272,206,264,441,334,412,243,235,248,243,199,219,271,209,217
MXAN_6097,69,57,124,113,88,166,140,96,66,166,60,115,149,116,137,62,76,100,43,51,83,86,56,52
MXAN_6099,62,46,72,61,65,106,128,176,97,242,135,215,248,263,305,119,129,162,152,141,169,94,118,161
MXAN_6100,41,30,76,40,76,146,158,129,98,207,159,221,229,287,385,165,259,275,140,170,211,123,134,78
MXAN_6101,91,58,185,146,125,207,266,292,114,391,282,365,384,345,505,217,246,278,168,170,213,103,143,115
MXAN_6102,85,52,169,112,153,188,255,222,91,342,263,297,306,288,368,166,181,181,130,100,186,113,97,93
MXAN_6103,97,54,136,128,101,126,260,193,70,258,264,238,448,644,647,288,395,330,316,286,355,88,315,284
MXAN_6104,553,473,528,746,834,633,1745,1829,696,1825,1974,1337,1958,3558,4767,961,1039,871,1745,1856,1821,517,1254,1189
MXAN_6105,107,91,138,224,165,308,286,293,145,408,249,347,523,567,734,218,284,320,343,346,415,222,292,296
MXAN_6106,8313,10354,7252,13543,18380,20500,27775,27421,13612,20650,9874,19536,69066,49718,43223,51310,50857,77549,30321,18562,21249,16035,43268,115856
MXAN_6107,556,444,599,874,886,1202,1454,1145,572,2391,1632,1726,2543,2218,2516,1134,1031,949,1275,905,1381,2475,1222,1321
MXAN_6109,52,35,172,107,112,188,180,143,80,223,220,217,446,400,578,235,241,176,332,318,270,427,339,364
MXAN_6110,3,8,29,16,23,35,29,20,5,30,43,47,115,129,136,50,67,48,106,79,75,74,85,76
MXAN_6111,14,26,89,23,29,24,59,68,35,82,84,36,70,132,143,41,75,55,56,89,56,66,62,60
MXAN_6112,52,39,111,68,116,203,224,210,108,282,180,294,437,322,409,212,231,312,182,153,282,178,159,157
MXAN_6113,75,58,212,135,152,304,332,296,141,491,342,471,567,637,739,400,449,474,286,300,420,287,271,186
MXAN_6114,46,30,535,73,86,103,164,251,73,326,309,229,722,838,961,695,591,390,737,671,282,2017,1416,1077
MXAN_6115,14,5,109,13,24,25,38,56,15,49,42,43,108,154,169,76,94,85,96,108,58,256,99,89
MXAN_6116,725,497,578,818,524,2260,102,46,77,1584,350,1434,3679,1760,1450,1397,1197,1714,1393,661,657,358,1429,3029
MXAN_6117,229,205,355,311,298,685,458,517,166,946,643,771,1609,1395,1300,921,952,973,785,653,534,966,962,968
MXAN_6119,132,114,182,250,244,641,117,121,48,1048,775,1125,3536,3276,2521,1516,1847,1542,2070,1873,652,1467,3020,3712
MXAN_6120,199,166,232,401,321,577,588,549,318,1100,574,951,787,828,814,518,444,485,410,293,414,474,266,275
MXAN_6121,804,554,548,1646,1629,2693,2366,1280,1029,2606,849,2500,3316,2814,2267,1809,1617,2159,1497,651,1649,986,862,1237
MXAN_6122,1569,1126,974,2498,2219,3256,3460,1770,1004,4308,2466,3872,3419,2080,1897,1564,1339,1636,1293,639,1465,444,776,723
MXAN_6123,61,80,62,181,144,420,169,92,70,300,139,327,391,153,175,121,121,195,116,59,135,80,93,101
MXAN_6124,80,67,111,137,120,140,199,174,70,228,98,160,150,161,202,103,107,119,85,75,69,109,79,69
MXAN_6128,40,21,67,55,64,49,154,163,49,194,157,133,129,196,239,65,72,56,79,94,83,191,73,57
MXAN_6129,34,19,72,71,65,78,167,129,47,207,165,179,219,217,237,70,91,82,90,101,82,69,73,82
MXAN_6136,6,7,43,6,8,8,23,28,8,31,22,11,34,36,74,8,13,11,25,47,11,11,23,21
MXAN_6138,79,102,104,95,142,144,298,373,164,526,474,319,587,1039,1205,229,275,192,435,583,330,342,439,453
MXAN_6144,80,54,120,166,187,527,269,195,82,499,221,482,1304,866,778,544,541,655,650,342,453,755,542,1010
MXAN_6145,146,168,491,257,222,269,499,636,179,742,490,481,568,765,1005,291,389,375,370,408,396,665,417,478
MXAN_6149,106,86,146,300,195,224,346,299,141,347,268,298,605,897,992,295,294,275,576,457,575,538,399,431
MXAN_6154,16,10,55,30,39,95,99,62,40,102,61,92,133,204,224,103,113,106,84,76,125,91,66,84
MXAN_6155,234,200,303,329,259,230,639,692,234,630,629,489,582,913,897,362,401,423,246,299,477,96,254,136
MXAN_6157,3,13,106,11,17,31,25,42,11,67,56,50,98,89,131,38,41,50,47,39,54,48,57,78
MXAN_6159,25,24,89,57,36,69,75,45,21,93,65,81,111,150,152,47,52,49,76,68,80,83,68,84
MXAN_6160,21,12,86,27,30,65,41,62,29,103,53,69,157,124,198,63,79,73,96,94,106,422,84,112
MXAN_6161,43,52,81,86,61,78,116,96,50,198,110,135,160,202,201,92,101,60,132,119,111,41,106,85
MXAN_6162,41,28,75,42,46,37,83,80,29,120,65,89,68,83,114,59,55,44,62,53,50,6,29,45
MXAN_6163,12,8,36,24,23,21,25,52,7,59,68,47,73,43,78,32,38,27,39,29,31,7,22,41
MXAN_6164,48,32,130,61,48,61,73,60,19,141,147,136,247,258,237,143,122,99,175,150,97,124,167,160
MXAN_6166,40,42,172,94,68,89,171,142,65,212,167,184,272,324,359,136,147,131,153,161,190,112,118,132
MXAN_6167,9,6,88,18,11,29,17,25,4,39,41,36,105,162,162,35,50,45,109,123,80,30,78,63
MXAN_6168,22,22,218,39,23,42,102,123,24,134,97,79,124,211,261,57,72,62,100,99,109,346,83,96
MXAN_6170,5,4,118,6,8,13,16,14,6,20,13,15,47,32,65,11,14,14,12,18,18,18,15,19
MXAN_6173,8,6,69,28,34,27,28,31,11,52,54,39,37,80,100,19,40,30,23,40,50,39,43,37
MXAN_6174,10,3,56,18,15,15,19,20,9,28,27,27,28,55,84,15,24,18,30,38,34,137,25,22
MXAN_6177,15,17,284,37,32,41,67,67,27,96,80,71,93,85,154,22,25,33,51,52,43,43,37,50
MXAN_6180,59,54,133,114,98,122,194,234,80,250,247,241,332,383,306,169,208,220,178,130,219,59,208,180
MXAN_6181,43,41,194,68,74,66,158,176,63,206,284,145,238,334,325,160,146,108,188,174,125,252,206,217
MXAN_6182,374,251,367,640,630,987,1032,941,630,2346,1698,2082,2825,3333,2825,1402,1530,1711,1521,1206,2161,1465,1281,1094
MXAN_6183,195,139,343,400,347,625,764,506,286,1338,629,978,2227,2167,2272,930,896,856,1747,1312,1344,1409,1230,1283
MXAN_6184,2389,1858,1937,4447,3706,3715,7015,3961,2427,9455,4345,6493,9841,13409,13459,4488,4053,3703,6713,6954,5193,4672,5050,3879
MXAN_6185,784,527,609,1736,1201,2519,1835,913,701,3275,1209,2825,4973,3948,3260,1936,1459,1977,2616,1450,2157,620,1425,2066
MXAN_6186,243,240,433,425,335,512,853,757,321,1712,1331,1175,2573,2835,2880,1030,1091,1011,1789,1582,1456,2158,2360,2481
MXAN_6187,200,153,198,400,627,754,1180,784,322,885,582,894,1068,704,813,373,406,556,236,133,409,88,219,235
MXAN_6188,152,153,451,191,218,327,315,285,107,491,319,417,695,663,651,462,495,432,195,178,140,196,629,624
MXAN_6190,905,658,944,1378,1190,1097,2539,2340,826,2782,1798,1967,1751,2202,2433,922,915,1018,951,842,1338,1202,772,614
MXAN_6194,22,14,79,62,62,68,69,42,14,90,80,83,117,133,210,58,63,55,76,51,121,51,79,56
MXAN_6195,148,102,213,273,156,221,246,166,93,330,199,260,317,400,459,152,181,209,196,157,275,110,190,222
MXAN_6196,1841,1466,1614,3467,2782,4721,3831,3404,1683,5921,3265,5585,7955,5527,5360,3454,3042,4380,2524,1545,3610,1526,2057,2527
MXAN_6198,376,345,773,643,640,646,803,896,296,2016,1772,1531,2655,4253,3847,1675,1793,1344,1783,1903,1184,4749,3113,2941
MXAN_6199,39,33,191,70,52,46,88,95,35,437,491,404,173,268,233,111,164,98,98,135,91,255,137,123
MXAN_6200,18,11,180,8,18,17,42,45,8,173,147,142,65,70,131,47,42,39,31,39,44,35,62,56
MXAN_6202,7,2,111,3,2,13,8,7,2,37,22,58,13,19,27,12,5,15,10,16,7,14,10,34
MXAN_6203,11,3,108,24,14,37,25,27,8,146,42,121,69,48,61,26,33,39,28,25,29,22,19,38
MXAN_6206,50,53,289,72,64,45,177,330,62,317,548,198,321,534,624,111,140,99,187,309,149,415,244,294
MXAN_6207,328,287,546,1001,565,395,1210,1035,421,3069,2367,1551,3221,5253,5910,1039,1099,866,3262,3789,2297,5749,3470,3837
MXAN_6208,37,36,155,39,49,35,121,176,34,169,259,87,135,213,299,77,81,47,125,230,109,212,147,122
MXAN_6209,107,47,191,154,102,168,113,89,39,695,450,378,902,735,510,580,500,334,807,403,221,1245,5885,5316
MXAN_6210,14,21,151,22,22,39,48,55,20,122,85,71,81,86,139,34,49,51,42,63,56,57,46,71
MXAN_6211,15,10,127,39,32,47,57,56,24,73,67,73,165,118,176,57,55,76,70,54,85,69,53,80
MXAN_6212,9,13,44,15,11,14,35,29,11,47,18,41,60,59,82,29,27,35,51,42,36,56,21,55
MXAN_6213,50,42,200,65,78,127,226,198,79,427,164,289,476,364,342,197,174,215,196,145,220,132,134,136
MXAN_6215,305,338,480,662,716,580,1384,2173,409,1597,3202,1465,1396,2601,3000,558,635,513,1068,1513,875,1309,1298,1207
MXAN_6217,53,43,96,82,108,127,161,217,110,314,264,213,268,420,412,175,167,153,187,186,155,522,233,302
MXAN_6218,83,59,129,141,124,177,167,137,87,358,180,336,434,478,440,250,234,260,235,187,184,689,307,390
MXAN_6219,242,226,233,322,317,404,339,389,196,586,438,556,1922,1184,921,774,806,1111,1111,502,639,293,991,1834
MXAN_6220,1804,1512,1944,3038,2818,4249,6130,5556,2395,8311,6160,6472,11419,11423,12511,5427,5548,6204,7032,6035,7644,4277,5700,6203
MXAN_6222,50,51,214,43,64,45,121,193,65,168,163,111,135,216,296,60,82,53,97,124,92,85,104,55
MXAN_6224,4,2,17,10,7,17,21,9,5,24,18,22,36,36,77,25,21,24,21,38,27,47,28,29
MXAN_6225,768,422,586,806,741,916,1531,1396,654,1911,1377,1281,1328,1721,1867,550,525,480,879,870,804,864,777,873
MXAN_6226,54,45,65,67,59,91,123,72,46,126,50,127,119,80,109,45,36,43,60,38,49,144,53,69
MXAN_6228,312,368,410,447,439,530,1214,1104,609,559,571,505,1386,1017,1144,614,606,754,886,700,713,311,517,581
MXAN_6233,70,106,120,94,122,98,266,323,76,354,420,282,395,433,493,165,208,174,214,216,176,66,219,141
MXAN_6234,23,23,88,39,37,50,52,46,21,92,49,71,103,131,169,57,63,63,82,92,60,85,107,73
MXAN_6235,33,33,94,57,49,51,91,151,38,158,122,111,163,323,365,102,128,131,137,168,178,94,146,148
MXAN_6236,89,64,170,195,150,316,245,282,103,652,401,525,1204,1036,1119,408,413,401,844,562,609,384,563,870
MXAN_6237,39,51,252,93,83,63,156,221,77,219,269,185,210,317,473,112,108,91,136,190,135,137,158,139
MXAN_6238,3,3,41,4,6,5,11,15,4,18,18,17,35,69,58,20,26,12,49,55,26,50,50,46
MXAN_6241,21,19,75,24,42,80,99,117,44,168,118,163,235,343,393,147,139,133,170,143,128,590,166,180
MXAN_6243,62,74,101,102,107,78,219,293,101,433,514,284,307,478,516,133,172,105,226,297,208,267,258,164
MXAN_6246,192,216,310,376,262,434,417,682,164,1524,997,1054,2126,2068,2200,653,878,869,1286,1359,1155,334,1091,1498
MXAN_6247,510,427,419,1008,830,925,2095,2246,864,2093,1586,1489,1784,2636,3924,719,894,1226,913,1086,2542,536,596,536
MXAN_6248,1357,1089,887,2938,2563,2419,6516,4968,2569,5639,2322,3509,3693,3233,4198,1102,1049,1678,1115,715,3263,158,411,468
MXAN_6249,908,791,655,1620,1496,1664,4516,4007,1628,3324,1743,2237,2733,2435,3336,967,976,1262,1049,1075,2350,172,370,393
MXAN_6251,25,36,114,29,50,47,108,111,35,167,136,114,201,276,361,80,99,75,132,179,110,99,120,100
MXAN_6252,33,37,61,44,63,98,92,85,34,147,104,100,207,251,233,92,114,102,109,131,134,105,127,140
MXAN_6254,54,42,92,54,69,63,143,113,50,206,81,98,192,163,152,44,62,36,82,53,87,14,27,24
MXAN_6255,617,628,586,730,736,364,1690,1834,439,2438,2118,1151,1132,1569,1396,395,504,370,667,863,655,60,264,152
MXAN_6257,102,40,184,96,100,153,238,203,88,361,215,178,251,179,227,117,112,96,150,86,105,158,97,54
MXAN_6259,110,85,239,207,215,414,437,361,188,588,400,588,832,824,1076,402,526,507,443,500,542,489,463,541
MXAN_6260,59,78,233,161,139,339,305,243,131,393,291,395,711,574,736,355,358,445,416,321,488,388,304,339
MXAN_6261,116,93,184,183,214,364,545,498,253,731,403,544,772,741,853,336,442,447,400,345,469,369,360,333
MXAN_6262,30,36,100,68,82,105,164,152,60,160,159,145,288,319,381,129,142,138,173,197,199,123,140,176
MXAN_6263,1251,1192,1242,2722,2052,4066,3481,2885,1609,6333,2936,5200,6048,4680,4632,2223,2641,3641,3169,2325,3553,864,1246,1471
MXAN_6264,21,15,61,48,41,93,73,58,54,78,36,112,129,92,108,43,53,78,51,42,63,13,22,11
MXAN_6265,52,41,215,111,121,135,99,170,39,312,491,302,742,1175,1117,369,351,261,748,669,399,1281,911,908
MXAN_6269,76,54,215,180,154,237,314,322,153,443,331,341,558,603,679,266,260,238,386,345,392,339,252,247
MXAN_6270,1488,1321,1514,3129,3134,5301,7276,5618,3990,9528,4308,7540,10385,7653,7993,4117,4112,5746,3942,2423,6109,1639,1880,2028
MXAN_6272,268,197,224,617,571,758,1119,580,412,351,89,295,655,390,408,307,308,385,236,137,195,27,118,241
MXAN_6274,36,47,267,48,70,66,177,301,68,220,286,144,219,365,590,103,117,100,124,228,140,613,166,147
MXAN_6275,75,68,135,129,137,111,420,391,128,480,628,377,327,639,800,249,281,213,221,238,335,143,222,151
MXAN_6276,61,45,68,115,142,296,306,210,152,380,227,405,693,539,419,369,291,429,314,152,382,131,164,302
MXAN_6277,14,14,74,39,39,92,90,58,48,103,55,112,139,162,147,83,96,125,99,76,118,104,64,65
MXAN_6280,279,199,344,396,333,556,637,553,201,1299,753,819,1362,1447,1296,766,664,610,894,788,438,1340,1162,1269
MXAN_6281,33,39,78,64,101,190,111,124,45,214,241,236,728,899,747,594,661,581,402,424,197,1078,1234,1625
MXAN_6283,428,307,403,1243,1032,1766,554,703,312,3262,1604,2478,4012,3597,4003,1497,1350,1533,2039,1363,2387,1900,2282,2758
MXAN_6284,68,61,102,163,114,182,163,122,79,376,169,299,520,519,593,173,222,217,417,332,324,198,272,289
MXAN_6290,98,54,115,215,142,232,251,229,120,431,252,390,409,482,519,232,204,209,229,181,293,181,197,195
MXAN_6296,45,46,42,76,70,105,126,97,64,179,99,176,337,324,327,229,294,399,229,185,216,61,202,355
MXAN_6298,264,151,243,578,426,601,900,426,282,671,339,555,1370,1475,1489,611,577,662,1361,979,997,971,1018,1705
MXAN_6299,2825,2639,2734,5530,3877,5423,8776,7785,3334,13096,7551,9536,9844,10337,11076,4361,4331,4260,7711,5840,5825,5123,6227,8007
MXAN_6300,161,165,213,329,277,350,586,608,207,765,648,679,1003,815,1013,543,559,464,717,592,445,621,741,699
MXAN_6301,320,268,437,629,539,682,1101,1062,435,1787,1344,1347,1894,2738,3074,1081,1119,1060,1209,1154,1414,2035,1590,2192
MXAN_6303,123,95,194,168,199,249,416,329,131,592,344,443,616,613,666,229,286,316,313,301,352,542,306,275
MXAN_6304,66,90,190,152,222,297,478,510,159,480,744,488,609,781,1028,419,463,541,257,324,550,336,280,224
MXAN_6305,822,795,911,1755,1347,2369,2158,1584,810,2852,1898,2645,2966,2596,3205,1258,1395,1658,1632,1358,2040,1403,1757,2140
MXAN_6306,883,646,1079,8258,3762,5105,696,374,457,6611,6743,11808,13842,14710,17307,1615,5142,16342,6480,9022,25866,3097,6846,21873
MXAN_6307,126,103,258,320,235,463,418,397,189,703,415,725,1101,1477,1817,391,591,1468,605,863,2276,384,767,1635
MXAN_6309,25,62,111,53,70,61,90,114,46,177,123,109,247,450,629,105,137,124,272,362,246,606,296,367
MXAN_6310,390,215,268,686,531,838,827,561,355,1373,847,1174,2053,2483,2504,1095,1072,1127,1521,1174,1443,1437,1184,1220
MXAN_6311,2014,1711,2082,4558,4147,5252,6517,5179,2548,10569,8682,8127,15631,21445,22383,7506,8189,6980,13379,12493,11390,24161,12988,15111
MXAN_6313,20,11,63,33,26,74,47,50,23,68,41,79,127,93,146,69,68,93,81,86,88,51,71,73
MXAN_6314,21,15,81,35,31,75,36,40,26,84,36,74,154,100,135,77,69,83,78,41,67,60,70,80
MXAN_6315,308,262,749,467,394,1441,133,164,81,1830,1756,1727,9473,8988,5462,5743,5829,4041,8606,7506,1265,23253,15294,24015
MXAN_6318,5,2,39,7,7,9,24,22,6,28,42,22,58,59,70,27,25,17,41,50,36,57,47,51
MXAN_6319,257,216,431,598,550,763,764,683,328,1497,1157,1427,2407,2708,3151,1073,1152,1148,1663,1522,1564,1752,1499,1983
MXAN_6322,58,44,157,83,91,139,206,146,87,257,129,191,349,307,407,135,139,172,197,175,199,68,156,165
MXAN_6323,34,22,215,41,36,47,47,45,31,126,89,98,103,138,166,85,107,50,80,69,55,107,128,125
MXAN_6324,7,1,152,7,8,5,11,12,7,34,12,12,25,46,87,28,29,18,27,33,25,99,33,51
MXAN_6325,13,14,149,17,22,18,83,150,29,143,163,72,69,76,147,27,21,21,26,49,25,84,36,58
MXAN_6326,12,15,77,23,24,45,26,31,7,49,58,52,110,103,107,27,40,41,49,56,52,80,87,90
MXAN_6327,84,46,113,170,140,213,175,203,86,379,352,338,550,740,831,320,318,275,515,429,394,610,381,478
MXAN_6329,90,62,279,134,113,250,243,224,145,489,275,389,524,554,702,285,280,283,306,332,309,549,359,350
MXAN_6330,32,35,110,41,52,35,92,115,42,129,92,75,112,157,224,54,83,67,66,84,87,134,97,68
MXAN_6331,13,10,86,20,18,37,32,16,12,58,40,48,91,102,109,69,51,55,93,71,89,55,69,65
MXAN_6335,62,47,438,87,94,90,213,240,62,244,210,187,219,307,431,142,121,119,139,173,141,565,193,202
MXAN_6336,3,7,74,10,9,13,22,22,3,19,13,10,31,19,39,11,11,13,12,16,7,14,16,19
MXAN_6337,3305,2279,2363,4870,5036,5001,9073,6776,3128,13349,8660,8509,8630,10705,10819,4721,5057,4794,4519,4237,6657,2323,5183,2711
MXAN_6339,852,507,666,1523,1229,2016,2185,1218,965,3446,1497,2594,3112,2931,2885,1656,1459,1726,1518,1206,1887,1892,1353,1328
MXAN_6340,254,216,234,395,380,404,515,403,243,781,425,545,756,1133,1263,446,517,525,518,670,725,1157,575,491
MXAN_6341,1289,1048,1281,1986,1836,2341,3065,2647,1018,4541,3348,3606,4243,5604,5506,2300,2505,2646,2152,1940,3008,3069,3030,2709
MXAN_6342,81,69,179,151,153,215,325,271,139,451,337,326,658,740,794,373,394,351,466,449,363,359,387,369
MXAN_6344,14,12,154,8,6,10,55,38,13,29,16,17,115,42,64,52,34,36,54,65,37,84,42,49
MXAN_6346,26,13,45,5,3,14,81,46,21,47,19,24,73,65,45,53,41,34,52,31,23,33,34,39
MXAN_6347,37,27,191,37,40,112,89,91,66,188,93,132,194,190,251,157,131,146,92,91,84,178,101,82
MXAN_6348,503,483,467,654,673,1399,1057,953,365,2269,1681,1853,2335,2370,2443,1424,1450,1668,1084,920,1309,1023,1315,1457
MXAN_6349,763,478,588,1346,1296,2231,1863,1427,784,4094,2134,3305,4852,4288,3527,2668,2598,3088,1966,1163,2652,1723,1927,2139
MXAN_6350,173,233,259,314,409,482,727,735,321,1102,736,1100,583,532,682,311,433,521,234,217,394,565,359,338
MXAN_6351,241,205,232,525,408,755,811,416,234,942,431,960,1524,1068,968,654,629,784,697,462,760,453,460,583
MXAN_6352,3334,2621,2353,7429,6185,6689,17218,7522,5970,6965,2381,5892,8327,6171,6268,3529,3770,4835,4026,2871,4621,930,2561,3536
MXAN_6354,71,101,86,116,141,68,441,430,161,200,229,128,185,464,727,81,127,99,188,406,248,120,132,84
MXAN_6355,372,346,565,795,601,631,1597,867,580,1084,501,759,981,890,1088,412,468,503,498,409,613,330,329,306
MXAN_6356,1207,1295,1360,1620,1600,2628,3439,3446,1521,3753,2117,3211,3614,3409,3296,2483,2777,3092,1485,1188,1621,1088,1416,1178
MXAN_6357,132,99,282,191,228,433,442,486,198,742,514,599,864,779,867,531,450,537,511,402,465,687,507,542
MXAN_6358,36,47,101,63,61,52,150,176,98,173,133,120,150,196,207,94,108,91,74,84,91,222,63,33
MXAN_6359,165,155,361,225,245,250,599,578,233,758,523,532,608,647,710,315,368,380,243,270,326,229,247,203
MXAN_6361,92,103,166,154,192,236,283,333,126,636,897,587,858,960,956,589,668,664,569,570,444,1030,1044,1181
MXAN_6364,7,3,119,10,9,20,28,50,7,37,70,36,78,126,193,190,204,164,77,120,40,669,405,187
MXAN_6365,291,260,363,642,559,597,1522,929,464,340,179,250,205,240,281,122,106,89,158,150,135,157,148,178
MXAN_6366,296,193,214,419,377,858,944,502,389,1058,410,953,2568,1562,1413,1030,1099,1502,1353,777,1237,701,1008,1579
MXAN_6367,157,77,117,228,179,509,367,204,217,514,180,469,1476,909,924,731,633,869,976,492,747,220,578,1047
MXAN_6368,82,53,166,170,119,149,105,90,33,96,140,91,121,126,160,50,54,37,66,84,69,117,71,81
MXAN_6369,136,118,288,184,222,396,485,433,205,680,572,679,1203,1117,1210,588,620,651,574,460,625,774,555,649
MXAN_6370,106,89,215,147,182,381,516,516,219,659,674,611,791,1184,1491,456,533,451,318,312,440,966,510,479
MXAN_6371,42,26,151,55,43,44,87,107,41,293,156,153,226,258,293,116,98,85,163,138,117,382,167,173
MXAN_6372,31,22,155,61,56,151,80,102,39,234,135,193,585,478,660,281,243,233,444,361,337,384,349,486
MXAN_6373,323,272,462,450,404,741,824,708,316,1924,908,1378,2359,2240,2176,1213,1255,1245,1370,1061,1203,1673,1525,1708
MXAN_6374,538,357,724,1671,971,924,1925,1377,509,5322,3969,2940,9167,10953,10355,3326,2708,1691,8051,5901,4896,5990,6745,5927
MXAN_6377,47,66,94,57,148,107,57,117,15,49,85,36,163,143,157,126,112,118,136,126,117,351,258,775
MXAN_6380,7,7,79,12,7,12,11,11,7,19,19,9,34,40,56,14,14,14,23,30,18,45,42,62
MXAN_6381,270,201,527,777,477,664,638,388,197,1934,1008,1100,4279,5018,4455,1321,1192,928,4391,3332,2136,9868,6897,12858
MXAN_6382,69,48,166,103,61,161,96,73,40,270,219,216,464,441,389,253,291,224,416,279,199,181,424,592
MXAN_6383,372,261,380,706,462,708,532,300,201,576,275,539,641,486,639,265,366,375,311,288,397,206,440,586
MXAN_6384,74,52,164,139,144,284,263,240,101,566,308,409,706,664,695,299,261,247,450,311,362,522,326,304
MXAN_6385,208,187,291,390,379,478,661,552,241,1225,629,834,1383,1304,1518,627,550,456,916,661,777,914,694,680
MXAN_6386,381,332,415,706,516,684,1079,938,414,1914,1093,1408,1936,1839,2012,815,700,678,1239,873,946,1216,980,969
MXAN_6388,54,42,497,133,99,192,186,164,78,291,245,276,689,681,796,210,221,159,651,468,401,464,422,568
MXAN_6389,125,171,306,316,306,345,599,761,257,770,1059,651,2880,3351,3958,1178,1417,1072,4095,4361,2310,850,2926,3410
MXAN_6390,283,376,796,386,529,495,642,879,241,1930,2502,1609,2071,3763,3715,1132,1407,1220,1189,1928,993,2135,1522,1240
MXAN_6392,136,114,208,348,380,215,1446,1928,507,190,336,258,70,160,226,39,60,69,40,63,153,62,49,52
MXAN_6394,51,60,134,153,122,70,440,288,159,58,37,53,26,33,52,10,15,30,1,13,35,8,8,11
MXAN_6395,20,14,141,43,38,36,172,124,84,27,25,32,25,23,45,5,8,12,12,19,16,15,17,25
MXAN_6396,7,6,119,27,26,35,114,95,51,22,21,20,16,14,37,3,8,7,5,12,12,18,10,16
MXAN_6399,23,15,110,67,71,42,257,162,81,41,22,33,25,18,55,8,8,6,13,13,9,13,8,19
MXAN_6400,39,34,196,99,94,56,298,206,134,43,23,28,22,16,53,6,9,20,5,6,15,11,9,15
MXAN_6403,107,84,225,247,217,207,639,501,245,340,172,282,259,260,310,114,136,168,137,89,156,35,63,103
MXAN_6406,22,16,58,52,40,45,103,116,38,121,91,121,190,236,362,60,92,93,125,134,134,102,94,99
MXAN_6409,64,59,361,128,141,101,289,338,120,402,299,273,237,367,460,118,151,129,158,144,163,195,115,125
MXAN_6410,103,106,431,158,174,151,444,465,188,590,491,468,521,687,889,273,343,319,360,432,360,354,334,302
MXAN_6413,63,39,246,103,105,156,187,195,49,228,254,251,290,327,346,160,154,137,158,138,159,88,118,85
MXAN_6414,77,59,403,117,147,199,261,249,94,361,328,312,361,415,531,204,217,202,233,213,224,300,195,148
MXAN_6415,53,43,218,106,60,149,140,118,69,179,116,168,283,243,301,126,162,170,162,142,183,92,109,121
MXAN_6417,762,559,685,1210,964,1306,2095,1779,880,2955,2054,2187,3095,4120,4111,1588,1660,1711,1940,1806,2207,2242,1698,1390
MXAN_6418,245,311,409,593,532,637,1080,1301,279,1261,1720,1092,1787,3175,3459,855,1048,846,1459,1844,1524,1397,1769,1181
MXAN_6419,732,527,2375,1248,1304,2684,2543,2515,1164,3809,3513,3483,7889,8500,11101,3971,4784,4017,4891,5183,4313,6421,6205,5403
MXAN_6420,540,468,869,987,884,1280,1652,1661,658,2564,2042,1898,3410,3808,4273,1775,1853,1975,2087,2113,2620,1746,1823,1659
MXAN_6421,294,279,404,466,542,805,677,1123,387,2223,1534,1868,4333,4180,4241,1700,1451,1647,2675,2423,1904,3035,2035,2720
MXAN_6422,110,100,174,203,194,430,326,268,138,548,340,480,1084,995,1063,587,504,538,777,545,649,777,601,582
MXAN_6423,982,525,1321,1302,1193,1569,2484,2004,1060,3425,2496,2798,3651,6013,7735,1975,2101,2260,2583,2773,3152,7783,3317,3692
MXAN_6424,373,303,437,568,523,678,847,1154,419,1473,1245,1115,1728,2875,3506,854,1040,1065,1238,1495,1597,1015,1533,1731
MXAN_6425,1,2,66,7,10,10,10,10,4,15,8,12,20,25,61,16,6,13,21,39,15,26,31,29
MXAN_6426,272,468,520,516,446,331,969,1147,452,874,772,573,871,1406,2009,300,431,358,721,1119,629,580,584,639
MXAN_6429,53,27,190,62,44,57,66,79,34,50,36,52,94,119,209,47,67,72,85,89,63,90,76,98
MXAN_6433,10,7,35,9,9,24,16,11,6,24,15,35,83,77,79,70,66,40,77,56,28,65,165,210
MXAN_6434,547,516,808,980,1006,1391,1684,1810,715,2750,2298,2020,3303,3743,3973,1689,1753,1572,1889,1652,1893,6289,2390,2444
MXAN_6435,38,26,180,34,37,92,38,47,11,144,104,121,280,232,203,169,186,171,134,137,58,135,250,252
MXAN_6437,32,26,79,60,69,151,59,48,28,95,52,123,273,219,201,147,167,168,178,149,89,358,292,442
MXAN_6438,3376,2478,3235,6239,3812,5052,4218,3306,1546,7179,5948,6457,10589,11177,9935,5393,6433,5127,7882,6703,4861,5295,10844,14372
MXAN_6439,1356,1938,2696,2342,1893,1528,2515,2730,622,3079,3458,1905,3184,4182,4583,1560,1926,1229,2319,3740,1351,2215,4298,3369
MXAN_6440,121,110,252,305,280,227,575,618,215,1144,844,725,927,1147,1261,512,482,275,1036,843,492,3464,1358,1585
MXAN_6441,38,36,172,54,51,77,66,66,29,108,51,97,174,114,143,115,107,83,76,55,65,63,101,130
MXAN_6442,164,134,262,208,214,433,358,270,193,505,275,473,959,690,676,448,450,479,363,284,339,120,542,668
MXAN_6444,8,6,54,17,10,18,40,45,15,31,37,22,31,34,47,26,20,15,16,29,15,34,24,8
MXAN_6445,62,40,69,132,157,198,250,157,54,342,265,299,436,436,396,218,201,199,237,153,249,344,170,231
MXAN_6448,37,55,136,71,104,57,202,317,86,238,294,203,147,195,286,70,100,63,89,138,116,70,109,94
MXAN_6449,225,163,355,334,401,610,1029,1042,400,1351,1087,1106,1286,1659,1679,714,706,758,765,620,871,764,601,448
MXAN_6450,133,123,313,205,202,405,416,386,178,691,345,513,666,538,626,286,275,279,325,238,289,550,327,309
MXAN_6451,109,148,343,209,208,264,370,683,280,694,939,740,1171,2037,2780,1696,2504,1434,1304,1753,819,27118,9323,4528
MXAN_6453,567,486,814,1510,769,585,1304,824,255,648,586,403,486,723,929,220,202,170,443,476,354,483,659,302
MXAN_6454,1226,1076,1415,2264,1595,2403,2788,2087,1173,4663,2519,3714,5753,6048,5762,2306,2594,2869,3739,2918,3154,1079,3245,4501
MXAN_6455,87,89,290,146,216,315,424,412,186,649,572,512,912,889,1202,355,341,302,581,459,479,1134,603,684
MXAN_6456,581,489,845,1093,999,1387,2273,1791,831,3062,2021,2381,3782,3966,4971,1744,1672,1565,2600,2060,2250,2851,2175,1916
MXAN_6457,129,96,644,145,240,166,391,443,119,590,681,429,616,909,992,373,414,263,437,509,264,1842,741,532
MXAN_6458,251,176,335,360,323,356,622,574,212,1088,1162,771,995,1620,1113,802,942,566,777,761,382,1537,1350,935
MXAN_6459,922,835,923,1567,1325,2034,2536,2396,1056,2769,1919,2336,2662,3323,3317,1834,2052,1995,1494,1642,1569,1568,2201,1946
MXAN_6460,337,227,285,605,359,446,636,505,252,657,544,484,893,1550,1459,539,654,600,698,878,642,2866,1589,1135
MXAN_6462,80,75,201,149,195,261,262,297,146,409,302,343,521,576,753,237,243,208,313,382,255,601,434,473
MXAN_6463,452,430,598,820,786,1337,1270,903,471,2214,1591,1860,3589,3559,2946,2090,2182,1794,2450,1846,1276,2054,3551,4317
MXAN_6464,621,519,994,623,585,867,983,1097,317,2606,2039,1741,2610,2584,1853,1544,1645,1113,1646,1380,582,2382,2979,2705
MXAN_6467,121,67,235,196,183,531,75,120,73,621,466,644,2444,1275,1058,899,759,1196,790,375,725,136,574,1012
MXAN_6468,12,15,133,41,14,63,44,33,16,102,71,101,284,290,368,140,168,152,282,211,197,236,237,301
MXAN_6469,28,19,83,38,26,34,51,65,24,92,53,55,52,67,67,37,28,23,36,28,33,24,22,22
MXAN_6470,116,90,571,185,216,413,439,412,183,487,393,451,926,1084,1484,483,527,647,532,543,691,657,561,614
MXAN_6472,536,500,1090,947,1019,1283,2329,2073,1051,2650,2007,2267,2852,3454,3649,1425,1583,1504,1371,1573,1529,1978,1222,1123
MXAN_6473,227,199,366,365,478,619,1060,848,521,1327,1010,1032,1635,2147,2107,837,997,809,849,850,961,1146,818,591
MXAN_6475,164,247,387,346,495,591,1037,876,352,1180,1072,1034,1810,1664,2264,757,831,669,1056,1035,1024,1108,941,698
MXAN_6476,416,369,667,753,763,1063,1739,1382,540,2444,1806,1807,2630,3082,3471,1420,1226,1064,1676,1500,1587,2164,1211,961
MXAN_6477,86,55,137,155,93,189,236,111,88,314,169,240,370,381,455,207,170,196,283,228,228,446,186,184
MXAN_6478,593,810,1327,1173,1349,1496,3343,3182,1241,3922,2957,2986,3211,3832,5157,1444,1506,1223,2046,2458,2161,4445,1938,1998
MXAN_6479,16,9,120,43,39,54,60,47,17,100,40,78,127,164,238,76,75,91,108,86,123,40,115,116
MXAN_6482,810,503,563,1450,956,1401,1304,608,447,1516,571,1331,1428,1013,1050,521,498,613,613,360,713,227,504,647
MXAN_6483,115,113,109,205,192,430,441,354,299,592,245,434,724,605,696,382,451,546,374,311,471,324,300,296
MXAN_6484,788,628,625,1252,1063,1285,2873,3395,1114,2810,2351,1826,2159,3470,3289,1562,1380,1367,1231,1349,1542,3916,1289,796
MXAN_6485,218,162,254,325,272,501,642,691,425,1193,484,762,755,683,784,415,346,456,345,251,347,365,284,223
MXAN_6486,710,759,1067,1251,1657,2221,2446,2972,939,2695,3621,2449,4480,5615,5656,1641,1888,1890,3166,2848,2828,3635,3582,4554
MXAN_6487,3504,2740,2558,3022,3844,7377,8055,6437,3936,4137,2757,3871,5431,3861,4190,2094,2876,4669,1726,1298,3813,326,1340,2419
MXAN_6488,814,684,589,486,624,516,1617,1757,1199,741,476,387,505,866,891,295,392,407,242,330,513,263,264,344
MXAN_6489,221,246,375,430,411,737,538,610,264,1057,788,950,1914,1629,1900,724,719,814,1581,1011,1111,1158,1158,1773
MXAN_6490,75,43,208,133,95,237,191,131,90,222,162,240,564,473,644,237,256,375,427,320,370,213,304,472
MXAN_6491,49,42,565,70,69,100,165,196,81,259,228,175,358,368,451,275,225,176,238,217,174,692,310,330
MXAN_6492,28,16,212,39,52,68,83,111,49,143,149,107,182,183,213,135,131,106,95,104,81,294,147,164
MXAN_7515,15,10,209,15,20,31,24,65,10,132,134,126,291,263,269,161,187,184,133,167,128,169,235,329
MXAN_6493,31,26,149,26,38,40,59,120,17,194,231,134,250,333,362,172,190,200,109,174,118,229,200,224
MXAN_6494,118,113,142,200,235,267,249,268,126,405,396,296,1654,1019,615,804,792,1156,486,209,377,137,527,1183
MXAN_6495,8,6,82,21,16,39,20,2,6,56,25,50,166,138,116,110,113,101,153,78,60,98,173,261
MXAN_6496,979,1003,1157,2052,1928,2008,3641,3737,1346,5192,3847,3623,3103,4447,4216,2111,1921,2107,1137,986,1969,1777,1279,1201
MXAN_6497,665,834,872,1282,1684,1802,4036,3075,1494,4716,2347,3254,2868,3463,4172,1787,1915,2025,953,1146,1635,1844,1248,1117
MXAN_6498,139,158,161,367,405,648,859,679,264,1137,668,878,1011,893,975,565,597,763,330,287,568,186,327,337
MXAN_6499,1389,1138,1247,3166,2416,2984,5759,5098,2024,6435,3976,4721,4362,5392,5209,2799,2830,3270,1753,1915,2654,887,1576,1210
MXAN_6500,104,75,386,170,190,324,441,333,167,690,537,539,731,922,1134,529,539,536,379,406,523,822,786,575
MXAN_6501,1838,960,1220,3020,3004,3926,5696,3997,1645,8309,6546,7855,5007,7093,6408,3564,3202,3526,2231,1620,3558,1371,1629,1151
MXAN_6502,330,278,600,552,577,1107,1350,1295,584,2090,1444,1952,2716,2667,3152,1567,1595,1574,1267,1075,1404,1597,1211,869
MXAN_6503,267,191,395,507,466,657,1099,896,369,1214,1541,1421,1641,1823,2202,1031,1117,912,844,729,930,599,824,525
MXAN_6507,31,39,243,61,60,51,121,134,52,150,123,124,168,211,343,69,97,97,88,122,110,103,135,129
MXAN_6508,43,33,220,71,88,117,162,148,95,241,191,184,164,223,312,101,111,125,63,94,135,186,92,97
MXAN_6509,5,5,93,7,10,11,20,39,8,32,19,33,30,46,78,18,21,23,16,23,23,43,28,22
MXAN_6510,963,1070,1345,1462,1919,1297,4312,5763,1573,4921,6881,3452,3791,6361,6319,1794,2150,1805,1851,2478,2743,2066,1994,1811
MXAN_6511,794,761,964,1262,798,498,1101,1220,439,1206,1086,890,800,1464,2065,409,530,464,492,762,691,840,755,712
MXAN_6512,632,527,706,1018,642,332,1172,863,449,1115,692,735,718,929,1171,324,406,397,420,436,515,181,365,389
MXAN_6513,235,243,327,356,458,500,805,1059,375,1422,1339,887,1345,2306,2556,935,1022,822,868,1011,916,5134,1228,1022
MXAN_6514,924,675,815,1321,1108,1520,2300,2200,957,3252,3171,2754,3098,4012,3398,2145,2118,2116,1948,1792,1946,1569,1999,1672
MXAN_6515,13,15,48,38,30,63,56,38,17,85,69,89,129,97,146,59,59,77,85,55,77,54,53,71
MXAN_6516,4128,4329,4473,8417,7047,7253,11229,8375,4309,14072,7453,10873,11159,13341,13630,5708,7197,8988,3069,3786,6166,993,2931,2652
MXAN_6517,8698,9755,10346,16689,13389,13738,26871,26907,10455,38460,23508,27280,32921,41269,41522,16452,18761,18673,18513,17598,20086,10497,19537,20026
MXAN_6518,2334,1835,1894,3999,2879,3699,4408,3349,1604,6142,2294,4262,5393,5264,4933,2263,2163,2630,2377,1460,2651,1192,2534,2492
MXAN_6519,302,212,373,658,546,1273,907,736,438,1577,911,1526,2908,2468,2909,1525,1522,1685,1658,1281,1730,1331,1312,1584
MXAN_6520,4751,4224,4769,10787,9266,8772,17522,15893,5143,19093,17767,16991,17462,22796,24226,8603,9797,9813,9702,10774,13206,4248,9182,7341
MXAN_6521,1549,1311,1581,2591,3514,3558,5408,5847,1966,10950,12846,8306,9974,15149,15728,5297,5676,4671,4654,6813,5890,18892,6839,4973
MXAN_6522,11,12,45,46,28,62,34,55,31,94,60,82,206,453,516,205,245,184,192,289,158,548,441,426
MXAN_6524,13,13,93,7,18,19,22,29,19,43,21,30,57,48,76,41,40,40,23,35,23,43,40,39
MXAN_6528,8,2,24,9,4,9,18,14,8,18,10,23,26,27,30,14,17,13,10,7,12,4,17,13
MXAN_6529,62,82,150,106,95,92,259,433,126,321,251,190,328,471,539,229,253,158,212,341,155,1637,449,481
MXAN_6530,942,788,1034,1616,1373,1685,3056,2475,1137,3864,3014,2752,4705,5635,5824,2727,2907,2486,2953,2703,2666,3526,3176,2700
MXAN_6532,288,267,358,490,410,537,1161,992,452,1474,729,966,1208,1284,1331,717,607,637,627,427,661,1483,710,607
MXAN_6533,55,24,78,92,67,172,162,141,101,279,137,237,448,397,479,236,230,245,287,249,266,435,270,257
MXAN_6534,195,153,208,452,322,632,775,669,264,768,361,795,1340,1308,1367,809,850,965,864,709,788,977,757,765
MXAN_6535,3047,2604,3037,5171,5964,5752,11321,14274,4308,12969,14818,9509,16075,27441,27270,8744,9916,8480,13129,14791,13076,75777,17174,17573
MXAN_6536,245,189,317,448,381,742,689,705,308,1045,916,883,1101,1139,1145,486,499,502,594,479,540,605,581,594
MXAN_6541,605,441,771,1112,794,1469,1233,725,430,2938,1125,1721,891,1033,1239,778,673,478,559,509,457,2360,1014,819
MXAN_6542,1192,733,1301,2398,1985,3375,2010,1928,1024,6316,3168,4123,3360,2454,2013,1382,1079,863,2100,876,853,5329,1983,1486
MXAN_6544,34,22,100,87,90,276,122,68,33,206,167,277,501,517,589,263,288,251,393,269,348,213,357,432
MXAN_6546,6,4,69,4,8,16,10,7,5,14,12,17,55,38,57,32,34,33,12,24,12,34,43,52
MXAN_6547,72,52,316,89,109,117,193,175,77,214,136,178,296,256,253,176,184,236,72,76,78,98,137,186
MXAN_6549,29,21,145,73,113,221,94,87,45,170,144,157,272,319,383,139,157,148,211,223,203,413,258,300
MXAN_6550,39,22,109,61,53,80,97,63,50,162,81,121,118,141,137,57,54,46,82,68,50,172,85,110
MXAN_6551,41,22,198,56,57,87,107,84,38,141,95,149,138,133,165,71,67,77,96,70,90,113,96,116
MXAN_6552,9,8,113,27,17,40,18,18,14,36,26,39,34,48,69,20,22,27,29,36,26,11,29,41
MXAN_6553,26,16,207,40,39,73,54,45,33,68,47,60,93,108,114,57,54,54,58,57,50,114,71,88
MXAN_6555,34,35,159,178,95,168,173,66,45,172,56,119,123,90,122,57,58,61,68,44,63,52,68,86
MXAN_6557,20,7,47,38,28,60,74,37,21,68,53,48,71,101,136,45,46,51,80,47,51,20,60,69
MXAN_6558,33,26,88,71,62,99,102,58,40,116,70,92,149,177,174,76,73,83,94,102,103,95,85,111
MXAN_6559,27,13,80,43,34,66,68,54,27,111,52,107,95,93,102,39,52,52,46,41,48,43,54,59
MXAN_6561,161,127,799,338,340,402,629,602,250,873,753,658,1332,1761,2159,591,659,521,965,1088,772,1541,1106,1326
MXAN_6563,98,93,145,287,293,571,222,256,168,756,485,798,3694,2372,2449,1019,971,1157,1803,1103,2155,517,629,721
MXAN_6564,553,403,518,1151,832,1595,1173,921,473,2145,1576,1847,2710,3002,2748,1559,1594,1757,1772,1300,1586,1277,1431,1628
MXAN_6565,1468,1423,1546,2612,2065,2505,3975,3555,1710,5959,3786,4320,5770,8174,8251,3183,3707,3734,3596,3352,4416,10191,3746,3392
MXAN_6566,75,67,126,101,135,191,202,142,80,312,235,288,434,338,313,268,294,294,249,166,129,114,257,276
MXAN_6567,74,41,129,126,95,316,164,92,61,307,170,301,629,525,511,354,423,459,423,375,277,319,433,481
MXAN_6568,180,194,504,389,442,543,935,959,383,1208,1041,990,1123,1207,1382,681,741,693,609,720,664,951,660,549
MXAN_6569,34,44,108,78,81,142,155,158,52,221,185,194,487,471,588,360,399,345,337,318,309,485,302,274
MXAN_6571,447,359,582,1066,1056,2030,2045,1652,863,3298,2493,3132,5396,5563,6374,2497,2753,3124,3898,3173,4140,3786,2869,3889
MXAN_6573,1447,1173,968,2914,2772,9708,5105,3098,2210,5793,2495,6678,13743,5887,5971,5738,5052,10046,3817,1641,6879,1661,1961,4009
MXAN_6575,64,49,211,111,142,231,256,258,119,425,233,378,486,529,715,356,426,461,210,251,380,298,245,277
MXAN_6577,651,762,949,1069,1172,1756,2625,2636,957,3757,2647,2671,3564,3733,4134,1925,2207,2245,1578,1489,2055,2087,1898,1952
MXAN_6579,1280,1265,1577,2101,2565,3350,5973,4986,2345,7122,5282,6039,6763,7962,8005,4127,4846,5015,3242,3286,4283,3604,3984,3308
MXAN_6580,253,231,496,625,629,739,1470,1721,312,1070,1951,1534,2294,2952,3778,1152,1536,1280,1358,1422,1337,1575,3462,4407
MXAN_6583,29,18,110,84,70,174,83,84,42,161,157,233,445,416,518,247,227,249,360,247,220,597,336,453
MXAN_6585,47,46,290,68,79,88,165,160,52,219,179,135,205,266,360,99,101,85,139,184,168,318,158,141
MXAN_6586,65,59,413,100,112,88,197,224,77,294,199,206,212,297,429,90,119,98,164,150,137,189,166,113
MXAN_6588,79,56,104,105,138,109,339,411,101,327,382,240,233,439,522,134,183,119,194,290,189,276,233,214
MXAN_6589,1030,741,1035,2061,1905,2751,4212,2322,1260,5277,2182,4364,5251,4718,5441,2263,1937,2113,2788,2091,2934,1963,2321,2330
MXAN_6591,250,394,417,392,331,176,875,758,327,910,332,417,496,785,931,246,317,220,317,399,310,263,312,236
MXAN_6592,3756,2612,3540,5250,3887,3971,6828,5619,2665,10217,9414,7415,7846,8265,6433,4234,4457,4061,4918,3795,3683,3493,4987,4331
MXAN_6594,3021,3137,4349,4766,4047,3184,7488,7576,2622,10671,8625,6672,8950,12520,12137,5031,5242,3668,6430,7264,4539,9824,8470,6675
MXAN_6595,2676,2094,2956,4156,2893,2593,5342,4449,1837,7711,5992,5399,6559,9414,8477,3852,4236,3048,4684,5203,3479,7469,6013,4472
MXAN_6600,42,60,99,93,94,81,190,195,57,215,225,167,263,259,329,107,101,114,219,156,120,180,196,195
MXAN_6602,1382,935,1204,1886,1024,1531,1558,945,687,1380,564,1070,891,669,772,360,351,504,349,245,608,160,434,471
MXAN_6603,97,50,262,207,175,380,352,250,146,556,410,502,923,783,838,491,513,463,528,386,541,427,373,360
MXAN_6605,789,705,1127,1379,1342,1991,2561,2565,995,4158,2919,3000,4489,4587,4915,2251,2200,2069,2766,2516,2848,2217,2245,2218
MXAN_6606,82,62,247,138,120,207,225,209,74,319,263,252,736,713,850,316,320,307,632,450,432,517,475,563
MXAN_6607,350,372,486,759,586,1029,1114,1144,420,1956,1681,1741,2774,3332,3460,1460,1530,1561,1719,1753,1456,2344,2084,2034
MXAN_6608,182,150,296,259,269,464,572,496,284,982,615,776,1072,1048,1273,527,517,581,506,487,580,784,498,456
MXAN_6609,135,101,461,183,217,293,357,367,147,590,552,482,971,1092,1358,540,505,426,657,640,471,1795,1091,1293
MXAN_6610,514,440,554,980,693,934,1301,735,527,1418,647,1089,1956,1873,1927,957,1151,1225,1294,927,1170,575,1099,1091
MXAN_6611,480,392,503,762,695,721,1260,1080,434,1573,1280,1086,1646,2247,2408,1035,1122,999,1170,1148,1251,1193,1097,865
MXAN_6612,600,541,769,931,961,1427,1775,1616,688,2323,1642,2141,3064,3317,3525,1718,1883,1821,1778,1554,1878,2335,1780,1555
MXAN_6613,495,452,383,576,737,1194,2335,2647,1540,552,415,624,988,603,739,361,376,503,372,359,323,188,378,559
MXAN_6615,35,30,121,24,33,41,75,48,20,26,5,20,50,48,63,24,23,34,20,16,24,47,26,43
MXAN_6616,217,210,396,496,494,481,970,910,397,1340,1143,892,1536,2282,2657,790,844,733,1182,1064,1166,1169,1139,1139
MXAN_6617,307,304,515,464,549,701,1503,1483,752,1412,1064,1144,1952,2041,2137,940,1174,1494,599,735,1341,695,674,449
MXAN_6618,65,46,159,126,133,226,128,112,39,398,312,502,968,1006,832,896,826,737,589,345,372,509,1001,1257
MXAN_6619,218,185,373,375,326,482,560,465,187,987,659,823,1181,1258,1014,794,933,879,603,541,520,705,1013,1005
MXAN_6620,22,16,35,34,36,42,47,36,19,79,36,53,98,96,84,69,81,82,55,60,28,80,76,89
MXAN_6621,322,240,496,581,506,1118,765,697,313,1866,1764,1740,2978,2590,2125,1557,1421,1316,1610,1263,968,1914,2043,2445
MXAN_6622,1179,782,886,2059,2588,4726,3606,2950,1564,5973,3869,5566,6919,5470,4745,3057,2905,3024,2741,1786,3840,2585,2314,2714
MXAN_6624,632,292,492,1213,1158,2063,1713,998,790,2480,1440,2002,2658,2706,2618,1344,1199,1588,1182,901,2003,1132,1089,1134
MXAN_6625,261,242,278,525,505,491,921,726,284,1208,1065,765,1135,1469,1438,509,555,463,628,520,755,485,599,520
MXAN_6627,1645,1502,1847,3187,2960,3447,6002,5438,1794,8765,8057,6739,10630,14620,17504,5229,6288,5772,6783,6968,8152,4463,7466,6307
MXAN_6629,333,259,389,608,544,595,1150,908,411,1432,895,1109,1382,1509,1407,767,863,776,723,663,761,551,566,449
MXAN_6630,161,119,315,317,326,436,670,605,223,831,673,670,713,913,940,515,510,492,356,315,436,349,306,250
MXAN_6631,310,199,438,605,667,634,1153,952,388,1688,1749,1617,1521,1866,2013,782,965,764,781,802,792,499,857,631
MXAN_6633,393,330,527,879,613,796,1047,811,438,1851,1140,1456,2390,2840,2825,1322,1290,1118,2100,1566,1265,1279,1693,1896
MXAN_6634,54,60,169,75,66,109,162,148,59,242,176,230,339,270,339,229,208,215,244,176,163,134,193,194
MXAN_6635,75,52,265,143,115,307,151,139,87,435,344,433,687,811,932,543,583,484,431,448,365,824,593,509
MXAN_6636,900,688,1284,1141,1123,2502,1406,1053,702,4347,2447,3647,5378,5414,4932,3307,3278,2954,2454,2347,1773,6112,4171,3895
MXAN_6639,177,110,351,239,256,767,238,153,131,963,566,929,2320,2066,1590,1472,1280,1077,1196,863,606,3508,1946,2275
MXAN_6640,22,22,269,26,35,56,108,100,60,380,169,425,316,434,555,279,256,241,254,191,223,471,176,122
MXAN_6641,14,11,131,17,14,18,69,28,54,303,118,508,351,419,544,293,312,339,309,167,343,128,128,50
MXAN_6643,50,67,269,60,72,94,148,173,65,266,249,185,304,395,423,155,162,146,158,160,151,267,149,181
MXAN_6644,59,27,122,88,93,121,178,149,60,272,198,197,281,392,482,178,152,133,200,161,181,350,177,174
MXAN_6645,73,48,182,69,84,145,196,190,119,365,203,286,426,341,418,179,177,184,184,141,157,316,168,190
MXAN_6646,439,269,378,659,544,1050,1010,861,425,1128,906,1060,1695,1465,1346,617,740,825,786,633,779,524,1025,1689
MXAN_6647,13,13,208,11,17,30,33,36,20,43,47,33,72,80,136,32,38,39,41,48,34,105,58,87
MXAN_6650,246,200,280,389,378,426,730,741,279,1319,709,862,1401,1752,1588,740,827,619,967,937,563,1661,1200,1267
MXAN_6651,17,14,86,49,33,69,63,60,22,67,41,75,94,108,128,67,70,71,64,50,79,52,77,80
MXAN_6652,441,472,479,867,1052,1683,1984,1305,819,2348,1222,2062,3892,2232,2363,1547,1509,1931,1395,724,1484,450,972,1348
MXAN_6654,21,23,132,43,61,86,97,104,36,151,140,108,168,171,214,83,76,66,83,86,62,121,87,114
MXAN_6656,58,51,93,76,61,101,249,199,87,213,114,123,180,165,217,118,127,145,67,60,101,36,53,52
MXAN_6657,458,481,609,751,835,518,1683,2364,525,2354,3066,1545,1176,2376,2252,652,787,655,911,827,660,842,956,995
MXAN_6658,3661,3033,2897,5196,4231,4689,9478,8017,4071,16841,7215,9361,14217,14753,15677,6025,5370,5101,10863,9611,8039,6397,8135,9046
MXAN_6659,174,119,241,361,299,544,393,255,170,494,284,450,785,920,1032,469,453,428,556,456,551,958,646,655
MXAN_6660,1893,1763,1641,3912,4311,8033,7644,6387,3398,10627,8953,9963,17043,14074,11977,7481,7384,8224,7301,5168,7699,5071,5959,6522
MXAN_6662,1408,1538,1664,2560,2402,2522,5195,6049,1654,7231,7671,4944,6825,9257,10021,4293,4349,3405,4311,5138,4366,3753,4468,3890
MXAN_6664,253,177,228,514,519,1342,946,724,385,1423,909,1443,2673,2272,2362,1626,1337,1622,1602,1055,1575,1079,1271,1659
MXAN_6665,2690,2505,2593,4638,4044,4711,8896,9391,4105,15883,8219,9913,13723,14170,14186,6570,6430,6551,7166,5414,7025,6818,7816,7229
MXAN_6666,18,16,88,22,40,43,69,127,28,103,133,79,104,153,236,81,90,56,75,136,90,300,118,113
MXAN_6668,16,18,83,19,26,37,30,52,12,83,43,65,61,50,98,28,23,37,30,25,27,28,21,32
MXAN_6670,44,37,55,88,75,147,121,115,36,160,139,186,378,294,320,165,195,177,264,178,246,175,186,191
MXAN_6671,3535,3286,3523,6460,5286,6797,10990,13278,4348,17946,16018,13162,22976,28733,29712,12042,12673,12365,15974,16028,14871,10819,12693,11696
MXAN_6673,1453,1307,1595,2617,1893,2313,2801,2614,1196,6923,3524,4670,5971,6811,5788,2329,1985,1803,2953,1537,2384,12703,2875,3306
MXAN_6674,1578,1485,1762,3453,2937,3328,5951,5161,2368,9023,5672,6796,9862,12595,13325,4572,4636,4046,7121,6420,6783,6641,5229,5430
MXAN_6681,37,33,41,33,52,22,95,137,31,90,120,64,116,225,305,51,79,42,73,149,85,155,100,76
MXAN_6682,12,6,9,13,6,10,19,33,6,18,14,9,15,22,35,11,13,9,17,16,17,3,17,6
MXAN_6683,57,74,89,93,102,162,224,223,69,243,156,235,168,203,337,128,150,177,93,94,130,50,62,49
MXAN_6684,24,27,89,65,71,107,137,130,73,134,94,135,101,102,157,70,63,88,42,34,51,15,27,41
MXAN_6685,37,25,85,73,61,88,103,115,61,161,60,145,122,88,152,63,64,80,43,40,48,30,31,48
MXAN_6686,81,79,187,128,134,161,286,337,115,351,292,287,263,309,403,138,180,216,101,154,191,119,101,97
MXAN_6687,145,111,232,224,238,359,519,498,210,673,502,589,644,743,979,383,396,460,410,409,435,299,301,278
MXAN_6688,224,190,286,447,491,855,800,682,300,1285,1154,1212,1822,1835,2225,796,850,942,969,902,1239,1529,933,929
MXAN_6689,187,134,251,293,363,529,643,645,292,1102,807,911,1003,1023,1174,503,552,621,429,388,657,446,387,298
MXAN_6690,181,159,224,276,301,357,604,843,290,950,699,703,851,1352,1369,517,561,535,420,543,615,615,440,266
MXAN_6691,184,237,366,496,596,615,909,904,243,1052,1690,1149,1967,2507,3695,986,1075,943,1489,1698,1472,2014,1594,1424
MXAN_6692,543,535,779,1189,1242,1645,2175,2570,822,3526,3518,2911,4571,5454,6390,2467,2694,2431,2938,3044,3084,4152,2663,2056
MXAN_6693,2968,2292,2725,4677,4796,4091,9249,10459,4011,14676,13643,9707,14209,24273,23585,8780,9547,7405,10391,11743,11686,16274,10726,8114
MXAN_6694,1371,1352,1483,2417,2289,2270,4855,6508,2232,6525,6813,4751,6853,11074,12169,3826,4446,4141,4704,6414,5463,8001,4969,3898
MXAN_6695,1008,1398,1571,2086,2450,2820,5767,7254,2316,7509,6110,5211,9132,11114,12750,4266,4681,4303,5470,6206,6141,9398,5546,5415
MXAN_6697,73,70,157,146,151,199,263,189,94,427,272,299,401,356,425,187,180,200,203,202,240,352,198,177
MXAN_6698,439,509,988,837,856,1021,977,1188,445,3797,3773,2722,6026,8371,7434,3077,3277,1967,4971,5452,1803,5868,7234,4877
MXAN_6699,6,17,221,18,22,21,61,91,24,72,62,54,45,104,150,35,41,32,26,56,39,56,24,50
MXAN_6700,46,30,120,109,82,118,114,127,62,139,106,109,125,222,256,116,130,112,129,139,111,98,118,149
MXAN_6701,192,124,208,418,281,463,448,285,148,762,600,770,942,993,1020,464,438,485,726,491,728,262,524,695
MXAN_6702,266,203,322,454,464,732,902,888,434,1428,973,1098,1622,2108,2604,944,998,961,1184,1269,1310,1074,1018,986
MXAN_6704,2559,3444,4454,5190,6994,9332,12740,22068,4793,16221,23568,14006,25665,28506,33489,11470,12208,11077,15529,20688,15800,58499,17117,18427
MXAN_6705,294,270,430,767,792,1022,1243,1030,478,1769,1613,1649,3132,3276,3872,1298,1282,1424,2203,1738,2061,1636,1477,1670
MXAN_6706,453,445,582,992,816,910,1496,1701,591,2434,1735,1886,3351,3767,4199,1443,1452,1333,1979,1534,2051,1558,1445,1435
MXAN_6707,277,309,419,579,780,547,1492,1914,635,2114,1684,1482,2130,3057,3222,867,977,744,1081,1078,1386,2119,1169,967
MXAN_6708,125,116,246,264,253,399,545,661,259,673,518,627,795,1380,1654,492,589,557,512,611,762,609,593,562
MXAN_6709,1072,1134,1320,1782,1854,1925,3612,4860,1777,5755,5258,3281,6561,8673,10457,2914,3282,3309,4379,6006,4580,3562,5072,5142
MXAN_6710,122,115,221,147,138,174,251,219,117,660,292,387,462,626,797,315,305,266,278,306,261,552,336,250
MXAN_6711,330,341,607,390,453,668,681,808,279,1967,1533,1349,1411,1905,1948,928,934,831,780,719,619,1592,1259,817
MXAN_6712,104,92,191,110,136,249,208,232,83,659,494,452,679,978,958,483,529,397,376,448,279,1459,686,375
MXAN_6713,27,17,166,29,34,41,39,27,9,94,66,105,67,110,125,58,60,54,65,55,80,229,153,171
MXAN_6714,149,110,239,164,192,198,281,186,82,606,490,822,322,372,389,156,143,126,188,225,325,358,373,197
MXAN_6716,77,54,311,127,135,268,162,131,64,505,259,483,1025,885,847,575,652,572,666,549,379,647,693,740
MXAN_6717,92,72,364,211,192,361,360,366,147,522,325,493,757,623,789,421,478,559,362,337,395,324,309,351
MXAN_6719,149,103,243,276,240,389,461,345,179,541,337,530,519,581,610,291,328,389,313,260,380,258,276,306
MXAN_6720,9034,5560,5754,11049,10051,12482,17406,17015,8737,41346,50762,29209,18237,20180,16628,8389,7824,11083,4432,3600,8790,1381,2921,1666
MXAN_6721,83,70,131,135,149,240,311,260,144,454,223,335,467,407,419,232,236,337,197,163,274,254,145,189
MXAN_6722,38,40,104,58,64,91,130,133,52,199,134,136,249,253,250,175,162,131,154,151,78,887,253,296
MXAN_6723,48,61,184,68,97,117,158,247,58,252,324,216,457,796,796,292,307,235,280,461,233,1906,705,645
MXAN_6724,11,0,149,8,4,21,11,15,5,49,30,15,103,134,110,79,76,47,101,77,30,300,331,448
MXAN_6725,115,149,525,224,309,510,767,697,342,1240,987,789,2166,2046,2680,881,830,651,1647,1523,1144,3176,1701,1720
MXAN_6726,920,678,951,1638,1466,1601,2788,2381,1047,4600,3496,3286,4257,5966,6283,2488,2204,1809,4389,3338,2847,7031,3299,2998
MXAN_6728,33,29,229,62,43,93,91,72,25,130,91,85,222,170,231,85,76,69,118,86,106,152,126,142
MXAN_6731,162,95,235,217,168,330,246,132,106,536,163,395,480,374,362,173,213,238,240,133,190,75,162,217
MXAN_6732,189,188,372,328,237,295,307,204,116,637,284,463,505,512,525,194,251,207,238,187,171,165,259,281
MXAN_6733,10,8,82,10,12,5,10,20,5,31,38,21,23,25,62,15,19,15,9,29,21,16,16,14
MXAN_6734,1330,1168,1897,1662,1587,2733,605,519,258,7852,7444,6398,10894,14053,10883,6395,7496,5410,6843,6335,3057,9600,10758,10048
MXAN_6735,7393,6064,8387,11521,8365,13859,2552,1998,902,42439,28308,30857,48790,61628,54100,24922,27115,24091,33207,34508,19586,23501,28093,27474
MXAN_6736,15,11,148,20,21,55,35,47,17,111,61,89,263,226,321,80,98,83,136,190,111,249,140,202
MXAN_6737,24,24,305,49,46,68,70,83,33,179,126,129,182,331,536,91,112,78,163,261,154,1012,222,232
MXAN_6740,15,19,113,22,35,30,51,77,22,104,74,59,92,200,242,42,68,48,65,123,99,155,69,47
MXAN_6741,148,55,140,315,273,172,464,356,179,752,649,452,1072,2475,2872,545,636,420,1161,1159,1004,3820,1259,1034
MXAN_6742,236,237,306,469,694,1050,1106,1229,608,1631,2166,1805,3952,3686,4295,1197,1154,1132,2181,1929,2006,1529,2123,2838
MXAN_6743,210,168,418,279,239,320,614,643,249,695,586,586,509,531,708,277,296,359,212,221,336,332,212,233
MXAN_6744,661,362,461,1300,828,1132,952,377,339,873,270,673,928,747,898,339,391,521,422,286,609,329,430,560
MXAN_6745,240,172,279,385,224,369,374,197,162,482,233,342,612,507,521,286,305,316,376,265,235,287,393,533
MXAN_6746,110,129,277,184,209,216,561,530,291,653,396,444,400,636,598,192,224,212,180,217,226,639,172,146
MXAN_6747,504,457,572,1053,1121,1624,2037,1729,778,2828,1997,2484,3205,3323,3671,1422,1607,1740,1618,1279,1914,1102,1417,1467
MXAN_6751,463,365,637,1117,996,1902,1880,1244,745,3121,1830,2528,4389,3915,4272,1935,1592,1916,3242,2171,2594,3232,2513,3322
MXAN_6752,13,20,99,42,21,20,57,47,10,78,70,29,57,107,150,44,53,16,53,79,33,121,94,91
MXAN_6753,516,530,964,1133,946,798,1008,1013,264,2542,3137,1639,5972,5547,3961,2767,1695,1037,8224,2305,1371,7064,16884,16093
MXAN_6755,775,885,1159,2317,1867,4772,331,497,295,10612,6979,9456,21695,24484,23238,9368,9631,10179,14676,12413,11404,12954,13709,17404
MXAN_6756,550,706,984,1826,1361,3724,202,329,151,7451,5988,7270,20650,18928,19281,9086,10133,10258,16122,13016,12198,11208,13429,19082
MXAN_6759,2150,1987,2724,4062,3075,3269,6995,7490,1995,8225,11587,7319,8043,12350,13265,4840,5946,5621,5895,7037,6998,3612,5156,3816
MXAN_6760,8,7,95,13,27,61,33,54,20,49,28,59,100,98,140,60,57,63,46,45,35,138,68,76
MXAN_6761,78,60,108,147,160,224,269,211,111,367,329,345,495,568,561,323,311,337,381,247,335,252,264,283
MXAN_6762,623,564,788,1403,1407,2159,2175,2275,987,3802,3436,3647,5184,4912,5365,2389,2481,2826,2654,2500,2925,6257,2938,3740
MXAN_7516,137,114,230,304,328,728,522,495,320,869,515,841,1602,1414,1778,610,698,789,888,776,939,1128,882,1335
MXAN_6763,683,679,749,642,561,390,1296,1718,540,2006,1167,1156,865,1590,1702,498,856,652,486,748,750,134,714,440
MXAN_6764,5,0,113,2,2,3,5,17,1,6,6,11,37,22,45,20,18,7,13,26,17,66,29,51
MXAN_6765,61,27,89,94,67,145,161,137,65,176,134,140,190,214,229,127,133,185,96,72,156,59,80,91
MXAN_6766,275,243,551,419,346,564,622,524,261,930,563,799,697,807,1094,474,521,623,312,369,496,430,366,371
MXAN_6767,442,275,492,584,459,599,892,793,312,1407,743,904,689,819,866,415,435,576,312,236,490,337,296,300
MXAN_6768,54,62,250,86,93,102,186,251,86,252,281,208,314,422,477,304,257,210,219,237,132,611,416,323
MXAN_6770,40,34,363,57,71,76,141,202,60,220,261,162,197,354,436,127,166,115,107,180,153,291,195,126
MXAN_6771,329,254,448,736,734,1231,1246,1145,565,2246,1599,1792,3653,2772,3206,1340,1328,1457,1731,1472,1687,1560,1517,1526
MXAN_6773,160,186,191,274,257,522,399,561,212,925,526,752,1495,1172,963,683,683,741,660,482,493,793,775,997
MXAN_6774,119,88,276,241,335,957,372,323,182,1042,627,1038,2650,2291,2186,1457,1407,1655,1424,1019,1266,1890,1505,1919
MXAN_6775,37,44,331,47,67,78,106,168,37,193,211,137,232,300,412,149,192,164,152,180,132,203,171,136
MXAN_6776,32,20,93,43,79,697,52,33,33,259,233,373,3993,1438,1194,1835,1622,1995,1941,678,1084,1966,1988,4382
MXAN_6777,191,129,270,361,296,500,522,357,265,857,553,729,1118,940,1107,500,569,643,660,563,772,613,517,575
MXAN_6778,282,196,334,524,578,714,1022,1020,408,1500,1187,1229,2641,2816,2519,1414,1461,1592,1464,1615,1912,2226,1240,750
MXAN_6780,93,66,154,258,168,282,295,193,93,389,224,351,468,665,776,235,189,166,390,301,393,363,251,220
MXAN_6781,1937,1560,2295,3935,2385,3598,4397,4421,1858,6055,3128,5551,6518,6529,6980,2731,2431,2441,4681,3272,3501,4308,3747,4601
MXAN_6783,35,44,166,75,81,90,108,55,36,152,44,124,221,177,220,121,99,98,145,130,168,38,91,88
MXAN_6784,187,182,256,288,220,305,598,515,300,597,284,438,539,562,658,289,327,355,328,303,341,281,277,212
MXAN_6785,748,508,863,1475,1177,2228,1758,1157,727,2466,1192,2241,3334,2653,2487,1694,1465,1991,1432,925,1597,1138,1585,2473
MXAN_6786,574,504,733,1029,908,1010,1043,1219,458,1401,1219,1138,1889,3125,4114,1143,1341,1217,1501,1742,1754,2530,2291,2395
MXAN_6787,237,205,551,539,667,580,1282,980,396,433,274,365,320,330,425,157,162,178,199,210,170,215,185,235
MXAN_6788,22,11,124,42,65,39,113,100,17,33,43,17,84,102,109,25,48,30,42,81,33,107,81,106
MXAN_6789,976,656,887,1865,1703,3058,2909,2412,1236,4692,3801,4374,9798,10422,11115,5294,5710,5830,7140,6185,6600,5936,6096,7250
MXAN_6790,18,24,126,41,61,205,92,86,44,187,146,236,701,527,453,459,430,391,368,206,197,551,473,668
MXAN_6792,33,36,228,53,37,74,92,74,38,149,81,112,133,166,224,88,89,93,95,98,115,145,116,87
MXAN_6793,35,31,90,50,19,34,57,74,19,115,75,57,63,108,98,32,47,29,50,55,50,32,63,49
MXAN_6794,504,557,819,1049,753,567,1785,2001,758,2235,1808,1581,1239,1746,1666,484,591,661,570,766,807,323,587,442
MXAN_6795,171,88,245,201,249,299,597,499,277,648,404,451,443,548,578,246,300,337,193,212,312,550,192,133
MXAN_6796,152,99,288,274,223,261,346,285,200,559,385,390,504,781,853,283,283,251,313,305,375,627,332,314
MXAN_6797,1,0,41,4,5,17,3,4,7,11,2,8,27,17,33,8,15,21,14,15,17,12,21,33
MXAN_6798,1739,1446,2118,4662,4004,5207,4519,3515,1943,7369,5679,7037,9366,9791,11129,3875,3791,3572,5840,3971,4516,3573,4735,5115
MXAN_6802,8,3,174,4,4,18,19,34,7,18,32,22,39,73,83,16,33,29,27,34,22,77,35,37
MXAN_6804,86,50,270,96,112,182,244,172,98,489,273,374,534,467,497,334,263,298,307,176,259,515,273,326
MXAN_6805,11,9,125,25,16,40,95,88,71,583,268,795,275,323,357,376,287,193,251,96,144,119,147,64
MXAN_6807,174,189,336,277,319,423,432,452,261,694,476,746,1337,1008,829,902,850,1237,544,366,369,382,628,1375
MXAN_6809,59,57,197,130,125,162,198,247,111,351,268,331,518,726,976,320,323,297,422,397,367,1143,482,611
MXAN_6811,172,161,580,364,357,480,546,416,173,604,300,494,637,664,808,296,292,351,285,287,327,331,328,361
MXAN_6813,56,40,127,70,75,143,217,182,118,277,169,228,299,320,327,199,202,259,120,110,212,98,105,67
MXAN_6814,11,13,165,20,20,71,70,48,39,78,37,88,231,207,209,114,164,126,173,136,84,152,222,293
MXAN_6818,112,80,370,215,191,411,375,295,124,556,493,565,755,728,970,459,482,489,472,375,507,764,414,422
MXAN_6821,28,16,59,41,29,73,44,26,28,68,36,93,144,80,97,55,53,89,78,67,53,81,67,91
MXAN_6822,1281,1001,1542,2291,2141,3142,3187,2096,967,6147,3400,4774,7556,7444,6799,3940,4049,3578,3653,3016,3078,4105,5316,5883
MXAN_6823,201,136,401,525,472,864,552,371,177,854,760,1026,1792,1726,1861,995,1153,1082,930,823,887,1146,1268,1424
MXAN_6824,138,127,318,233,205,358,416,368,148,580,449,490,804,801,775,414,483,496,374,325,372,489,497,503
MXAN_6825,431,433,658,937,854,1317,1550,1159,704,2672,1872,2170,3601,3684,3719,1742,1805,1556,2198,1763,1972,4644,2478,2946
MXAN_6826,122,111,279,270,286,503,520,293,164,774,607,702,1207,1333,1769,703,833,823,839,707,865,1042,783,851
MXAN_6827,464,357,554,941,990,831,2078,1865,626,2689,2347,2040,2302,3330,3859,1305,1414,1094,1401,1156,1435,2080,1602,1301
MXAN_6828,296,265,503,520,488,782,991,890,389,1498,1132,1174,2316,2452,2867,1353,1317,1489,1398,1258,1601,1337,1418,1314
MXAN_6830,867,514,643,1970,2235,2209,2986,1688,709,3042,3904,2688,5938,8964,8921,3399,3735,3139,5682,4783,5090,2249,5400,5845
MXAN_6831,470,561,614,948,946,1156,1775,1854,559,2505,2200,1790,2640,4219,4859,1613,1494,1344,2479,3034,2063,2764,2609,2278
MXAN_6832,531,374,487,813,815,987,1684,1228,581,2566,1483,1798,2659,3590,3479,1675,1383,1197,2175,1518,1639,2991,1815,1705
MXAN_6833,70,43,193,104,107,143,222,180,94,492,471,392,1156,1237,877,388,367,321,1134,1167,816,741,635,533
MXAN_6834,269,291,763,587,524,536,972,994,479,1197,953,768,926,1581,2020,483,538,583,506,748,678,1672,708,697
MXAN_6835,353,242,457,877,519,606,862,624,337,938,627,747,1200,1582,1876,579,662,771,805,767,953,458,784,847
MXAN_6837,20,24,41,32,26,51,72,31,26,49,8,32,195,63,72,34,33,69,55,23,35,25,24,62
MXAN_6839,32,35,89,60,54,54,109,69,44,128,54,77,335,268,295,123,115,135,157,108,148,36,122,208
MXAN_6840,7,6,68,11,15,16,15,12,12,29,7,22,48,41,46,13,10,25,13,17,11,8,18,23
MXAN_6841,28,32,228,70,67,112,107,120,49,197,181,148,403,447,648,192,200,163,344,358,273,526,383,495
MXAN_6842,7,8,99,30,25,67,34,32,25,53,51,62,176,209,291,108,129,115,189,202,140,369,172,241
MXAN_6843,12,12,170,26,13,25,44,39,35,181,58,142,146,131,154,77,82,78,144,115,119,68,111,135
MXAN_6846,11,6,143,20,10,18,17,22,5,32,30,32,53,67,88,29,33,29,22,19,23,40,33,42
MXAN_6848,5884,2035,2823,11068,7409,11578,8908,4602,3614,14548,7822,13744,17550,20504,15260,10570,10233,10590,10128,4842,10549,8280,12657,14958
MXAN_6849,7574,6985,9284,12313,13848,16652,18051,19477,7620,37089,49203,36301,40162,57540,54399,21772,21788,18474,21210,25268,20269,20911,30621,25177
MXAN_6850,533,473,727,993,799,810,1329,1147,451,1705,1261,997,1248,1414,1648,679,710,649,675,679,796,822,948,894
MXAN_6851,2791,1881,2292,4743,3384,4192,5121,4403,2025,7088,5268,5099,5779,7494,8258,2926,3042,2797,3530,3854,3864,5316,4853,4666
MXAN_6854,40,29,194,102,88,167,134,90,37,161,207,232,583,540,627,274,272,260,546,364,374,436,438,558
MXAN_6855,496,476,1074,892,813,2058,721,905,385,3945,3629,4037,10862,13283,11552,5867,6403,5098,6626,6645,3189,14543,10530,12750
MXAN_6857,13,11,170,13,14,26,6,16,3,51,30,44,134,98,149,118,117,66,74,60,23,228,167,173
MXAN_6858,14,17,153,25,20,46,33,44,14,100,87,87,189,181,218,152,170,91,118,118,78,287,310,243
MXAN_6859,90,88,198,169,234,310,387,464,116,786,640,643,857,858,989,424,472,369,414,422,413,334,438,362
MXAN_6860,6742,7234,10927,17325,14489,9408,20332,27816,5813,33121,61375,26610,32555,77908,93150,19025,23482,14663,34773,66256,27856,71149,47585,30148
MXAN_6861,800,785,803,2101,1849,3280,3537,3713,1549,6355,3678,4995,8495,8132,7982,4169,4111,4100,5722,4418,4849,5282,4879,4963
MXAN_6862,2889,2198,2343,7548,6609,12750,8153,6762,3273,19626,13835,20410,30676,25587,23104,12960,13149,14870,18456,11574,16219,3778,12751,14602
MXAN_6863,553,537,782,913,1021,1040,1832,2192,776,3643,2920,2310,4040,6226,7438,2108,2551,2115,2783,3752,3079,3224,3176,2534
MXAN_6866,517,427,671,1100,901,1346,1812,1670,674,3079,2513,2534,4926,5693,6443,2563,2470,2141,4465,3214,3694,4350,2926,3013
MXAN_6867,141,90,365,364,205,236,232,131,65,147,111,115,155,218,286,86,88,73,135,156,115,918,196,163
MXAN_6868,324,401,363,391,436,376,1124,1713,540,1674,1095,925,1271,1693,1711,731,821,770,580,591,805,500,513,273
MXAN_6869,38,29,83,58,85,201,167,175,67,251,116,196,384,266,360,228,241,311,135,106,220,139,108,113
MXAN_6872,9,22,39,33,32,42,111,87,47,75,28,81,134,105,153,50,77,70,87,78,82,29,95,128
MXAN_6874,73,51,173,167,106,167,507,414,177,424,256,286,536,521,559,273,281,249,355,282,294,536,311,500
MXAN_6875,22,20,97,53,39,100,148,131,73,128,96,90,222,220,241,130,113,92,151,144,143,139,122,185
MXAN_6877,758,462,700,1259,1131,1050,2041,1486,758,2566,1530,1791,1162,1794,2196,789,828,969,525,594,1113,1690,856,744
MXAN_6878,235,197,351,529,418,611,645,506,290,875,534,747,824,801,925,385,428,559,317,294,534,555,357,426
MXAN_6880,259,609,922,867,2298,1948,1946,5079,1167,5368,9405,4758,6436,3012,1144,306,276,1789,5422,1549,360,4114,1016,741
MXAN_6881,13,2,98,21,14,63,25,26,8,78,45,77,143,130,112,83,105,84,100,59,53,40,92,121
MXAN_6882,184,194,465,377,499,399,1000,970,309,1136,1286,880,911,1261,1551,511,553,354,635,664,539,888,631,527
MXAN_6883,937,573,1031,1365,1242,2576,1279,902,485,4936,3320,3762,6928,7532,6096,4067,3803,3292,3092,1947,2589,6964,4348,4159
MXAN_6884,577,528,688,1931,2384,2720,4136,2096,719,3207,3184,3991,3865,4363,4060,1671,1966,2284,1813,1114,2809,1032,1273,1349
MXAN_6885,276,240,882,614,676,927,1475,1409,664,2020,1735,1867,3202,4149,5057,1305,1557,1271,2341,2628,2129,3210,2340,2028
MXAN_6888,4,1,45,12,14,14,14,25,6,29,24,19,44,80,83,25,31,27,39,48,38,211,38,53
MXAN_6889,201,218,375,455,473,1017,654,641,282,1392,1488,1433,3770,3425,3245,1906,2013,2002,3053,2327,1800,1766,2974,3914
MXAN_6890,90,87,177,210,241,533,371,442,211,697,700,733,1921,1722,1985,1020,1197,1082,1293,1107,974,1336,1160,1362
MXAN_6891,269,177,459,682,539,1166,964,669,408,1548,883,1310,2133,2218,2504,1048,956,1213,1469,1199,1505,858,1286,1816
MXAN_6892,224,215,596,426,379,658,631,745,300,1316,1244,1157,1983,2026,2100,1180,1297,1147,1148,1100,877,1147,1548,1693
MXAN_6894,131,85,239,212,191,405,435,363,188,716,453,646,894,827,891,395,354,367,554,378,464,571,341,443
MXAN_6895,1405,1347,1648,2932,2012,1965,4394,2866,1512,5440,2910,3808,5896,7571,8858,2506,2990,2623,4919,5032,4266,978,3337,2981
MXAN_6898,291,252,453,640,572,943,1098,991,442,1628,1009,1479,2681,3178,3793,1384,1521,1415,2127,1976,2114,1615,1662,1702
MXAN_6899,212,202,330,413,408,521,1009,893,441,1239,755,1031,1079,1309,1552,658,781,902,510,520,757,523,437,517
MXAN_6901,10,5,127,10,3,7,17,13,4,18,12,22,34,37,56,13,16,17,15,23,14,28,27,15
MXAN_6902,102,60,218,160,139,242,272,249,153,500,369,443,580,692,790,378,372,402,435,322,433,517,434,420
MXAN_6903,132,90,248,253,292,568,587,507,251,927,735,801,1423,1383,1485,651,734,719,743,619,942,1879,885,1003
MXAN_6904,39,43,268,99,116,249,188,168,108,457,281,456,752,700,806,446,436,383,400,355,283,780,545,608
MXAN_6906,9,11,106,24,19,48,27,29,14,65,38,65,117,90,141,46,37,72,65,50,52,107,73,103
MXAN_6907,51,25,108,73,44,79,75,51,29,161,73,97,222,219,225,103,101,98,158,126,123,63,146,150
MXAN_6908,696,590,874,1242,1232,2040,1645,1083,559,3520,2369,3107,4668,5239,4726,2390,2854,3018,2228,1753,2072,1825,3205,3665
MXAN_6909,103,119,212,144,160,249,268,335,84,477,348,476,609,598,592,340,413,342,257,252,271,184,386,317
MXAN_6910,600,695,825,1100,1180,1066,2327,3003,842,3270,4358,2103,3303,4617,5107,1549,1962,1864,2106,2758,2597,1771,2080,1558
MXAN_6912,183,107,259,226,171,393,259,133,77,493,191,339,427,405,532,212,236,257,149,159,212,316,252,295
MXAN_6914,5,6,50,8,15,20,32,30,7,48,28,46,64,71,102,44,37,39,20,42,26,76,22,20
MXAN_6916,281,226,366,558,516,1098,1047,1105,416,2137,1420,1760,2793,2762,2549,1772,1783,1765,1385,1182,1382,893,1113,829
MXAN_6917,4,3,30,8,7,15,15,17,9,18,19,17,26,51,71,25,26,33,20,32,43,13,26,26
MXAN_6918,10,20,57,26,30,70,57,40,19,56,64,81,171,184,236,99,105,114,94,97,152,138,90,109
MXAN_6919,32,22,134,43,59,48,67,80,33,98,89,129,104,133,200,75,88,68,63,93,85,208,75,77
MXAN_6920,173,181,321,139,174,95,319,523,133,555,857,382,216,422,467,135,169,108,113,166,144,334,160,101
MXAN_6921,356,286,290,723,779,1300,1111,901,515,2085,1235,1717,3232,3371,3424,1724,1923,2316,1577,1103,2268,956,1413,1792
MXAN_6922,2835,2466,2523,4880,5305,5367,11590,14164,4881,15689,15240,11194,12759,18571,19485,6904,7522,7730,5695,6351,8443,5882,6332,6082
MXAN_6923,2751,2157,1876,4886,5408,8106,13776,8262,4549,14754,6400,11082,19077,17554,17747,8993,9900,13146,6365,5639,11269,2769,5657,5457
MXAN_6924,58,42,211,74,89,69,212,369,93,299,303,215,280,484,504,187,218,198,96,197,194,166,108,69
MXAN_6925,788,655,574,1373,1109,1595,2557,2230,1262,3732,2085,2665,5657,6321,5448,3022,3539,4527,2472,2202,4511,423,1733,900
MXAN_6926,7,1,50,11,9,16,26,29,12,41,25,17,40,55,86,22,32,34,16,35,30,84,43,32
MXAN_6927,53,35,103,84,87,141,172,195,72,287,190,242,413,523,640,256,290,230,342,393,300,501,358,368
MXAN_6930,5654,4250,5260,8380,6728,7524,14432,12035,5784,27176,13572,16448,19849,25022,23004,9839,8934,7731,11640,10560,10338,12630,13720,16034
MXAN_6931,802,589,773,1270,939,1042,1035,1078,355,1299,1013,905,847,1131,1407,343,373,416,468,469,700,787,829,834
MXAN_6932,797,607,1041,1325,1176,1215,2356,1860,860,3418,2269,2471,2323,3026,3320,1234,1311,1153,1191,1158,1745,1138,999,712
MXAN_6933,340,272,488,663,508,701,1100,818,285,1329,1213,1108,1526,1902,2023,736,740,801,1300,941,1146,840,1058,1135
MXAN_6934,2010,1495,2241,2975,2351,2224,3625,3160,1343,3863,2719,2963,2159,3314,4106,1234,1362,1373,1179,1439,1918,1779,1791,1716
MXAN_6935,84,69,403,133,129,201,246,251,109,338,281,302,440,516,627,242,258,227,292,265,298,795,346,448
MXAN_6936,122,127,364,174,213,182,470,780,197,581,917,466,520,1051,1550,315,486,378,452,907,556,390,591,446
MXAN_6937,19,12,124,43,47,34,72,67,21,97,164,72,180,329,443,112,113,59,173,205,112,425,475,521
MXAN_6938,485,390,717,749,635,869,2160,1547,817,1725,1144,1276,2116,2336,2527,906,996,948,1545,1420,1488,1514,1224,1495
MXAN_6939,115,99,262,167,208,374,373,348,222,690,482,557,1126,1033,1385,476,555,582,662,698,776,822,651,955
MXAN_7517,430,578,1061,724,995,776,1520,1905,667,2125,2088,1761,1901,2610,2711,1053,1193,946,1070,1254,898,2708,1817,1665
MXAN_6943,153,165,327,179,308,246,658,1252,359,1159,1151,683,956,1416,1626,457,403,342,503,723,479,1130,645,546
MXAN_6947,27,21,55,31,25,119,22,23,22,173,95,174,414,381,283,233,221,186,308,230,88,382,381,429
MXAN_6948,91,56,244,94,121,258,140,113,37,454,388,467,1238,966,776,495,660,569,725,648,292,487,829,893
MXAN_6949,90,82,181,121,226,294,203,207,67,518,711,726,1273,1145,982,612,734,597,582,512,319,629,675,646
MXAN_6950,1061,988,1645,1549,1315,2430,1846,1941,784,5686,3677,4936,7101,7274,6629,3333,3923,3568,3646,3205,2002,3833,4558,4685
MXAN_6951,164,189,613,262,341,697,482,474,209,1291,1327,1169,2374,2774,3261,1264,1633,1308,1307,1588,981,2194,1983,1593
MXAN_6952,71,65,210,114,101,252,137,104,53,383,287,394,696,717,806,357,411,364,350,351,295,697,461,412
MXAN_6953,206,178,516,276,339,897,418,317,178,1565,1053,1403,3900,4085,3356,2276,2585,1809,2657,2526,1166,5100,4303,5380
MXAN_6954,50,36,386,82,70,112,116,120,55,242,183,186,314,588,725,212,278,217,284,368,298,306,368,389
MXAN_6955,225,244,479,537,516,913,769,1065,402,1812,1513,1443,4593,5176,6176,1907,2079,1962,3484,3385,3098,3188,2560,2790
MXAN_6956,8,1,91,11,10,12,8,20,8,38,20,29,156,162,162,123,100,59,119,107,44,291,220,228
MXAN_6957,85,81,422,172,150,386,177,195,98,584,460,562,1993,2163,1908,1497,1401,1182,1152,1347,602,8322,3219,4118
MXAN_6958,213,233,382,537,395,647,586,437,249,998,506,864,1705,1538,1757,643,773,924,926,760,964,301,799,1244
MXAN_6959,74,46,232,85,124,333,50,48,24,318,386,441,1300,1562,2005,741,923,852,628,732,698,1265,1159,1168
MXAN_6960,40,56,135,68,74,210,32,36,17,241,254,261,784,697,729,355,433,420,340,395,246,423,486,429
MXAN_6961,322,395,995,453,617,2248,191,188,78,2679,2109,2722,9969,8004,9556,4771,5539,5268,5515,4972,3297,6699,7888,8256
MXAN_6963,21,31,53,40,32,143,10,12,8,196,158,216,654,707,692,353,447,321,363,486,159,987,615,693
MXAN_6965,2070,1864,3550,2893,2270,3327,614,700,208,11091,20635,9057,19093,30775,19402,10493,12583,6934,14174,18515,3579,12931,27151,19900
MXAN_6966,342,260,806,466,496,1206,385,368,177,2506,2223,2400,4058,4150,3159,2500,2746,2179,1765,1697,1039,2856,2722,2431
MXAN_6967,686,569,1057,1503,1608,1733,2469,2360,616,2685,4368,2557,5751,9180,11362,2827,3167,2565,4674,6762,3920,7966,7517,7226
MXAN_6970,87,107,402,114,110,78,197,307,74,326,317,211,300,500,560,146,206,163,217,367,252,642,292,280
MXAN_6972,393,236,488,823,615,1300,845,526,265,1699,969,1395,4693,4059,3765,2147,1807,1778,4963,2757,2366,4522,3653,5516
MXAN_6973,52,54,98,91,84,77,178,186,66,207,162,169,253,397,402,153,191,130,265,332,166,197,208,161
MXAN_6974,40,23,88,96,79,110,176,102,69,253,174,218,283,337,355,169,138,163,199,177,183,674,150,133
MXAN_6975,17,7,215,23,14,27,39,30,14,35,36,23,42,72,112,28,30,18,42,58,26,446,62,67
MXAN_6978,6,11,31,16,21,25,42,34,14,50,19,26,200,120,111,83,45,49,95,71,40,46,72,122
MXAN_6979,87,41,225,115,111,206,271,236,104,380,268,302,686,560,464,268,260,217,397,307,210,263,263,349
MXAN_6980,18,28,90,34,35,28,87,113,17,81,75,70,165,126,112,61,85,52,91,94,62,53,69,81
MXAN_6982,55,32,154,95,64,140,131,118,61,175,106,147,214,158,169,87,105,121,82,69,117,75,78,78
MXAN_6983,35,24,131,44,47,64,74,110,60,118,101,73,105,143,178,52,58,57,84,80,82,44,75,79
MXAN_6984,281,333,517,543,705,710,1489,1696,671,1364,1024,1280,1007,1286,1371,633,632,629,543,543,695,681,605,647
MXAN_6985,1570,1494,1365,3170,3326,4241,4973,4442,2213,5078,2918,4661,3314,2893,2785,1733,1867,2536,1420,998,2071,819,1344,1932
MXAN_6986,385,345,573,855,679,1436,1276,927,498,1953,903,1525,1956,1524,1659,721,716,1006,796,526,1080,419,460,683
MXAN_6987,1739,1541,1667,3058,2812,3522,6951,4985,2838,6403,2713,4454,3854,4549,4800,1534,1717,2093,1556,1760,2270,1123,1193,1306
MXAN_6988,975,773,877,1986,1732,2438,3933,2294,1379,3355,1363,2918,3085,2563,2359,1133,1128,1576,1231,827,1524,308,678,834
MXAN_6991,69,48,82,122,107,250,135,87,72,284,217,287,1511,893,649,836,733,822,1039,383,568,731,720,1753
MXAN_6992,9,14,100,15,30,42,37,35,14,53,36,40,161,253,267,182,163,115,195,150,79,373,249,391
MXAN_6993,14,10,171,15,10,20,8,20,1,42,41,36,111,107,127,131,117,61,95,89,39,195,311,440
MXAN_6994,20,16,275,28,24,58,15,16,6,141,133,122,252,301,288,130,148,93,152,130,55,385,171,140
MXAN_6995,4,4,31,3,13,12,0,3,1,46,24,24,84,123,94,39,65,28,75,88,14,87,97,65
MXAN_6996,688,557,1065,868,827,2371,268,264,134,4990,4056,4022,10148,10681,6642,5643,5625,4019,7065,6312,1808,16670,8977,9000
MXAN_6998,2430,2879,3012,4427,6160,6045,9861,12262,3978,13616,17295,11088,15941,24218,26541,7158,7452,7050,10645,12650,13402,23466,10967,7866
MXAN_6999,60,60,119,194,162,476,360,254,179,161,133,268,354,306,435,193,225,347,285,271,480,132,142,172
MXAN_7000,2255,2413,2190,2792,3830,3981,6398,5177,2686,3270,2281,2730,6528,6234,5075,4308,4326,4766,3667,2670,2184,5775,5415,8636
MXAN_7001,39,36,116,72,77,305,31,26,11,383,285,358,1911,1385,856,735,784,509,1781,1308,271,1199,1661,2218
MXAN_7003,91,90,439,114,139,317,157,186,94,665,603,535,1438,1553,1384,787,851,604,960,901,414,2354,1394,1413
MXAN_7004,45,61,80,66,54,127,43,39,17,230,172,229,592,703,566,345,400,324,577,394,209,379,490,478
MXAN_7008,377,397,915,607,523,570,1074,1346,451,1583,1638,1240,1653,2243,2214,786,899,751,978,1160,1085,1012,926,858
MXAN_7009,171,98,298,216,210,264,444,325,160,677,366,499,623,771,833,336,321,289,442,330,453,509,381,363
MXAN_7010,10,26,77,27,45,50,64,69,22,125,131,103,150,240,388,67,111,92,134,198,162,282,147,131
MXAN_7011,57,77,286,174,164,290,307,300,135,585,300,495,809,656,829,304,314,362,493,390,464,443,424,515
MXAN_7012,205,291,457,263,354,174,698,1124,261,1004,1338,517,680,1273,1380,337,416,257,509,687,399,959,851,635
MXAN_7013,284,168,296,535,386,587,562,393,141,661,528,641,731,807,977,332,377,344,503,461,567,586,485,625
MXAN_7014,60,44,96,146,114,126,186,239,77,295,277,237,318,452,475,124,161,143,300,250,220,130,313,264
MXAN_7015,48,28,212,44,38,73,112,122,67,190,152,143,189,265,373,155,167,122,86,130,102,219,173,144
MXAN_7016,25,20,145,33,39,48,72,56,32,133,67,97,164,172,217,125,116,100,64,77,60,176,124,72
MXAN_7017,52,34,232,138,115,187,198,246,67,316,375,253,496,612,713,309,334,271,262,349,240,422,444,329
MXAN_7018,29,13,268,36,24,70,48,38,17,137,74,111,186,181,215,152,138,118,90,68,65,169,176,118
MXAN_7019,13,11,87,23,27,13,41,41,9,95,93,59,108,128,158,109,100,83,70,70,29,73,145,54
MXAN_7020,46,47,454,80,70,97,109,155,45,293,329,230,340,428,558,327,404,329,252,335,147,692,568,277
MXAN_7021,109,74,196,138,97,378,122,107,46,340,210,349,782,549,432,468,475,428,503,307,154,771,648,800
MXAN_7022,168,102,415,177,261,516,607,509,311,1763,764,1379,1432,1296,1184,900,926,1184,871,671,763,841,533,550
MXAN_7023,1330,1998,2746,2164,2223,2160,4298,6419,1585,7269,7936,4494,31628,39017,26974,15996,16015,11739,35048,44704,10384,25570,18040,23032
MXAN_7024,286,310,541,512,478,843,1084,969,313,1816,1362,1499,3491,4085,3877,2139,2184,1782,2442,2199,1812,4931,3727,4437
MXAN_7025,1324,983,1551,2955,2930,4453,5281,3874,1910,8184,6569,7475,14211,15157,16680,6312,6580,6366,10107,8083,10012,11327,8129,9128
MXAN_7026,212,181,221,303,363,851,1011,689,468,1110,516,1124,2776,2287,2334,1362,1734,2337,1039,1005,1842,386,737,439
MXAN_7027,165,233,492,395,482,789,723,790,389,1529,1572,1669,5087,4979,5056,3184,3468,3569,3416,3199,2698,7011,5054,8692
MXAN_7029,1124,852,1065,2189,2218,2883,5081,3958,2005,8005,5426,5149,5464,5671,5271,2342,2266,2511,2461,2063,3379,2187,2103,1759
MXAN_7030,6,6,40,26,29,100,27,37,26,82,57,72,595,795,1147,288,330,275,761,937,541,1077,836,1112
MXAN_7031,30,19,237,53,39,55,66,74,35,144,78,105,253,258,304,103,108,109,223,243,137,320,206,206
MXAN_7032,63,63,178,173,240,470,359,653,275,802,962,790,1534,833,561,287,299,1028,959,344,448,293,406,610
MXAN_7033,501,542,807,675,948,1233,2222,3111,982,4109,4992,2639,4143,7812,8033,2579,2626,1918,3209,4477,2565,5349,5094,4610
MXAN_7037,1827,1858,2311,5711,5629,10200,4755,7526,2532,19733,19711,16663,48812,56072,56505,18460,19140,18618,34485,31520,35173,25708,30931,38151
MXAN_7038,1490,1884,2623,2864,2527,1612,4778,5850,1508,8249,9031,5112,7630,10960,13718,3353,3502,2843,4632,6719,5255,9320,6550,5604
MXAN_7039,3680,2203,2430,12209,6218,9758,14896,6151,4576,28558,9094,20149,66792,41526,43443,18566,17882,24333,26068,19492,25694,6366,16176,26476
MXAN_7040,837,372,575,2337,1049,3935,2633,1354,1344,5531,1748,4277,20296,9831,8583,5662,4922,9014,7637,3568,9336,3125,3767,9719
MXAN_7041,142,143,369,263,285,413,477,458,201,1052,643,661,772,789,982,459,453,418,282,221,380,755,376,352
MXAN_7042,542,443,616,718,842,1145,1332,1347,639,2330,1602,1652,1940,2424,2760,1127,1251,1185,764,919,1255,1816,1163,784
MXAN_7044,15,23,143,50,28,61,49,54,19,112,73,94,279,259,335,122,117,121,200,178,168,223,148,159
MXAN_7045,10,3,33,13,24,31,23,20,4,44,25,27,82,70,90,46,36,32,55,38,66,17,33,39
MXAN_7046,115,74,217,164,140,261,205,208,114,513,313,330,758,608,618,338,275,246,448,338,381,258,305,241
MXAN_7047,139,90,204,198,137,123,283,244,98,513,439,285,592,945,934,386,346,236,455,488,402,665,404,299
MXAN_7048,749,497,736,1357,1355,1784,2612,2123,1018,4059,2458,2792,3396,3320,3869,1485,1293,1299,2148,1786,2133,1937,1653,1361
MXAN_7049,100,75,108,189,164,278,272,232,123,474,265,332,507,583,700,266,233,222,383,296,390,568,282,252
MXAN_7050,949,671,921,1406,1250,1636,2699,2696,1727,5780,3783,3068,3573,5096,4948,1823,1989,1828,2727,2581,2695,2788,2554,2413
MXAN_7051,35,27,84,74,76,109,128,120,70,220,153,166,292,359,382,140,147,119,248,261,167,126,195,168
MXAN_7053,1,4,132,9,2,12,8,21,8,14,8,13,20,20,51,8,20,11,15,18,11,67,24,16
MXAN_7054,14,11,141,9,15,16,19,51,17,45,33,38,52,52,90,36,27,31,25,27,21,103,40,49
MXAN_7056,1,4,69,0,7,7,12,9,7,25,23,14,35,18,54,20,21,11,10,28,14,266,36,48
MXAN_7057,158,143,436,255,270,394,415,410,215,1042,779,796,1072,1342,1182,661,714,629,638,570,479,1074,776,945
MXAN_7058,34,26,115,86,81,249,102,67,40,271,186,260,699,458,442,303,333,357,340,223,226,536,502,742
MXAN_7059,33,35,336,43,48,47,109,134,39,169,160,121,157,284,316,109,105,78,111,158,103,277,162,189
MXAN_7060,1877,1202,1456,2901,1740,1951,2407,1629,935,3058,1883,2087,1858,1823,2029,745,708,813,966,661,1069,747,1126,1289
MXAN_7061,1330,1228,1542,2483,1783,1558,1654,1412,681,1138,1229,866,2472,2981,2893,3462,3133,2929,3602,3991,2425,1730,5079,5834
MXAN_7062,1179,1005,1329,1948,1505,1656,2910,3253,1201,4854,3200,3559,4200,5497,5747,2075,2256,2215,2529,2081,2696,1752,2499,2284
MXAN_7064,220,175,265,550,399,1231,480,422,207,1009,688,1269,4007,2447,2491,1362,1434,1749,2279,1072,2167,2052,1536,2714
MXAN_7065,22,32,127,88,63,107,90,65,32,240,122,186,836,789,863,314,289,285,726,632,522,633,538,704
MXAN_7066,675,708,1041,988,667,479,1356,2056,522,1651,1533,1149,1159,1762,2020,501,426,385,681,771,766,866,986,1019
MXAN_7067,69,70,163,141,99,102,127,135,62,123,92,93,123,128,171,26,39,64,48,50,56,29,60,66
MXAN_7068,37,30,146,64,59,96,129,151,85,186,131,151,205,213,315,137,120,127,112,140,113,153,132,110
MXAN_7070,96,61,305,233,167,318,357,213,137,437,172,378,547,443,542,234,302,359,265,196,319,124,180,242
MXAN_7071,75,50,102,89,113,156,255,200,99,297,220,204,400,376,389,159,201,210,194,170,222,61,142,185
MXAN_7072,25,22,229,85,85,137,107,141,57,182,121,127,242,308,449,88,116,99,180,249,140,175,212,215
MXAN_7074,40,47,171,90,98,81,164,180,65,202,221,151,270,407,482,122,107,87,191,228,223,236,191,164
MXAN_7075,2,6,45,1,7,7,23,12,4,24,12,20,19,26,43,18,21,17,4,13,21,7,7,12
MXAN_7077,33,29,197,55,53,44,117,140,33,132,77,98,90,158,223,60,47,44,54,83,80,206,53,75
MXAN_7080,0,5,71,4,7,6,10,9,3,12,4,9,30,15,26,8,13,14,9,12,15,3,5,9
MXAN_7081,147,139,292,189,221,249,447,511,230,556,534,432,565,616,679,231,243,275,272,291,326,489,253,282
MXAN_7082,149,134,727,221,270,336,643,570,252,933,754,790,1060,1077,1455,562,512,492,583,506,705,662,453,437
MXAN_7085,28,27,44,57,54,137,143,83,53,190,61,171,384,354,292,131,147,254,128,105,260,80,162,217
MXAN_7086,35,22,74,79,76,108,143,114,59,114,135,146,172,151,232,72,64,97,69,80,95,189,66,71
MXAN_7087,740,685,872,1303,1482,1322,2429,2452,1093,2907,2790,3187,2292,2982,3032,1305,1594,2014,760,941,1393,641,760,677
MXAN_7088,94,94,141,109,125,131,166,349,100,397,232,318,366,332,364,147,139,211,65,66,133,182,106,127
MXAN_7089,514,325,437,814,797,1369,1171,956,520,1442,1371,1697,2189,1616,1402,1153,1087,1854,514,348,993,230,394,541
MXAN_7090,1718,1318,1775,3215,2161,2262,2553,2212,957,3704,2862,3040,2884,3367,2662,1473,1577,1958,1298,824,1540,475,2159,2625
MXAN_7091,1362,1244,1356,2046,1697,2436,2497,2092,1057,4070,2226,3116,3772,4056,3599,2165,2495,2608,1824,1357,1935,1870,2571,2850
MXAN_7092,34,34,81,74,138,304,281,274,140,329,303,362,542,553,676,291,366,418,421,327,511,597,438,624
MXAN_7093,705,423,447,1050,1017,1292,1493,872,497,1825,583,1103,1662,1492,1449,1152,999,1206,726,415,893,259,479,413
MXAN_7094,1941,1536,1348,3630,3158,3503,4407,2190,1445,4516,1695,3063,4046,3642,3796,2641,2364,3061,1840,1293,2418,895,1378,1205
MXAN_7095,410,231,301,868,691,970,982,511,342,1235,601,855,1063,1084,888,760,712,942,488,315,693,172,335,288
MXAN_7096,168,354,351,178,191,71,231,566,86,354,379,164,176,444,572,121,181,110,121,208,148,1494,213,126
MXAN_7097,50,25,201,52,37,105,139,81,52,180,117,148,342,291,323,225,125,142,293,165,169,402,229,269
MXAN_7098,19,10,116,31,30,17,41,38,10,69,54,38,52,97,100,38,36,11,48,49,25,385,135,93
MXAN_7100,2,5,107,4,9,7,15,31,4,18,26,16,62,67,104,87,110,63,31,38,30,219,109,83
MXAN_7101,4,3,50,5,16,5,25,43,10,38,45,22,62,91,106,99,84,46,65,73,25,271,226,77
MXAN_7102,7,8,175,21,14,21,21,32,8,51,49,54,293,322,333,695,477,347,281,229,80,993,794,607
MXAN_7105,87,113,251,144,136,95,407,489,148,374,239,230,203,341,421,137,115,146,77,114,143,161,78,70
MXAN_7106,80,65,233,110,108,120,229,195,86,255,215,224,327,443,519,181,200,186,274,235,275,136,250,286
MXAN_7108,62,28,148,122,98,232,125,88,52,249,167,277,800,510,579,312,292,271,586,361,303,508,553,813
MXAN_7109,190,204,306,373,363,630,772,525,247,980,439,814,1719,1494,1778,787,790,889,898,653,1207,916,852,1013
MXAN_7110,8581,6639,7901,14358,16149,17932,28142,28789,10294,47132,40517,36629,63888,83047,78567,28759,28319,25967,35402,27516,42736,18505,30699,26448
MXAN_7111,48,56,199,94,71,98,154,156,54,467,342,267,680,627,640,203,165,196,483,384,395,511,401,388
MXAN_7112,492,387,565,1390,698,667,1536,972,554,6917,3333,3652,19114,15428,15139,3478,2982,2662,13483,11355,9585,8408,9192,11288
MXAN_7113,354,246,430,1038,599,612,1270,1006,378,4057,2562,2350,17249,16339,15797,3689,3893,3643,16557,10344,12662,11768,10703,17118
MXAN_7115,17,11,189,24,21,52,61,38,20,167,85,95,234,207,320,92,102,67,244,186,166,310,193,221
MXAN_7117,19,16,126,34,45,72,98,61,43,183,90,175,320,242,304,123,128,122,220,208,167,120,241,246
MXAN_7118,165,110,391,298,248,438,638,520,259,1031,571,807,884,1031,1237,524,538,606,567,489,566,843,511,504
MXAN_7119,244,244,410,331,327,565,806,1138,469,1483,800,1124,1272,1332,1392,702,724,870,513,453,733,595,556,490
MXAN_7120,25,32,141,41,29,102,148,170,39,115,99,133,314,374,399,402,364,390,184,212,148,346,409,255
MXAN_7121,157,150,240,218,281,229,491,683,232,966,942,597,977,1239,1494,462,490,367,784,812,687,842,701,578
MXAN_7122,9,8,135,14,19,31,24,38,8,51,34,29,55,75,128,34,31,30,35,46,37,51,36,49
MXAN_7123,22,19,168,46,23,52,62,90,23,126,93,73,212,294,291,238,194,144,266,173,88,374,260,233
MXAN_7125,12,17,105,46,34,57,81,75,35,110,87,94,122,137,196,66,79,82,58,78,82,92,67,60
MXAN_7126,103,81,112,173,144,162,301,272,114,373,231,281,445,630,777,275,298,245,241,272,351,477,286,284
MXAN_7127,598,413,578,1022,905,1022,1821,1495,707,2541,1639,1931,2596,3306,3958,1295,1359,1411,1517,1434,2044,2115,1564,1633
MXAN_7128,16,23,68,28,31,36,66,72,38,93,82,84,158,166,196,80,73,86,97,86,96,142,83,116
MXAN_7129,168,114,165,325,235,273,448,386,207,658,472,467,575,1007,1219,302,294,277,369,426,456,450,231,218
MXAN_7131,265,348,413,518,439,342,853,1607,353,1383,2267,934,1249,3048,4193,494,625,494,972,2297,1070,2655,1016,952
MXAN_7132,165,117,166,332,284,344,517,524,236,807,847,637,1081,1336,1632,364,449,429,823,920,766,389,590,647
MXAN_7134,1646,2251,2588,3884,2874,2356,4971,5041,2001,6008,5892,3910,8525,11801,12484,2952,3313,2637,7140,11290,5291,2576,5089,4207
MXAN_7135,567,766,867,1505,979,863,2019,1784,720,1805,1241,1391,2487,2646,2904,729,812,783,1763,2587,1192,857,1082,987
MXAN_7136,459,410,547,1078,586,658,1266,940,522,1151,863,892,1157,1395,1263,411,426,375,937,968,597,231,469,391
MXAN_7137,293,276,341,634,485,631,997,677,368,1153,789,897,1414,1627,1445,513,542,402,1024,858,671,499,510,432
MXAN_7139,51,31,165,49,63,180,187,181,92,270,239,234,362,373,540,216,241,244,183,155,211,218,229,146
MXAN_7140,459,437,846,657,632,550,1379,1368,512,2415,1606,1466,1817,2353,2572,935,849,683,1087,1095,917,1635,1138,1002
MXAN_7141,27,24,108,64,78,81,293,563,143,359,238,267,309,335,328,105,108,187,164,121,181,47,140,225
MXAN_7142,666,502,908,883,856,1162,2191,1685,789,1954,1739,1631,3184,4354,3974,1715,1965,1578,1275,1285,1353,1673,1154,1004
MXAN_7143,2115,2388,3727,2613,2950,2780,8209,7408,2364,6672,7600,4745,8989,12963,13545,4329,5132,3612,3629,5083,3687,5184,4639,3094
MXAN_7144,142,72,117,232,166,475,386,192,132,328,183,299,1524,1078,898,620,596,573,497,356,439,781,460,628
MXAN_7147,1919,1409,1765,2020,2123,2056,5752,4311,1610,4831,3598,2659,8170,9122,9531,4350,3261,1793,4506,3541,2732,7965,7961,8210
MXAN_7148,189,179,400,317,309,505,497,417,202,1023,517,781,1557,1316,1346,708,743,887,686,603,666,684,822,829
MXAN_7149,834,762,1372,859,852,2085,567,650,236,5269,6139,4040,8385,10686,6678,5456,5949,4525,4614,6043,1568,22935,9475,6862
MXAN_7150,61,53,108,79,67,236,63,74,26,337,221,380,831,643,488,472,572,518,381,319,147,181,482,536
MXAN_7151,237,207,323,460,407,569,580,532,198,1040,1038,1009,989,1282,1485,487,604,622,577,624,704,322,615,543
MXAN_7154,7,3,91,8,11,21,26,23,14,30,28,37,49,38,61,29,23,28,24,24,19,46,20,32
MXAN_7155,29,10,214,14,10,23,31,43,19,61,40,46,65,51,127,24,36,31,30,28,32,72,36,57
MXAN_7156,152,76,281,266,215,576,430,326,169,724,380,812,1606,1113,1298,597,653,818,748,534,779,580,688,949
MXAN_7157,180,106,259,343,333,980,456,281,224,1097,582,1118,2235,1490,1494,1040,862,984,1073,680,926,880,950,1379
MXAN_7158,1282,931,1488,2297,1844,4086,2652,1796,1192,8024,3646,5587,13772,10906,10277,5861,4937,4681,7895,5933,4962,8670,9114,12249
MXAN_7160,812,773,1272,1347,1449,1583,3114,2936,1299,4076,3102,3397,3165,4297,4522,1615,1908,2086,1563,1321,1982,2316,1799,2527
MXAN_7162,72,45,576,96,80,139,184,178,85,212,140,167,254,255,380,121,150,117,146,142,117,167,136,140
MXAN_7163,269,294,513,493,508,732,990,1379,444,1363,1663,1282,1481,2022,2556,801,973,1081,641,1020,1290,816,966,844
MXAN_7164,112,60,402,222,120,273,306,217,154,427,351,404,571,615,783,358,335,276,429,308,347,489,474,404
MXAN_7165,180,80,322,104,94,174,357,277,194,72,149,194,185,122,177,37,50,37,58,73,42,239,105,101
MXAN_7171,173,147,528,319,325,469,678,845,306,1053,911,932,1349,1543,1835,701,798,742,658,683,692,767,765,733
MXAN_7173,166,100,422,280,216,367,478,419,248,900,507,804,875,992,1068,538,491,444,440,436,435,639,579,525
MXAN_7175,15,11,59,8,17,30,30,37,27,48,37,36,115,88,126,70,74,81,56,76,64,17,88,81
MXAN_7176,52,43,215,144,123,379,190,119,92,349,162,361,1002,904,1146,547,576,616,745,535,570,352,682,713
MXAN_7177,74,48,91,177,128,162,226,114,64,307,159,285,593,515,584,307,269,243,365,281,282,280,327,317
MXAN_7178,28,29,75,67,43,123,76,109,77,163,111,146,268,301,284,155,173,168,186,116,130,128,172,162
MXAN_7179,75,42,138,129,115,285,199,107,56,403,239,395,780,699,528,403,427,415,457,299,263,532,573,757
MXAN_7181,208,137,281,412,389,826,532,548,286,1019,883,1185,1734,1371,1348,786,909,1080,713,561,1049,451,699,691
MXAN_7182,110,73,212,224,172,322,358,269,107,525,316,438,488,518,639,309,303,293,280,237,344,342,244,200
MXAN_7183,254,282,318,351,301,159,817,729,289,1105,1023,582,581,953,1085,314,358,268,423,535,363,470,439,231
MXAN_7184,121,121,204,254,368,258,717,371,175,675,653,614,652,1105,1284,371,430,274,453,494,425,514,479,254
MXAN_7185,711,631,833,1255,1237,1264,2633,2341,735,3574,2713,2786,2635,2959,3521,1456,1384,1283,1654,1464,1551,1801,1462,1206
MXAN_7186,72,37,245,142,139,228,278,227,84,351,233,351,486,411,529,246,277,219,268,205,303,191,183,214
MXAN_7187,31,16,93,73,48,184,85,65,30,170,63,180,258,228,267,121,135,151,152,108,123,119,183,171
MXAN_7188,697,569,1189,1736,1258,1571,1775,1080,523,4042,2267,2526,1902,2957,3589,1246,1270,722,1616,1930,1158,2115,2847,2036
MXAN_7189,1029,543,1028,2391,1504,2177,1868,986,602,5440,2556,3472,3169,3587,3894,1887,1559,1084,2578,1690,1772,2113,3238,2803
MXAN_7190,249,139,478,689,520,971,655,353,244,1842,829,1382,868,928,1210,630,512,477,758,488,625,1342,911,832
MXAN_7192,521,385,566,1450,1199,1474,1224,1295,623,3231,3819,3306,3249,5470,5380,1448,2297,2882,1817,2597,3599,2300,2220,1615
MXAN_7194,7,10,81,16,13,8,28,24,5,31,29,24,51,31,95,14,29,14,19,29,20,46,24,40
MXAN_7196,476,380,427,1142,846,824,2431,1538,751,1485,806,1048,711,831,1160,274,253,398,297,373,503,112,147,142
MXAN_7199,17162,11226,11973,26964,24123,48991,51027,31635,18906,82249,34262,67885,136414,101846,93305,56099,49998,61075,62694,37057,62149,11862,44524,58143
MXAN_7200,282,280,465,676,588,761,1111,615,388,1094,349,836,1318,1062,1240,535,665,657,733,491,643,113,496,751
MXAN_7203,344,295,457,538,671,1379,1033,960,556,2296,1904,2004,2898,1872,1957,1082,1023,1263,1110,457,1240,1212,862,979
MXAN_7205,4,1,101,3,5,11,9,11,3,9,9,9,29,28,63,9,22,11,14,17,12,60,20,28
MXAN_7206,2063,1702,3138,3171,2707,3768,4715,4243,1831,10699,8950,7706,17637,23189,21451,9206,9758,6850,15001,13887,6866,34541,21906,24018
MXAN_7207,71,79,177,176,211,349,363,366,156,540,609,467,1037,1560,1699,534,575,500,649,907,756,3378,901,770
MXAN_7208,878,781,1225,1535,1318,1986,2697,2749,1160,4778,3193,3547,7701,9221,10160,3735,3639,3357,6373,5626,5457,9072,6250,7390
MXAN_7210,2,1,89,1,2,7,8,16,4,4,3,15,28,35,52,13,11,14,28,30,26,36,45,34
MXAN_7211,5,5,114,4,7,5,14,18,3,24,11,11,21,35,59,18,12,8,14,15,10,31,27,23
MXAN_7212,148,79,148,168,186,419,233,146,78,320,176,276,294,192,132,140,148,148,145,63,88,87,163,192
MXAN_7213,674,530,732,1439,1412,1884,2931,2497,1164,3749,2884,3143,4775,4454,4925,2138,2097,2169,3413,2385,2864,2200,2158,2589
MXAN_7214,9,3,41,19,22,34,28,37,15,45,57,54,74,86,124,34,58,65,44,77,45,82,48,31
MXAN_7215,9,7,89,14,22,36,33,32,10,67,47,58,83,65,106,31,32,44,36,45,61,56,36,49
MXAN_7216,45,33,212,88,65,91,128,134,70,278,177,192,320,386,481,147,152,125,221,216,217,398,210,166
MXAN_7220,630,410,759,1281,1058,1402,1847,1152,599,2744,1476,2114,2640,2938,3387,1219,1043,1089,1469,1171,1705,2393,1469,1462
MXAN_7221,34,39,126,104,146,111,216,186,41,254,403,275,314,602,699,214,228,159,297,377,271,556,408,365
MXAN_7222,271,366,718,449,797,461,1422,1924,500,2264,2275,1486,1249,1933,2158,785,903,739,738,1068,934,3212,1270,1274
MXAN_7225,216,163,595,272,282,613,211,228,87,1258,1433,1068,2293,3117,2096,1741,1542,956,1657,1475,492,5102,2903,2570
MXAN_7226,39,21,91,52,62,110,89,78,54,175,129,149,304,254,237,149,151,170,195,134,159,160,165,160
MXAN_7227,4,4,44,10,7,12,19,14,8,16,13,19,27,30,48,17,8,21,14,26,22,13,10,24
MXAN_7229,81,63,312,123,119,189,295,277,109,469,227,328,383,290,355,150,165,174,145,136,161,152,155,175
MXAN_7231,10,3,82,15,10,28,33,18,14,40,17,36,97,77,97,47,42,62,41,49,43,63,30,37
MXAN_7232,137,104,308,217,200,591,97,72,40,884,843,1025,3314,3254,1993,1797,1865,1503,2142,1277,608,7004,2971,3816
MXAN_7233,79,50,290,178,191,324,218,236,105,423,236,425,1066,950,1064,441,503,489,767,495,605,271,575,813
MXAN_7234,1906,1646,1963,3319,2794,2008,5156,3682,1947,2010,965,1528,1701,1545,1819,731,818,938,610,642,724,492,565,615
MXAN_7238,9,4,161,5,7,9,15,26,3,15,22,14,38,24,96,14,15,11,27,28,16,32,29,29
MXAN_7241,162,143,301,280,247,242,553,492,218,819,674,516,816,1241,1633,433,388,286,811,756,516,1739,707,692
MXAN_7242,50,43,107,91,90,124,175,207,75,282,240,218,421,461,616,210,228,153,386,404,267,489,309,242
MXAN_7243,72,80,161,104,130,155,330,305,114,432,328,254,482,581,728,267,280,154,372,422,283,541,278,234
MXAN_7244,110,89,217,160,212,203,438,350,188,579,390,357,626,1015,1051,319,318,230,487,442,404,921,380,309
MXAN_7245,65,46,273,85,80,73,159,223,63,291,284,195,257,544,689,249,287,201,223,401,202,570,345,220
MXAN_7246,27,33,140,49,54,51,117,122,48,185,137,120,136,194,229,140,92,81,63,121,77,163,107,55
MXAN_7247,30,21,109,31,25,9,54,95,27,104,66,29,63,92,172,150,137,94,32,54,34,121,127,41
MXAN_7248,15,7,135,25,18,24,31,40,19,78,35,37,78,116,182,157,141,128,46,48,45,167,165,72
MXAN_7249,44,48,346,73,70,84,176,232,75,213,142,132,256,277,454,428,385,410,163,161,142,572,427,146
MXAN_7250,343,216,424,466,379,402,975,694,359,1537,909,1026,1073,1439,1663,656,772,613,418,402,643,518,425,275
MXAN_7251,919,636,1260,1610,1443,2199,3501,3135,1459,4984,4195,4346,5491,6274,6799,2987,3170,3101,2085,2073,3048,3333,2232,1787
MXAN_7252,90,96,95,162,158,292,307,232,118,479,277,420,630,539,578,325,363,443,292,217,344,174,244,266
MXAN_7253,59,49,101,79,95,171,175,231,75,407,449,344,764,754,518,454,463,394,405,319,226,607,515,489
MXAN_7254,108,79,153,101,118,335,182,200,86,406,369,420,1045,807,572,591,651,594,377,319,255,294,649,680
MXAN_7256,112,112,225,158,188,165,239,350,116,388,506,353,293,479,539,126,156,132,204,269,177,210,235,242
MXAN_7257,32,40,62,58,51,56,125,88,49,132,117,124,108,144,168,48,61,75,54,62,62,33,30,40
MXAN_7258,78,42,129,151,72,120,165,105,68,189,138,147,206,239,291,89,109,123,153,110,132,76,106,129
MXAN_7259,131,216,339,218,173,98,432,844,229,707,804,407,322,790,913,183,230,152,222,305,238,543,412,288
MXAN_7261,9,1,52,29,13,20,59,57,15,63,56,49,87,97,134,67,85,72,34,50,46,95,68,54
MXAN_7262,31,24,86,38,72,50,93,93,44,134,115,84,150,215,286,138,136,136,85,123,111,89,144,134
MXAN_7264,6,1,120,5,3,9,31,26,6,11,3,7,51,24,61,45,33,36,23,25,13,49,35,29
MXAN_7267,22,25,261,47,47,46,107,138,29,123,137,88,125,181,317,124,194,176,72,97,75,304,256,100
MXAN_7268,36,21,113,56,52,110,90,82,38,140,113,113,373,474,596,187,186,175,238,289,269,178,244,220
MXAN_7269,54,73,178,107,155,208,260,264,136,435,278,360,671,575,660,257,241,271,427,316,382,299,270,295
MXAN_7270,29,27,175,88,93,171,130,103,37,137,83,97,260,218,196,146,160,114,108,110,56,229,207,189
MXAN_7271,170,188,191,392,474,444,586,423,202,504,308,373,708,608,741,227,266,243,372,313,314,188,346,349
MXAN_7273,35,20,78,59,55,106,110,102,38,219,118,173,312,236,299,142,133,97,196,182,157,208,146,146
MXAN_7274,82,101,357,124,134,136,314,365,97,544,369,250,360,446,537,213,202,126,315,313,241,352,255,196
MXAN_7275,38,51,156,23,28,52,35,70,25,172,133,115,227,229,271,141,151,98,99,137,44,352,196,168
MXAN_7276,41,51,151,51,79,76,164,182,71,239,202,170,158,235,285,76,79,80,62,94,85,66,106,97
MXAN_7277,30,32,149,59,62,69,122,133,52,189,113,139,181,180,217,86,87,85,74,70,85,120,62,78
MXAN_7278,21,21,40,17,21,22,44,66,44,92,63,57,66,164,199,53,60,58,31,66,49,104,69,53
MXAN_7279,15,21,131,26,21,35,57,53,27,105,75,53,102,105,145,41,46,33,40,43,31,64,50,79
MXAN_7280,8,3,111,7,14,15,9,16,5,30,18,14,45,37,82,14,27,25,23,24,21,39,31,23
MXAN_7281,11,5,131,15,9,12,21,12,8,37,11,24,39,49,87,14,17,21,20,24,17,18,20,21
MXAN_7282,10,14,167,22,20,18,61,77,22,67,64,42,80,103,186,41,40,28,47,65,36,127,42,65
MXAN_7286,11,8,56,18,11,23,22,27,18,29,16,13,35,30,71,11,7,7,8,15,9,7,7,18
MXAN_7287,290,277,395,590,470,423,945,768,282,924,550,696,842,1084,1120,320,304,298,438,375,387,267,354,309
MXAN_7288,277,211,349,548,451,452,745,687,257,949,664,763,705,950,1117,349,327,268,418,371,423,228,319,274
MXAN_7289,73,92,119,168,141,87,226,249,97,270,262,195,186,358,397,77,93,94,111,156,111,130,131,91
MXAN_7292,128,73,126,197,150,150,235,191,125,380,228,211,519,650,667,216,236,188,366,367,304,317,397,377
MXAN_7293,80,49,104,79,77,156,75,65,28,402,283,309,956,1097,841,626,589,406,729,598,220,1360,1094,1010
MXAN_7294,176,146,251,197,205,356,199,191,68,910,765,638,1854,2594,1810,1303,1197,720,1463,1375,366,3135,2225,2195
MXAN_7295,159,146,318,189,225,463,229,253,76,1197,958,921,2847,2777,2083,1677,1522,1041,1662,1649,473,4784,3070,3280
MXAN_7296,368,304,397,657,472,607,1017,874,353,2351,1264,1182,2360,3810,3641,1187,1115,761,2339,1527,1328,6463,2136,2235
MXAN_7297,562,415,433,1000,999,1212,992,1391,530,2426,2891,2264,4805,6267,5153,3882,3558,3748,3378,2309,2309,5396,5612,10106
MXAN_7298,960,656,671,831,447,406,2092,549,634,182,99,178,170,205,249,116,123,176,98,108,65,81,117,117
MXAN_7299,476,250,317,393,157,193,1577,293,449,141,76,150,107,99,145,51,59,55,63,67,40,46,88,64
MXAN_7301,10,11,125,20,18,43,34,37,21,70,28,63,70,74,131,48,64,60,35,27,32,108,52,94
MXAN_7302,5,1,49,3,3,13,2,3,0,7,8,12,35,33,60,22,20,19,28,25,6,40,45,73
MXAN_7303,6,7,26,2,4,5,7,8,3,34,18,25,24,30,37,15,17,13,14,18,8,52,15,23
MXAN_7304,23,9,156,20,15,36,44,33,16,80,58,69,111,135,146,52,76,55,46,74,54,123,62,87
MXAN_7305,425,382,644,944,1041,1460,2072,1717,829,3126,2594,2587,4381,5892,6739,2196,2277,2047,3193,2781,3215,4185,3151,3521
MXAN_7306,733,461,526,1151,1283,1817,2720,1987,1249,4679,2805,3318,4969,4771,5131,2130,2044,1977,2696,2318,3027,3820,2176,1986
MXAN_7307,1046,1003,1126,1792,2256,2419,4680,5257,2268,7555,6946,5369,6544,6695,7380,2669,2864,3281,4096,4344,3403,2184,3144,2468
MXAN_7308,278,259,447,401,339,432,742,636,205,1151,706,829,746,757,765,420,425,434,396,303,424,326,359,269
MXAN_7309,713,537,973,1265,1133,1717,2434,2317,942,3694,2162,2953,3214,3835,4400,2104,2179,2351,1668,1471,2150,1904,1654,1698
MXAN_7310,763,683,704,1184,1153,1430,2275,1824,953,3678,1982,2664,3596,3559,3996,1615,1795,2039,1556,1219,2083,2148,1282,1298
MXAN_7311,675,480,636,1170,1348,2161,2247,1548,813,3731,2044,3276,3931,3481,3843,1659,1639,1919,1714,1392,1966,1518,1626,1881
MXAN_7312,15,15,175,36,31,67,71,67,31,92,53,105,159,140,247,81,79,83,91,89,86,112,76,105
MXAN_7313,20,17,91,28,23,38,48,35,29,71,31,65,79,50,67,30,29,48,37,24,42,49,30,44
MXAN_7314,17,23,130,40,48,52,94,86,33,134,116,94,154,183,213,52,70,67,68,85,56,35,72,79
MXAN_7315,12,4,128,16,16,30,24,28,12,44,64,38,55,66,145,38,29,35,47,32,37,69,52,43
MXAN_7316,51,43,72,59,67,106,122,98,57,161,74,136,193,190,237,88,92,129,109,114,150,54,74,79
MXAN_7317,315,293,326,517,558,787,1139,813,533,1617,635,1337,1390,1035,1054,475,591,1121,625,370,564,499,391,499
MXAN_7319,7,5,25,28,38,25,98,179,33,62,34,47,141,220,239,88,75,43,171,177,80,398,153,172
MXAN_7320,2073,2407,2066,5287,5778,2535,13126,27324,5611,4609,4221,3377,7432,11245,11388,3341,3000,2185,7749,7583,3496,7635,6568,7374
MXAN_7321,881,879,1311,2186,1747,2632,1856,2905,778,6501,5203,5722,11953,12433,11796,4916,5232,5517,8519,7072,6642,6617,7062,9245
MXAN_7322,15,9,147,28,21,56,52,60,17,94,58,67,151,174,223,77,98,98,84,95,82,144,68,93
MXAN_7323,1964,1847,1796,3613,3418,3864,5503,3787,2123,9303,4613,7058,10021,11225,11495,4599,5376,5622,5230,5263,5375,3108,7196,10191
MXAN_7324,107,80,101,202,190,312,261,191,109,505,256,390,830,903,879,497,577,665,463,489,365,270,681,844
MXAN_7325,342,341,448,562,470,517,1592,1236,609,804,533,657,760,901,1347,371,448,730,435,437,996,517,287,259
MXAN_7326,44,40,112,75,118,209,203,170,88,384,249,282,892,930,927,413,456,421,526,465,452,834,611,841
MXAN_7327,2,12,36,14,19,47,32,34,13,55,49,44,150,142,150,80,89,65,100,114,69,96,92,138
MXAN_7328,2422,2199,2354,4357,3975,5119,6241,5423,2676,9318,6854,7352,16628,18323,19340,8268,7977,7114,12704,11235,10487,15133,11376,12497
MXAN_7329,138,126,198,251,267,557,383,291,158,387,261,415,645,487,599,358,453,422,300,315,266,324,360,485
MXAN_7330,44,58,100,73,87,100,176,246,92,282,238,236,586,665,696,252,294,320,260,271,414,198,272,151
MXAN_7331,39,19,158,34,45,58,139,158,54,145,96,113,149,170,243,79,121,168,49,64,106,83,83,133
MXAN_7332,31,10,39,32,44,67,101,70,41,142,57,120,90,54,79,28,39,80,14,23,48,23,18,62
MXAN_7334,26,53,92,53,79,48,113,176,54,192,300,99,204,321,473,108,161,102,174,277,137,132,198,158
MXAN_7335,30,38,83,47,71,64,169,193,50,167,199,146,186,317,291,109,137,94,166,154,110,1411,404,376
MXAN_7336,520,576,584,545,822,428,2233,3697,1009,2954,3418,1671,1393,3802,4596,1011,1129,804,941,1835,1269,2868,1428,866
MXAN_7337,238,179,205,365,357,380,888,933,316,1074,1160,962,671,1282,1426,509,601,442,537,561,558,1276,527,371
MXAN_7338,137,128,134,327,233,281,339,315,125,539,339,443,598,529,574,228,290,346,391,207,330,81,209,155
MXAN_7340,973,619,736,2166,1527,2410,1826,1525,689,4150,4192,3419,7404,6265,6118,3005,2326,2389,6010,3514,3817,3554,3552,3853
MXAN_7347,737,595,752,1113,1010,1157,1782,1896,734,3738,2991,2750,2951,3826,3251,1680,1568,1382,1889,1436,1582,2256,2108,2011
MXAN_7348,228,157,154,477,394,552,644,295,261,970,307,846,1375,1167,1162,570,603,656,685,503,564,244,648,906
MXAN_7350,207,183,234,426,427,615,591,608,240,1233,1099,1080,2508,3099,3633,1218,1361,1366,2444,2521,2058,1935,2379,3690
MXAN_7351,2629,4043,4083,6066,7022,4055,8035,11235,3235,18188,22284,12558,32497,61478,68003,15041,16492,13438,31204,46271,28525,65439,44491,61904
MXAN_7352,2406,2815,2829,8122,7527,7795,6089,5948,2547,14657,20211,13160,39982,63525,69841,15951,16817,18664,36100,42389,39072,37236,45604,91182
MXAN_7353,2840,2995,2772,6689,6050,5685,6028,6721,2809,16139,19318,13456,38229,63886,66773,19091,19650,18610,39353,46658,35868,53320,40244,77002
MXAN_7354,2344,3004,2838,3320,4522,2872,11342,17110,4348,18677,18880,10400,10558,18134,16911,6041,7101,4837,5642,7651,5372,11736,8039,4366
MXAN_7355,948,787,856,1980,1926,4029,3175,2602,1432,6213,3662,5931,12600,12651,12347,6324,5737,5916,7671,6415,6526,7165,7063,10668
MXAN_7357,531,489,612,976,820,928,1637,1686,632,2299,2000,1699,2558,3219,3798,1224,1416,1398,1511,1697,1841,1098,1541,1724
MXAN_7359,127,140,253,283,389,461,832,712,279,976,943,785,1274,1679,2025,566,629,613,684,757,934,1415,735,914
MXAN_7361,70,68,116,146,100,155,284,151,97,255,109,215,199,191,230,92,101,97,97,82,107,64,65,60
MXAN_7362,173,127,394,322,424,851,699,647,401,1270,852,1180,2577,2427,2692,1234,1260,1295,1368,1267,1158,2563,1689,1941
MXAN_7363,280,257,496,610,593,979,990,1062,436,1806,1390,1499,3039,3065,2883,1451,1450,1469,1924,1697,1422,2316,2043,2519
MXAN_7366,701,580,805,1319,1479,2060,2910,2493,1107,3693,2297,3306,2884,3278,3178,1960,1839,2030,1273,1049,1690,1721,949,695
MXAN_7368,22,23,272,42,34,47,90,148,31,152,174,125,149,233,325,64,58,60,107,127,99,514,129,93
MXAN_7372,64,50,223,119,135,229,263,228,118,384,266,356,602,561,652,277,246,260,324,276,255,383,341,413
MXAN_7373,157,128,286,323,353,487,756,637,294,988,831,766,977,1074,1210,529,477,461,706,611,557,714,762,703
MXAN_7375,140,137,172,219,236,374,350,391,159,620,494,505,450,559,655,256,334,386,291,353,443,459,353,517
MXAN_7377,127,116,263,196,191,510,209,179,86,880,454,760,2110,1402,1053,949,746,768,1005,608,454,768,1424,1989
MXAN_7378,20,29,115,29,15,33,30,38,9,112,140,78,259,308,348,110,183,109,169,230,99,412,369,402
MXAN_7380,5,4,132,3,6,6,7,13,1,9,6,11,30,19,28,14,20,14,18,14,8,18,13,25
MXAN_7381,466,464,510,658,586,850,1389,1310,582,2526,1813,1411,2462,2255,2300,1170,1077,1041,1186,1110,1069,1036,1032,911
MXAN_7382,1331,1063,1386,2471,2097,1639,3660,3016,1012,4758,4613,3681,5439,7134,7680,2687,2506,1897,3615,3921,2863,3092,3035,2162
MXAN_7384,4,4,110,3,4,4,9,22,4,13,16,9,21,36,106,12,16,13,14,18,15,32,29,29
MXAN_7385,13,9,74,30,28,66,58,49,31,93,44,68,165,170,211,61,78,90,124,116,123,82,95,129
MXAN_7387,224,174,311,574,469,710,431,525,179,821,489,735,813,732,910,313,406,403,505,404,546,189,472,582
MXAN_7388,44,48,149,57,84,132,156,178,71,188,166,144,285,310,397,135,176,167,155,200,209,256,186,179
MXAN_7389,1879,1289,1317,3342,3264,3552,6425,5763,1922,3940,2439,2933,4511,5191,5375,2190,2174,2502,2958,2188,3303,1427,2430,3624
MXAN_7390,2803,3344,3744,5527,5288,3784,11409,8533,3143,12533,10268,7969,12129,20086,24311,5043,5777,5158,8476,12550,9126,5643,10458,9512
MXAN_7391,15,18,123,30,42,51,62,101,37,118,69,55,142,153,162,78,65,60,83,85,63,669,205,263
MXAN_7393,234,181,330,477,569,852,685,855,333,1442,2193,1095,4333,7312,8547,1912,2145,1750,4182,5874,3466,17548,4654,6023
MXAN_7394,59,47,261,86,85,152,236,199,92,320,226,245,388,318,451,211,247,272,173,177,206,241,163,189
MXAN_7395,179,272,326,258,450,455,812,978,332,1299,1477,1045,1597,2300,2671,891,1088,947,1164,1322,1349,1574,1127,941
MXAN_7397,30,19,170,66,78,147,133,104,42,246,180,236,441,423,556,203,206,174,287,289,294,596,339,318
MXAN_7398,166,151,812,315,349,666,471,483,243,2263,1612,1667,3210,4017,4835,1597,1606,1322,1783,1807,1362,4042,2509,2267
MXAN_7399,93,81,263,188,133,231,288,323,128,459,302,372,588,578,533,320,320,283,469,358,208,210,486,515
MXAN_7400,523,344,525,1020,821,1297,2187,1751,897,2298,2282,2151,2823,3777,3645,1518,1746,1784,1763,1722,2103,1122,1296,1243
MXAN_7402,204,170,314,370,369,355,768,891,385,1181,1191,919,1024,1788,1765,540,642,476,946,1117,810,854,933,568
MXAN_7405,4,1,87,3,7,7,16,25,3,23,12,16,37,53,64,17,16,8,20,27,18,28,24,14
MXAN_7407,4728,4077,5584,7340,9466,10466,13590,14139,2837,29015,39196,25986,34784,46344,39078,14861,15932,12142,16242,10294,19049,10238,15369,14069
MXAN_7408,251,164,227,350,316,733,815,792,382,1131,719,942,1814,1612,1896,891,930,1037,1009,850,875,551,1022,1108
MXAN_7409,17,6,30,34,32,95,45,31,20,61,28,66,80,70,80,38,43,39,50,39,53,208,35,72
MXAN_7410,58,38,109,111,85,122,155,151,55,303,294,246,387,463,462,167,190,151,271,269,208,268,248,214
MXAN_7411,19,21,73,40,33,42,49,74,23,96,91,88,169,165,218,92,83,92,142,140,117,153,93,135
MXAN_7412,87,82,265,196,175,176,312,304,124,446,438,387,705,957,1132,330,286,268,517,405,497,765,471,512
MXAN_7413,24,19,86,48,29,71,77,52,33,137,56,116,316,293,315,152,178,176,208,265,125,170,255,211
MXAN_7414,56,37,202,111,101,171,171,151,51,274,239,267,541,475,519,269,363,348,287,233,240,176,316,323
MXAN_7415,2680,2459,2780,3941,3830,3618,9207,6698,2682,3805,3802,3263,5455,7190,6712,3208,3061,3571,3527,2451,3186,4693,4133,5659
MXAN_7417,46,34,87,105,128,217,241,161,77,211,157,270,317,346,430,220,257,267,161,149,221,65,161,145
MXAN_7418,88,79,207,202,135,229,329,311,134,397,274,310,408,369,497,229,307,307,200,194,279,92,155,168
MXAN_7420,561,460,513,913,763,793,1744,1689,753,1962,1701,1442,1878,2700,2754,1014,1123,1061,1255,1065,1282,1222,985,860
MXAN_7421,1628,1394,1633,2841,2858,3158,5861,5212,2336,7385,5056,5680,6582,8293,8487,3862,3548,3673,4097,3646,4574,5107,2976,2685
MXAN_7422,798,802,1074,1270,1200,1343,2335,2540,1108,3256,2776,2615,3382,4388,4867,1996,2051,1883,1672,2064,2112,1937,1407,1027
MXAN_7423,32,44,122,108,110,135,155,195,63,270,244,210,301,506,594,208,203,143,287,262,223,774,278,233
MXAN_7424,17,31,75,45,41,37,109,152,36,101,200,69,85,127,167,39,42,25,60,119,50,72,68,48
MXAN_7425,23,27,64,51,26,35,71,74,27,109,105,66,103,102,155,55,48,37,89,61,52,56,87,47
MXAN_7435,19,18,134,45,40,48,80,71,33,112,85,92,129,147,165,56,74,70,55,62,76,28,42,66
MXAN_7436,70,62,319,103,114,93,167,207,80,150,149,113,1881,1370,505,1402,1426,1225,584,515,280,205,153,184
MXAN_7437,95,71,752,102,143,105,189,240,88,318,253,199,5248,3650,1221,5405,4318,2055,2299,1660,554,630,421,397
MXAN_7439,17,14,219,22,29,56,72,69,18,179,135,113,271,239,300,151,116,117,194,165,140,197,87,86
MXAN_7440,20,2,165,20,17,40,46,41,13,123,84,85,250,184,230,127,112,69,188,117,118,135,75,55
MXAN_7442,142,118,351,306,272,438,531,528,219,744,645,657,1108,1321,1658,572,586,624,782,769,816,804,607,614
MXAN_7443,45,42,389,74,101,140,182,191,71,339,262,207,314,414,483,226,252,182,156,190,119,698,337,262
MXAN_7445,1033,1010,1254,1916,2001,2891,4297,4076,1753,4863,3557,3982,5724,6066,6600,2909,3170,3678,2518,2039,3571,2965,2348,2820
MXAN_7447,49,32,94,104,87,204,182,105,74,267,130,216,391,399,447,203,248,269,222,211,250,153,213,207
MXAN_7448,63,73,162,122,133,275,288,229,109,368,248,318,655,767,971,451,430,436,419,352,462,514,400,353
MXAN_7451,318,268,397,483,480,768,1011,835,409,1374,1103,1026,1595,1941,2023,1000,1024,904,837,794,960,878,716,585
MXAN_7452,24,9,99,42,37,69,59,64,22,93,86,102,123,166,186,62,80,85,66,59,124,219,71,68
MXAN_7458,70,47,436,124,105,117,226,248,120,328,257,271,309,348,425,142,199,150,182,157,139,166,123,116
MXAN_7462,11,8,31,28,33,77,35,41,16,98,70,86,172,241,259,115,123,160,134,149,106,97,204,157
MXAN_7463,58,69,131,98,85,164,107,57,40,412,129,284,525,315,214,248,274,283,187,142,89,83,236,168
MXAN_7464,6083,4626,4085,9448,7500,7631,22392,7894,7198,3708,1392,2754,2870,2911,3325,1965,2098,2349,1214,996,1130,454,1279,1526
MXAN_7465,8,1,156,11,9,12,18,9,12,10,11,10,28,25,38,6,13,8,12,19,6,38,18,18
MXAN_7467,311,332,407,418,475,595,923,1129,1069,1523,773,971,1990,2737,2855,927,1061,1024,1228,1349,1611,1589,1105,987
MXAN_7468,19,15,133,46,29,44,59,57,32,88,66,78,180,269,349,129,123,131,202,226,131,669,228,263
MXAN_7471,332,278,477,496,413,932,307,284,113,1624,1529,1245,4345,3986,2900,2219,2616,2377,3227,2268,1236,2939,3385,4359
MXAN_7473,243,193,383,296,244,657,143,142,83,704,590,614,2929,2860,2478,1521,1506,1444,1856,1649,849,3509,2322,2511
MXAN_7474,240,206,268,577,636,1159,1009,805,383,1361,923,1290,2033,2196,2564,1159,1141,1256,1245,1174,1313,1185,1102,1088
MXAN_7475,11494,6263,9070,20700,13709,14755,20573,18068,8198,39221,35790,24850,26848,56152,51454,16896,15123,13585,21393,18620,23044,36270,19627,16880
MXAN_7476,3433,2515,2950,5760,7507,5803,10283,9094,4897,19306,13721,14231,13188,23539,20907,7249,7417,6280,8051,6659,11059,29421,8561,7311
MXAN_7492,307,142,262,473,269,356,351,287,136,478,273,374,484,674,835,246,227,198,436,264,441,581,518,719
MXAN_7493,337,411,518,468,774,733,1690,2165,564,2526,2706,1769,1398,1917,2103,741,800,736,682,706,846,539,681,593
MXAN_7494,559,600,878,794,1053,941,2437,2817,955,3294,2901,2384,2176,2878,3388,1209,1496,1506,912,1168,1528,1101,1199,1199
MXAN_7495,251,137,252,229,184,273,376,329,131,423,200,251,250,291,328,166,140,158,123,138,159,110,173,154
MXAN_7496,392,316,379,498,310,273,723,477,267,1060,339,569,577,741,740,255,270,268,331,289,301,75,255,273
MXAN_7497,836,666,884,1614,1401,2088,2302,1488,745,3201,1436,2699,3593,3274,3338,1801,1745,2044,1607,1123,1516,781,1542,1858
MXAN_7498,1340,887,1189,2329,2122,2978,3484,2317,1440,4506,2242,3683,4082,4536,4897,2098,2168,2525,1936,1621,2630,2121,1873,1882
MXAN_7500,93,154,296,147,289,186,472,1013,220,823,890,539,838,1214,1248,438,491,496,510,564,534,1510,837,1020
MXAN_7501,242,363,295,479,500,403,1017,1258,348,1450,1130,823,456,558,656,273,202,239,302,244,195,499,395,390
MXAN_7502,170,90,74,391,338,529,641,286,210,748,253,575,349,242,304,166,148,166,189,94,130,174,167,178
MXAN_7504,262,232,202,584,501,765,901,596,263,875,468,724,507,382,447,259,237,226,318,188,232,125,257,352
MXAN_7506,368,338,526,612,792,729,2026,2167,824,1948,1931,1579,1202,1780,2095,809,863,1095,438,579,853,692,395,389
MXAN_7507,21,16,37,84,114,105,200,154,57,209,336,164,182,382,344,177,211,198,126,147,189,299,108,88
MXAN_7509,1042,1029,1020,2194,2078,2584,4355,3487,1787,4692,1824,3860,3681,2944,3068,1865,1996,3070,976,955,1520,349,871,954
MXAN_7510,16,6,3,28,16,40,51,26,22,50,20,46,65,43,39,57,59,110,20,16,42,12,13,7
MXAN_7511,356,265,258,855,718,1440,1426,1290,640,1724,1244,1704,2534,4447,4423,2246,2817,3399,1209,1533,2491,993,1280,889
MXAN_7513,74,70,288,138,144,129,284,321,101,328,346,249,338,427,583,187,216,221,193,236,220,225,194,160
MXAN_7514,28,20,124,47,52,100,98,87,47,113,69,112,251,156,217,119,96,127,137,88,131,101,102,163
MXAN_5881,1534,1541,1760,2658,2534,2665,4607,5159,1994,8205,8365,5969,7934,13379,13730,4852,5663,4903,5202,6856,5509,10784,6261,5048
MXAN_4328,410,301,413,647,825,1112,2218,2433,1065,2967,3176,2777,3535,4542,4635,1718,1671,1250,1517,1446,1506,4270,2394,1574
MXAN_2183,48,34,135,42,41,165,30,33,16,170,125,160,752,502,382,634,548,458,379,201,92,591,1137,1260
MXAN_2187,53,38,112,142,128,458,188,152,102,484,269,544,1051,766,782,438,453,533,422,367,381,476,485,630
MXAN_2199,74,50,106,78,107,114,207,205,76,336,322,242,300,482,522,128,137,136,174,213,184,207,208,200
MXAN_2210,101,62,124,208,141,207,283,236,111,438,301,381,401,487,502,176,253,212,253,220,233,65,247,217
MXAN_2224,73,66,161,116,107,145,235,262,125,431,246,237,533,532,587,222,241,207,368,316,274,128,257,296
MXAN_2227,5,4,110,14,21,16,25,27,18,48,20,28,61,59,84,34,28,30,37,36,19,50,41,54
MXAN_2228,7,8,119,18,10,17,40,38,20,50,37,29,61,83,157,39,54,35,53,83,46,71,64,54
MXAN_2248,458,404,531,706,582,491,1574,1395,577,1582,1548,1157,434,574,629,245,335,558,139,176,310,61,68,75
MXAN_2254,265,236,462,602,443,526,831,818,356,1618,1230,1231,1673,1852,1876,740,602,528,1282,944,877,1021,877,839
MXAN_2275,134,100,328,347,289,539,503,378,221,681,237,623,1059,773,835,472,514,625,477,318,472,177,308,380
MXAN_2288,83,91,339,117,103,101,271,315,104,234,227,149,193,277,367,105,117,116,115,194,147,180,151,124
MXAN_2303,77,49,159,120,119,162,252,232,112,377,277,308,353,287,329,208,222,243,157,110,210,67,122,106
MXAN_2319,352,285,547,511,363,719,412,325,112,1343,875,1035,1416,1405,1071,798,801,614,671,583,381,1379,1133,980
MXAN_2321,62,52,181,98,79,165,176,97,76,293,147,262,476,376,448,202,233,237,301,223,215,178,255,346
MXAN_2324,112,130,267,213,189,224,388,331,154,437,377,361,444,603,713,246,336,300,309,301,352,329,324,322
MXAN_2353,229,181,415,520,412,966,872,560,334,1245,593,1347,2102,2040,1989,1139,1025,1032,1672,1080,1013,1190,1206,1679
MXAN_2364,211,154,355,353,318,327,630,584,240,1219,592,934,956,1173,979,572,602,436,618,422,436,571,570,414
MXAN_2365,300,231,453,516,478,641,903,769,342,1580,1016,1316,2770,3269,3213,3133,2706,2882,1492,1250,1161,1256,2030,1349
MXAN_2370,244,177,235,630,410,881,829,562,425,1461,756,1212,3624,2780,2788,1260,1155,1128,3359,2541,2360,1074,2631,4159
MXAN_2376,200,121,218,405,287,491,231,240,114,354,269,293,731,852,1089,302,348,361,474,483,618,596,697,1154
MXAN_2412,944,1738,716,1526,2827,887,1724,2417,394,648,598,411,646,612,545,485,477,567,358,381,330,157,729,1488
MXAN_2446,94,87,100,174,229,410,408,324,280,525,324,526,1039,1069,1278,521,561,530,673,647,622,1184,620,707
MXAN_2447,158,131,140,391,321,613,557,450,247,801,375,688,1188,908,955,547,486,592,702,503,617,332,474,577
MXAN_2473,29,22,65,55,48,90,84,64,45,148,86,113,232,363,446,152,160,156,181,246,215,414,235,233
MXAN_2474,61,56,170,149,143,273,244,264,67,321,344,349,645,700,768,301,384,314,385,385,385,233,312,355
MXAN_2481,1206,1225,1486,2558,2491,2907,5246,5296,1914,6632,6049,4958,7963,11064,13533,3966,3660,3022,6746,7913,5947,11665,6685,5993
MXAN_2517,172,143,234,298,294,551,468,344,171,746,450,673,1108,960,871,520,640,608,604,394,404,490,797,851
MXAN_2541,18749,20297,23761,36561,29560,24664,49687,63366,20030,97365,77355,66238,128419,179688,200321,51871,60616,51910,107082,127738,90866,60626,84465,93211
MXAN_2542,791,603,807,1429,1393,2536,1997,1631,779,4416,3224,3772,6491,7310,6818,3618,3695,3026,4571,4579,2897,14959,5917,6534
MXAN_2545,725,542,691,1270,1390,2445,2933,2259,1164,3546,2656,3515,4414,4048,4357,2422,2588,3161,1865,1500,2318,1802,1763,1507
MXAN_2562,3748,2316,2713,4762,3897,5563,6109,4223,3302,5750,3775,5956,8392,10080,8845,4404,5422,8176,3080,2876,7474,4310,3431,5263
MXAN_2566,23,19,84,50,42,74,78,68,39,176,72,160,137,116,151,79,87,118,61,52,82,91,57,83
MXAN_2569,958,494,788,1718,1374,830,2980,3812,1134,4673,5110,3081,2997,6344,6564,1745,2102,1608,2256,2753,2550,927,2970,1557
MXAN_2589,430,286,353,807,658,1390,787,540,320,1266,1192,1131,2182,2115,2585,936,988,1267,1245,1439,1474,2753,1285,1754
MXAN_2591,289,215,296,516,484,724,1243,884,532,1401,848,1240,1775,2167,2317,952,1058,1237,944,835,1149,1222,934,903
MXAN_2596,351,292,455,682,750,1094,1409,1034,592,2081,1651,1648,3471,3767,3963,2148,2178,2157,2079,2311,1795,1690,2577,3116
MXAN_2597,362,251,368,851,728,1078,1178,904,394,1592,1436,1309,2303,2458,2486,1131,1146,1157,2366,1583,1993,815,1769,2256
MXAN_2601,54,37,115,134,122,239,198,194,91,364,267,388,509,567,682,296,316,306,447,316,374,447,323,388
MXAN_2611,11,2,39,9,6,20,4,4,2,15,5,17,33,20,34,9,27,18,25,13,17,19,16,29
MXAN_2639,1538,1690,2510,2470,2271,2013,4117,5375,1679,7850,9285,5391,7825,12104,10091,3429,3685,3484,5997,5424,2685,17481,9127,7581
MXAN_2642,55,44,71,102,108,267,209,189,125,392,267,440,637,557,543,352,433,499,296,233,394,228,336,315
MXAN_2679,42,36,79,100,85,135,156,120,58,230,166,189,397,428,489,176,207,166,320,318,297,444,274,277
MXAN_2688,39,38,255,62,72,61,137,209,53,222,171,127,126,180,276,57,75,62,58,85,77,148,115,146
MXAN_1783,17,23,45,23,28,69,52,62,27,99,70,87,185,141,237,96,107,122,140,172,135,51,130,184
MXAN_1770,43,74,118,91,68,58,167,286,68,230,248,169,214,349,397,100,167,108,135,180,138,119,118,114
MXAN_1763,641,670,661,1367,1099,1114,2091,1345,1006,1785,801,1255,1741,1712,1857,569,679,799,717,775,741,202,507,697
MXAN_1760,10,7,20,7,10,27,26,21,16,50,18,24,46,51,42,27,28,32,28,20,25,10,21,24
MXAN_1753,67,50,88,78,56,56,147,140,63,317,215,186,303,453,439,159,163,100,227,235,163,675,428,367
MXAN_1740,12,10,156,11,22,9,32,50,22,42,40,34,36,36,101,15,24,20,16,21,9,20,19,25
MXAN_1739,18,16,81,17,34,51,61,80,39,75,85,63,108,174,253,68,70,75,66,65,91,97,76,70
MXAN_1729,958,976,1263,1755,999,725,1926,2525,710,1719,1648,1343,965,2222,2682,522,799,732,589,1205,891,458,1069,874
MXAN_1717,3,7,57,12,16,15,32,36,24,45,42,39,81,111,178,46,60,42,32,42,36,64,37,66
MXAN_1712,23,15,93,40,22,65,40,34,28,64,43,67,108,92,121,43,47,69,56,45,67,41,52,84
MXAN_1711,11,11,97,25,17,57,33,35,15,80,70,68,93,69,98,34,35,55,43,43,39,24,42,34
MXAN_1705,167,200,299,305,283,341,379,300,198,1105,499,682,1421,1557,1841,569,532,568,607,574,420,384,516,555
MXAN_1702,10,11,57,11,17,9,27,65,10,30,43,33,34,57,55,10,18,30,10,19,15,13,7,16
MXAN_1699,11,22,133,26,36,35,42,84,17,78,82,50,55,74,140,23,25,29,31,37,40,73,33,30
MXAN_1696,97,80,313,242,242,415,342,262,176,119,80,196,138,126,281,146,182,184,76,77,64,467,471,540
MXAN_1691,8,8,143,13,20,27,27,61,26,43,38,36,88,92,161,41,70,60,49,51,58,101,46,49
MXAN_1690,7,6,107,9,7,16,75,17,62,319,100,387,301,289,316,235,239,329,144,108,169,36,53,34
MXAN_1687,62,54,182,145,120,187,292,181,112,459,292,428,555,568,713,249,277,284,409,315,308,252,325,394
MXAN_1668,696,832,1126,916,1157,1060,2576,3268,1254,3997,3146,3438,3909,3881,3206,2413,2310,2759,1512,1409,1333,1774,1471,2115
MXAN_1664,61,56,175,108,105,147,219,176,95,267,176,204,218,302,322,138,140,185,116,85,163,101,77,106
MXAN_1660,51,30,124,50,55,59,163,220,62,201,258,143,165,310,390,111,108,83,84,171,103,277,113,90
MXAN_1658,402,323,430,556,487,669,1150,855,435,1772,799,1158,1566,1290,1409,604,621,652,632,505,865,395,555,484
MXAN_1634,61,43,88,213,220,341,319,191,161,613,515,674,1515,1189,1162,659,600,500,1238,702,716,535,998,1451
MXAN_1625,114,57,176,144,155,195,293,262,108,447,420,422,389,452,550,203,198,198,223,217,222,127,188,143
MXAN_1613,154,131,300,367,414,970,694,522,426,992,573,939,2303,1516,1756,868,802,985,1310,886,1168,1099,1027,1442
MXAN_1607,487,243,2802,1039,706,1422,1530,1014,573,1235,607,1187,2384,2018,2731,912,1019,1188,1372,1147,1156,1025,1297,1672
MXAN_1592,59,71,222,200,215,401,264,260,90,539,458,483,1418,1367,1523,632,483,399,860,820,490,1083,1006,741
MXAN_1584,6,9,47,5,13,8,17,31,14,28,34,21,15,31,38,7,12,6,12,14,8,38,22,13
MXAN_1583,6,8,174,19,30,38,43,61,21,71,21,66,125,98,139,86,84,101,42,40,64,22,43,22
MXAN_1576,22,2,380,15,13,27,23,30,12,40,42,34,75,60,146,32,42,56,28,58,37,44,42,55
MXAN_1569,767,591,980,1394,1480,1294,2306,1947,710,3012,2783,2280,3755,4934,6042,1886,1838,1530,3055,2941,2622,3921,3211,2455
MXAN_1558,18,12,235,16,26,55,42,39,15,103,56,80,163,188,179,104,86,68,72,64,52,412,140,129
MXAN_1551,42,40,103,75,74,155,57,67,27,254,182,269,643,616,613,342,421,380,372,364,168,398,463,424
MXAN_1519,1849,1782,1732,3369,3767,5007,6566,3717,1963,6908,3796,6894,7870,7622,8568,3517,4182,4615,3117,2716,3957,4133,3711,3981
MXAN_1498,227,161,253,462,354,506,698,503,244,1040,671,931,1532,1661,1768,647,622,597,1213,928,948,583,749,883
MXAN_1497,406,306,447,686,483,473,1151,1200,549,1684,1106,1164,1036,1384,1476,407,472,460,508,455,617,398,377,296
MXAN_1475,294,221,309,591,556,908,1047,857,402,1491,1388,1402,2043,1813,2018,1000,831,836,1345,1051,1141,1164,1115,1038
MXAN_1473,210,171,188,367,379,610,771,571,287,1111,651,1038,1298,1265,1181,782,873,1156,588,472,693,295,511,650
MXAN_1467,10,13,169,22,15,43,37,40,11,59,44,56,134,173,246,58,68,66,92,104,82,151,109,128
MXAN_1437,1870,2314,2382,2643,2898,3364,5625,6652,2379,9274,6441,6343,12562,17813,20475,6022,6484,6014,9129,10180,9075,13437,7966,10278
MXAN_1431,123,81,189,240,235,313,457,434,131,580,617,608,718,1084,1177,519,550,565,530,462,715,269,398,296
MXAN_1410,49,42,238,145,114,246,173,138,60,242,161,205,628,586,684,309,305,225,727,561,324,929,642,838
MXAN_1404,601,545,721,930,727,814,1356,1430,551,2060,1781,1414,1993,2788,3292,986,1058,929,1757,1768,1583,1318,1551,1706
MXAN_1398,204,189,354,364,284,440,493,452,224,930,1061,784,1523,1877,1888,826,968,762,1111,1084,805,2047,1348,1443
MXAN_1381,10,9,163,19,13,29,22,29,16,40,40,40,76,86,138,33,56,51,56,78,50,67,70,64
MXAN_1379,113,89,198,243,170,331,306,249,114,436,305,347,755,994,1075,401,445,493,565,591,513,480,584,644
MXAN_1377,37,43,115,76,93,208,217,153,76,341,164,259,604,404,452,221,231,223,380,246,264,559,299,333
MXAN_1375,106,90,146,211,185,327,373,258,150,602,393,490,836,771,826,351,402,404,504,347,502,370,392,369
MXAN_1348,194,118,254,330,396,692,776,664,350,1211,926,1079,1966,2647,3020,1102,1069,1176,1335,1456,1490,3123,1390,1319
MXAN_5219,16,21,177,18,16,29,56,112,23,65,79,45,74,111,164,47,76,27,40,79,36,36,68,116
MXAN_5221,8,5,23,15,15,26,14,17,6,31,31,29,71,109,89,48,45,41,37,50,28,75,156,136
MXAN_5233,16,20,50,52,28,81,91,65,31,113,83,109,219,141,172,78,102,128,109,57,126,41,75,81
MXAN_5235,48,52,109,77,81,102,169,171,60,211,212,200,212,253,291,125,100,110,178,130,164,62,94,87
MXAN_5236,132,90,337,202,166,221,439,451,194,697,491,462,497,607,656,278,279,304,222,203,308,201,189,145
MXAN_5239,161,161,262,287,212,131,1293,1794,456,384,321,291,510,795,791,249,214,173,683,533,312,1439,393,371
MXAN_5250,9,10,35,22,16,41,67,42,21,66,38,42,116,147,158,49,68,51,70,91,67,154,74,66
MXAN_5256,490,433,887,1249,1272,875,2041,2171,503,2201,6534,2021,2213,5351,8414,1202,1394,874,2810,5526,2381,3846,3404,2385
MXAN_5260,74,64,213,133,135,158,209,207,85,303,156,293,250,276,313,117,123,127,103,104,127,98,94,98
MXAN_5265,78,65,268,128,139,154,297,184,97,302,145,210,319,361,460,248,245,249,227,187,185,105,236,237
MXAN_5276,12,8,186,15,11,20,31,29,9,31,17,27,48,44,75,22,13,19,17,21,21,36,21,32
MXAN_5285,39,33,177,164,140,175,158,118,64,103,84,104,192,147,195,76,69,100,107,104,100,147,116,141
MXAN_5297,657,531,743,820,646,1048,4613,3412,1460,3514,2464,2573,6164,7810,8296,3082,2790,2341,4757,4334,4126,3277,5354,5968
MXAN_5316,78,51,115,112,120,316,265,177,103,484,285,413,481,435,491,329,310,389,223,163,243,249,240,211
MXAN_5360,699,555,818,1068,891,1327,1194,1266,460,3916,3007,3331,8898,8380,7023,4287,4644,4514,5214,4853,3320,5241,7045,10239
MXAN_5387,16,17,84,35,13,36,45,60,13,46,34,37,65,84,138,26,44,55,53,75,48,40,40,69
MXAN_5391,56,73,202,73,76,302,16,16,7,362,277,434,2600,2504,1402,2394,2432,1851,1977,1411,270,2417,4528,5172
MXAN_5392,663,1272,1898,1606,2019,3805,288,347,274,16110,13292,14048,27009,38859,42451,13167,13121,13204,10403,12181,9947,14283,19049,16046
MXAN_5399,5,0,22,1,3,3,9,15,3,10,25,3,9,15,30,5,9,7,8,15,13,16,5,12
MXAN_5405,207,233,293,197,280,159,775,789,271,1409,797,591,396,709,876,241,364,231,139,262,230,387,192,50
MXAN_5410,122,93,258,256,268,236,538,434,169,789,632,565,629,795,990,316,318,289,458,423,480,621,445,421
MXAN_5411,1501,2446,3299,2411,1955,968,4778,7916,1235,6730,6380,3421,2819,4570,4753,1120,1223,861,1412,1647,1489,4949,2638,1799
MXAN_5417,12,9,103,28,17,57,41,34,23,87,27,68,163,110,107,59,46,78,81,56,40,40,57,76
MXAN_5422,34,35,73,60,49,143,67,67,40,116,63,138,161,138,174,84,81,111,75,53,92,176,80,124
MXAN_5428,12,5,80,17,11,14,39,35,14,38,33,46,71,79,145,38,40,52,49,37,49,55,59,60
MXAN_5430,57,52,96,69,88,104,175,181,86,255,213,176,837,950,892,826,791,847,690,536,579,280,544,534
MXAN_5440,12,21,74,35,26,40,35,42,16,100,60,86,144,135,130,80,77,73,60,52,36,75,98,124
MXAN_5441,3,0,38,8,4,21,11,12,7,23,19,20,38,42,42,26,25,25,19,15,11,17,24,26
MXAN_5444,3,3,41,9,9,13,7,15,2,21,15,22,39,28,40,15,14,15,17,17,26,11,15,27
MXAN_5448,66,62,178,161,129,273,282,147,115,278,119,284,428,274,356,157,149,209,161,118,197,84,104,196
MXAN_5453,3531,2592,2444,7348,4388,8559,7423,3869,2264,12912,4603,7969,26669,22785,23669,6197,6382,7388,13939,13495,10744,6502,8553,15367
MXAN_5455,575,440,667,935,852,1244,2295,1176,765,1786,578,1073,1178,987,1055,289,345,334,734,504,625,451,539,734
MXAN_5457,40,15,134,57,78,86,212,181,83,128,59,68,99,89,122,49,50,39,59,54,75,81,41,64
MXAN_5459,104,83,202,177,165,127,680,639,139,185,261,161,277,313,476,121,149,141,257,289,213,293,283,221
MXAN_5464,54,60,71,60,106,167,153,169,50,91,81,102,101,120,96,99,73,93,41,35,54,134,30,33
MXAN_5468,31,18,111,42,37,57,67,78,45,107,75,88,108,156,168,61,49,109,50,49,91,114,62,91
MXAN_5477,178,186,340,287,312,259,501,606,238,928,903,629,1109,1489,1593,655,713,392,851,889,479,1912,1301,975
MXAN_5490,632,382,670,1458,896,1303,1930,1169,617,2681,1864,1930,4283,4716,5338,1414,1304,1550,3592,2811,3546,1590,2613,3054
MXAN_5494,24,15,140,44,28,57,78,66,24,132,103,113,227,281,208,110,111,110,133,129,122,139,112,105
MXAN_5513,26,31,288,35,74,62,119,204,58,163,174,147,145,280,411,108,109,109,110,161,103,295,151,139
MXAN_5515,10,23,88,32,27,94,69,64,30,131,63,150,267,205,155,138,149,150,164,102,88,200,148,203
MXAN_5525,173,187,301,444,295,287,882,708,234,2055,1643,1456,2498,2677,2665,735,689,552,1944,1577,1414,2038,1558,1399
MXAN_4489,14,17,16,49,17,44,54,34,19,72,22,59,62,67,47,18,19,20,41,28,37,6,34,21
MXAN_4517,19,20,139,26,30,33,36,43,19,88,113,85,112,169,223,49,69,59,73,66,46,91,103,50
MXAN_4524,121,191,629,157,106,551,85,75,119,664,613,1398,17153,20289,21122,22628,25177,23676,15467,13190,7698,5304,37001,26463
MXAN_4555,169,170,353,334,288,389,569,623,223,640,498,502,614,584,605,219,279,342,242,241,306,275,225,232
MXAN_4560,190,127,240,754,578,944,469,370,169,1152,836,1325,1439,1421,1767,397,432,1094,647,536,1408,590,576,871
MXAN_4563,391,235,459,964,826,1210,813,545,266,983,821,1035,1778,2114,2468,751,865,1124,1539,1039,1847,2079,1637,2984
MXAN_4569,27,24,174,99,69,148,98,77,30,172,186,183,381,384,386,189,186,151,187,187,156,587,306,254
MXAN_4590,21,26,88,58,62,115,144,125,63,155,119,162,294,272,430,118,167,226,124,152,230,110,96,168
MXAN_4591,91,109,267,207,247,256,465,471,210,500,430,410,746,810,1192,350,405,513,352,351,664,318,280,315
MXAN_4592,393,387,1158,862,794,1157,1238,1437,532,3110,3442,2512,6662,8340,7758,3812,3928,3125,5254,4710,3266,8809,5866,7572
MXAN_4593,153,152,257,294,279,387,323,339,107,738,625,660,1298,1360,1485,611,631,604,850,782,734,630,889,1225
MXAN_4617,226,173,235,266,305,400,541,639,287,1375,1117,976,1054,1514,1537,670,703,747,603,558,678,654,588,359
MXAN_4620,521,427,430,715,665,965,1649,1456,777,2639,1355,1819,1785,1926,2073,1086,1150,1223,615,729,1100,432,565,397
MXAN_4626,291,197,315,623,567,952,986,909,398,1302,1851,1311,2025,2734,3129,1123,1372,1495,1223,1295,1680,1340,1142,984
MXAN_4634,3469,3268,3392,6728,6303,7291,10945,11458,4671,18846,14966,12363,21398,28993,30416,11657,11996,10250,14840,15941,14660,23367,15742,14027
MXAN_4647,845,719,1035,1549,1407,1710,3181,3045,1194,3808,3913,3316,6283,8159,7735,3729,3891,3145,4242,4601,3417,4442,3776,3135
MXAN_4657,973,882,722,2605,2454,2111,2991,2956,1085,3960,3099,2743,3678,4304,4178,5617,5469,5087,2499,2331,2340,6753,5619,5794
MXAN_4664,90,81,160,183,181,253,362,337,136,438,511,415,486,566,760,307,360,293,285,369,319,307,191,160
MXAN_4665,129,138,171,219,325,359,596,628,228,760,769,669,865,1083,1233,525,547,452,425,482,545,822,429,256
MXAN_4680,2670,2381,2652,5991,5607,7049,11335,9342,3711,16357,12728,12560,14743,17796,18968,8460,8920,8029,9551,8437,10653,8423,6897,6352
MXAN_4693,176,162,196,408,462,648,935,756,326,1405,691,1159,935,788,873,578,601,787,270,237,421,246,256,198
MXAN_4698,636,512,521,1039,1016,1623,2473,2121,993,3155,2008,2675,3392,3062,3329,1736,2010,2058,1476,1391,1849,1582,1366,1193
MXAN_0280,7,7,122,6,13,14,19,23,9,57,27,50,63,42,82,33,33,38,34,24,28,42,47,51
MXAN_0265,395,358,618,642,634,921,1049,845,415,1706,1413,1620,3725,3887,4091,1943,2052,2263,2607,2167,2076,3385,2567,3773
MXAN_0258,47,51,124,90,95,48,272,149,82,116,122,104,106,200,221,84,91,77,69,136,84,819,142,117
MXAN_0249,103,76,139,112,101,301,181,149,80,375,317,365,697,885,781,589,613,598,461,429,347,392,462,533
MXAN_0224,29,26,181,55,43,80,88,55,39,119,57,125,196,205,209,101,85,110,114,91,103,44,119,138
MXAN_0216,48,29,308,180,126,142,1051,888,293,416,345,353,908,1144,1127,315,360,321,660,645,697,670,546,674
MXAN_0197,130,101,539,175,180,302,411,451,127,704,970,598,991,1204,1368,684,719,480,725,632,411,1464,1112,1004
MXAN_0194,79,63,240,87,104,133,337,232,81,270,138,170,276,248,265,133,156,122,113,126,106,242,134,112
MXAN_0192,40,27,135,34,29,42,84,136,45,124,106,90,131,214,228,78,100,68,106,128,94,391,170,158
MXAN_0191,454,337,490,417,325,421,543,401,187,858,742,787,1366,1164,1039,724,833,750,921,784,554,199,863,802
MXAN_0180,10,7,166,34,26,89,48,47,27,93,53,111,267,250,297,165,229,212,125,124,175,111,173,130
MXAN_0169,891,954,1141,1292,1153,497,1836,2916,589,2551,3323,1459,1073,2734,3105,590,698,426,650,1183,831,2720,1121,670
MXAN_0161,1,3,60,1,3,12,6,5,0,10,2,10,15,14,26,8,11,10,14,6,10,4,8,14
MXAN_0154,9,10,36,8,22,81,2,12,1,87,95,105,590,350,344,255,261,195,333,221,66,199,423,493
MXAN_0149,142,93,575,194,228,264,509,506,176,788,733,609,1115,1284,1446,802,827,561,654,640,447,1860,1377,1136
MXAN_0125,178,132,279,213,224,410,471,437,234,961,705,762,2229,2614,2296,1450,1266,1072,1355,1046,852,1731,1355,1137
MXAN_0121,163,145,466,323,291,974,137,149,55,1195,1051,1464,5892,4963,4493,2910,2888,2188,4377,3260,1155,7710,5623,7564
MXAN_0108,761,603,757,1155,1080,1137,2384,2136,964,2702,2240,2132,2290,3480,3815,1411,1637,1641,1489,1672,1756,1660,1520,1352
MXAN_0106,30,23,316,62,59,123,86,146,34,229,179,228,624,641,722,204,272,261,311,280,381,405,283,339
MXAN_0091,14,20,153,29,41,57,95,101,54,664,193,433,85,51,102,56,41,56,49,28,42,35,21,28
MXAN_0075,2457,1751,2342,4603,3906,3879,6801,4805,1989,8745,5157,6023,6079,7215,7826,3177,3076,2693,3345,2884,3558,3433,3024,2811
MXAN_0068,28,22,171,40,43,101,99,109,43,147,140,140,407,342,428,175,199,180,269,259,233,278,251,250
MXAN_0065,22,15,108,38,26,28,66,115,18,138,130,73,123,197,199,55,86,51,69,97,67,424,176,150
MXAN_6772,116,84,208,288,256,490,433,223,159,786,358,653,1301,927,1056,504,476,558,562,426,620,278,565,524
MXAN_6791,42,30,254,31,48,34,106,143,54,140,150,93,118,183,240,69,82,59,62,91,76,302,88,69
MXAN_6806,18,24,196,27,22,38,67,114,26,82,103,86,110,158,200,69,114,84,90,73,54,191,87,113
MXAN_6812,78,94,128,76,132,106,443,575,173,446,454,323,399,617,759,225,317,234,151,287,258,244,245,86
MXAN_6815,136,120,176,196,169,155,382,518,216,675,519,423,933,1324,1669,574,720,510,986,1465,650,472,1178,1266
MXAN_6816,5,3,46,1,6,14,7,4,4,27,13,16,77,87,45,70,56,33,55,50,13,213,139,113
MXAN_6819,6,9,91,30,19,60,24,13,9,27,12,39,80,47,62,44,49,40,53,22,45,21,35,66
MXAN_6820,9,8,55,22,29,46,44,22,8,46,12,32,77,54,60,39,24,31,34,37,28,11,42,52
MXAN_6829,296,174,315,589,486,1055,812,511,311,1111,604,1173,1837,1273,1206,817,775,1092,825,480,1024,276,499,605
MXAN_6853,3,3,98,9,5,13,12,10,4,17,13,18,45,34,76,21,17,21,34,33,18,42,37,53
MXAN_6911,29,27,332,77,56,267,1757,629,885,6259,2127,6999,2071,2141,2527,2448,2375,1669,1634,1068,1224,588,827,186
MXAN_6913,1853,1088,1397,1806,1297,1323,2724,2710,910,3324,1856,1830,1730,2217,2475,1067,975,965,854,1056,1054,1395,1174,858
MXAN_6962,1477,1735,2583,2018,2306,6204,729,554,364,11453,7567,9480,21680,21653,19077,10130,10852,9774,10463,10916,4615,29171,16250,16090
MXAN_6969,49,54,124,75,58,64,105,150,49,214,222,139,192,319,348,125,164,82,162,159,111,326,340,251
MXAN_6971,92,85,322,224,234,309,313,283,117,777,592,648,1568,2593,3086,774,833,682,1560,1878,1315,1661,1507,1581
MXAN_6976,23,16,130,32,30,48,49,41,16,72,22,60,233,126,81,70,50,60,135,87,49,31,81,125
MXAN_6997,1002,955,1316,1729,1766,2307,3579,4129,1599,5482,4143,4255,6368,7135,7376,2710,2630,2551,4685,3898,3772,6777,3914,4577
MXAN_6506,10,2,195,9,7,10,15,24,11,29,25,21,37,61,109,26,38,26,24,34,32,39,36,40
MXAN_6480,19,9,42,33,30,39,49,121,34,68,66,59,128,217,320,102,107,97,79,147,103,65,132,115
MXAN_6474,451,425,714,780,702,1058,1799,1424,681,2048,1538,1656,2468,2894,2685,1253,1267,1094,1438,1239,1334,1675,1230,1016
MXAN_6471,119,136,214,170,151,129,411,433,152,454,420,295,367,839,941,270,332,232,276,421,335,456,328,186
MXAN_6465,554,498,1376,735,643,1401,1071,1216,392,2542,2525,2179,4277,4773,4285,2845,3006,2252,2714,2478,1327,3573,4914,4359
MXAN_6443,269,158,261,808,822,1323,1154,813,375,1298,917,1322,3451,2775,2434,1295,1263,1284,2571,1219,2053,1991,1525,2350
MXAN_6432,390,286,492,801,613,976,897,537,299,2049,865,1367,2100,1737,1677,1059,836,884,1237,723,958,1052,1057,1166
MXAN_6428,298,314,671,488,410,514,1097,1303,519,1613,1461,1139,1441,2214,2406,667,663,598,1047,1087,956,5277,786,604
MXAN_6411,37,14,313,26,21,69,53,80,29,117,102,104,332,256,285,151,135,128,272,248,163,228,203,242
MXAN_6407,41,31,163,83,54,153,131,154,77,222,177,201,412,557,658,214,208,261,313,346,352,542,249,301
MXAN_6405,36,49,232,100,88,78,240,207,108,140,70,137,128,126,202,62,69,81,52,60,94,65,47,50
MXAN_6404,69,48,109,163,138,132,358,218,125,181,91,165,142,171,216,51,60,89,82,58,75,37,46,56
MXAN_6402,12,11,58,36,44,36,126,95,54,51,18,53,66,78,91,39,35,38,26,16,35,20,18,31
MXAN_6401,21,21,174,54,61,78,249,135,115,115,65,80,181,207,348,60,106,106,94,122,133,325,87,135
MXAN_6391,3,3,37,10,4,23,2,6,0,29,19,33,53,82,63,33,47,55,44,61,30,84,40,33
MXAN_6387,122,76,261,194,179,356,418,353,229,770,422,613,867,900,989,426,358,393,625,395,492,982,446,566
MXAN_6376,604,1299,1173,675,1282,501,1064,3219,370,880,1697,587,891,1383,1627,747,768,550,867,1330,653,2277,1778,2545
MXAN_6360,243,176,321,408,321,641,678,480,260,1508,507,945,2350,1580,1296,898,639,633,1668,824,871,1214,953,1255
MXAN_6338,64,53,113,139,128,199,240,199,119,355,212,246,425,496,559,288,267,240,269,271,292,531,225,182
MXAN_6333,731,448,742,1153,916,1314,1777,1288,731,2542,1857,1990,1812,2284,2450,1082,1059,1047,1086,1011,1201,987,1016,916
MXAN_6321,57,57,111,97,102,115,150,127,56,326,226,196,282,358,411,126,105,146,198,184,184,209,185,150
MXAN_6320,284,434,560,460,489,322,1210,2106,493,1661,2165,945,1335,2829,3738,598,830,572,1113,1879,1045,1668,1810,1269
MXAN_6312,90,100,284,204,174,307,322,339,132,583,402,450,787,931,1275,436,527,524,607,683,624,872,609,516
MXAN_6308,36,34,225,57,62,47,111,143,44,152,177,123,122,191,301,52,94,56,63,128,77,316,93,123
MXAN_7219,71,69,241,128,132,103,235,164,98,518,185,386,188,235,319,90,103,88,98,131,112,99,133,91
MXAN_7217,27,24,232,41,29,44,65,79,30,113,86,91,91,117,190,63,59,62,73,65,50,114,64,50
MXAN_7209,13,11,251,17,16,26,53,86,26,119,129,66,252,282,383,160,188,120,221,241,139,788,467,552
MXAN_7201,12,17,109,16,37,47,45,62,19,120,102,79,186,279,308,97,148,114,92,126,53,507,191,169
MXAN_7191,73,55,168,232,564,842,305,375,160,950,1044,1194,2084,1314,494,287,196,207,1494,169,204,378,333,285
MXAN_7180,26,5,266,26,19,34,42,40,19,34,33,46,48,48,109,24,27,16,23,22,26,70,33,41
MXAN_7169,82,63,285,157,155,244,265,186,110,329,337,329,488,542,724,241,291,267,337,280,371,338,310,423
MXAN_7168,461,391,544,1154,1126,1581,1983,1517,778,2558,1802,2278,4807,4530,4940,2287,2653,2464,3270,2737,2791,2182,3019,4610
MXAN_7159,367,241,556,658,608,898,1052,770,331,1945,1595,1724,1876,2471,2743,982,946,910,1447,1167,1245,1756,1400,1277
MXAN_7153,11,5,81,14,10,23,34,32,13,67,61,44,34,69,75,32,38,19,24,40,23,101,34,29
MXAN_7146,1351,885,1505,1358,1431,1847,4165,3259,1445,3028,2226,2151,8059,8246,7343,4112,3420,1789,3341,2666,2845,6891,3985,5908
MXAN_7145,1691,1413,1862,2087,1859,1854,4910,3000,1378,3875,2462,2544,9357,10312,8449,3869,4296,2292,3411,3166,3084,5514,4419,4280
MXAN_7124,44,31,112,62,54,73,120,95,42,168,118,124,160,162,214,102,102,132,76,86,115,79,65,96
MXAN_7114,17,9,138,16,15,49,32,29,20,92,67,65,199,163,257,73,64,68,150,160,113,321,138,146
MXAN_7083,81,54,170,81,101,133,224,226,120,367,176,275,343,442,549,197,235,202,170,164,226,691,183,179
MXAN_7079,47,43,149,95,98,97,204,256,85,400,360,280,308,550,578,154,112,100,232,166,186,479,191,231
MXAN_7078,50,30,208,58,46,69,115,115,45,177,184,133,187,190,287,71,75,84,118,113,87,168,97,97
MXAN_7076,21,10,49,17,17,42,61,45,34,84,69,69,118,115,109,64,63,67,47,36,88,21,21,24
MXAN_7069,23,30,95,53,68,77,138,100,44,162,121,127,187,186,258,103,102,87,101,109,112,323,129,107
MXAN_3855,6,4,52,17,11,44,10,25,9,49,22,51,159,121,100,68,64,48,83,53,53,144,69,110
MXAN_3867,23,11,37,23,15,39,33,39,10,59,43,49,56,78,87,45,58,49,27,19,42,75,41,44
MXAN_3881,59,31,237,48,71,172,94,149,43,242,162,234,535,588,445,418,471,405,248,243,110,422,711,702
MXAN_3891,32,31,86,87,53,40,105,152,43,150,167,104,138,182,275,43,69,60,82,164,76,65,86,102
MXAN_3897,1871,1681,1927,3071,3284,4371,7418,7153,2998,9903,8357,8551,8504,11040,13016,4858,5412,5706,4059,4504,5979,5902,4086,3446
MXAN_3901,124,137,220,266,225,162,390,317,184,485,420,393,343,545,582,146,175,190,195,205,224,198,183,157
MXAN_3911,131,108,232,191,193,155,372,347,128,452,628,367,462,741,867,235,275,192,251,408,340,673,393,248
MXAN_3922,81,86,232,159,195,190,402,411,159,628,632,462,603,764,909,278,335,289,335,319,373,547,278,243
MXAN_3925,76,64,186,127,130,161,336,364,139,502,369,350,347,400,397,136,129,154,169,131,149,70,72,98
MXAN_3931,155,134,308,280,267,279,542,631,227,656,604,523,823,1138,1137,538,573,636,309,338,378,334,680,906
MXAN_3937,21,22,160,34,48,63,50,93,30,141,190,126,265,341,313,226,242,202,88,68,50,397,284,308
MXAN_3943,134,156,254,214,209,303,224,321,118,681,614,606,1074,1441,1215,844,919,848,453,386,324,560,793,1023
MXAN_3948,43,39,171,78,96,164,106,136,45,310,294,280,741,862,800,623,677,732,299,223,220,806,556,850
MXAN_3955,728,726,1069,1450,1457,1984,2808,2972,1076,4903,4606,3888,8244,8530,8581,4147,3618,3174,5962,4817,4705,5697,4341,3893
MXAN_3968,34,25,117,92,77,128,160,196,59,359,284,312,418,534,547,342,295,185,853,496,354,1330,682,758
MXAN_3975,51,32,100,73,82,129,120,103,39,216,172,192,427,483,648,222,261,225,365,315,371,332,313,285
MXAN_3976,492,495,625,1212,923,1482,1639,1113,637,2370,1486,2165,4497,4121,4681,1898,2058,2298,3087,2496,2683,1229,2556,3791
MXAN_3981,55,43,92,76,58,93,118,140,56,212,167,170,217,199,201,126,99,113,153,98,132,124,140,155
MXAN_3990,17,24,115,37,54,50,100,118,45,138,111,122,141,144,250,77,92,108,64,70,100,163,105,177
MXAN_3995,53,64,116,101,89,82,143,159,54,266,238,187,164,281,312,73,73,50,83,91,76,66,69,69
MXAN_3999,98,65,87,181,178,216,379,299,109,342,447,312,601,807,1048,287,337,263,539,566,400,1002,431,487
MXAN_3835,146,108,202,403,376,763,605,539,206,838,1075,1011,2682,3075,3339,1266,1446,1308,2139,2282,1366,3529,2436,2940
MXAN_3833,976,816,1128,1741,1491,2000,3687,3616,1541,5169,3762,4227,4627,5953,6165,2642,2723,2993,2677,2403,3370,2925,2678,2611
MXAN_3827,28,31,125,62,48,53,55,72,36,137,128,129,184,247,254,114,138,107,172,181,119,296,183,186
MXAN_3826,43,33,173,66,74,71,105,146,44,193,126,123,212,238,266,97,114,121,113,92,120,167,131,182
MXAN_3812,153,177,289,292,208,251,648,725,200,1261,1011,761,1082,1220,1478,926,872,572,1068,1062,658,2946,1425,1284
MXAN_3806,450,520,716,634,529,401,1026,1630,371,2263,2688,1271,2130,3950,3834,1284,1342,807,2092,3036,1006,1873,2515,1818
MXAN_3763,973,1092,1114,1740,1549,1680,4462,4965,1763,5750,5268,4077,6560,8954,8650,3604,4334,4029,3353,4332,4331,3431,3847,2236
MXAN_3705,1843,1797,2296,2595,2149,2923,5612,6997,2202,8014,7683,5817,6894,9276,10577,3622,3770,3189,4275,4454,3700,6740,5519,4217
MXAN_3702,753,540,810,1617,1271,1374,1940,1790,590,2224,2482,2227,2939,3629,3466,1497,1629,1414,1830,1623,1787,2174,1793,1956
MXAN_3692,159,136,223,530,508,878,1010,1035,282,1398,1862,1515,3409,4726,5330,1580,1693,1632,2628,2357,2524,3129,2287,2423
MXAN_3667,231,195,228,217,153,215,409,337,111,554,354,391,772,807,764,418,398,364,465,432,327,673,585,495
MXAN_3666,938,1013,1595,2218,1995,1732,2696,2379,729,2464,4200,2091,1678,2530,3376,816,1118,966,1088,1518,1555,1568,1916,1663
MXAN_3659,5,9,34,9,6,11,23,13,12,14,22,20,32,22,36,11,17,7,12,15,13,8,10,15
MXAN_0892,67,61,159,98,155,201,254,303,115,562,382,492,681,585,719,333,392,335,296,287,273,568,461,391
MXAN_0907,89,61,325,176,174,374,415,342,199,830,523,625,1167,1158,1270,549,511,456,1031,682,734,897,590,632
MXAN_0928,657,672,950,1368,1254,1574,1986,2472,1019,4499,4040,3534,9767,11496,11992,4395,4603,3738,8125,7572,5363,7642,7308,8557
MXAN_0930,71,75,207,174,142,284,260,270,112,562,484,490,1749,1922,2362,839,953,818,1750,1753,1243,1759,1807,2429
MXAN_0949,686,534,1112,1330,1234,1742,1530,1359,619,3831,3329,2632,5653,7067,6350,2689,2756,2054,4138,3543,2393,6763,5891,6882
MXAN_0967,15,4,45,14,10,19,36,33,5,81,18,29,83,79,71,16,16,16,13,13,21,37,16,15
MXAN_0971,7,3,275,9,10,16,51,71,17,19,14,17,1052,1046,1168,17,21,24,82,116,224,25,59,70
MXAN_1014,120,79,469,212,216,397,227,234,107,578,565,541,1792,1989,2138,909,1040,795,1371,1370,759,2031,1874,2014
MXAN_1025,1630,1554,2269,3464,3150,3582,6010,5892,2122,8101,6051,6766,8157,10224,10816,4229,4842,4517,5308,4842,5647,4191,5090,4465
MXAN_1029,72,68,267,148,159,261,310,259,149,365,300,357,486,492,617,267,277,365,210,236,348,228,198,182
MXAN_1046,112,97,653,158,219,360,444,353,181,843,633,596,891,856,864,535,529,599,489,451,328,824,834,828
MXAN_6537,82,57,221,187,227,314,398,243,167,711,375,546,1069,1054,1050,406,298,327,697,476,740,707,527,651
MXAN_6539,201,190,321,475,312,481,692,577,232,838,920,740,1230,955,1089,439,419,412,891,656,735,688,762,848
MXAN_6562,23,30,214,45,43,55,91,90,32,109,103,67,115,148,201,67,73,37,86,101,66,187,92,101
MXAN_6570,756,644,1107,2215,2013,2600,3009,2658,1009,4135,3906,4166,8747,10203,10219,6313,6592,6498,7262,5781,5846,7990,7720,8742
MXAN_6572,155,152,187,256,359,550,774,767,344,872,508,666,1006,1212,1553,779,868,971,489,517,904,1302,500,575
MXAN_6581,7,9,48,16,25,46,38,31,19,54,44,40,178,190,254,118,113,85,206,177,123,313,195,191
MXAN_6584,74,94,268,127,158,262,231,246,114,639,349,417,566,452,629,235,236,228,253,249,231,288,241,206
MXAN_6614,84,87,103,95,77,72,230,88,95,34,12,28,61,46,56,24,26,34,21,14,16,15,24,31
MXAN_6637,132,74,97,190,154,301,179,147,133,644,246,457,801,832,675,563,424,440,375,276,257,826,579,710
MXAN_6638,142,171,237,233,186,421,149,169,82,806,516,609,1110,1160,962,711,697,577,576,529,319,1385,905,1009
MXAN_6661,904,695,770,1493,1529,2198,2784,2825,1161,4649,3840,3855,5747,5906,6031,3275,3218,2894,3359,2816,3377,3992,2678,2864
MXAN_6663,932,875,1120,1879,1493,1805,3347,2816,874,4330,3170,3252,3707,3821,3841,2045,2148,2293,2220,1620,1951,1301,1848,1822
MXAN_6672,3220,3304,3835,6694,6740,6704,10653,15614,3829,19825,22646,16375,25895,39095,39630,12175,13855,12182,18850,19421,18968,20345,19647,18223
MXAN_6696,1529,1289,1363,2809,2624,3652,5016,4324,2315,7873,5192,5644,11972,16166,17371,6667,7215,6940,9704,9762,9518,6553,8073,7864
MXAN_6718,206,167,290,343,360,495,639,584,251,978,780,756,845,944,1117,432,483,462,497,496,447,783,490,537
MXAN_6727,27,17,150,53,63,115,100,109,59,131,74,135,278,221,305,125,145,145,165,149,138,298,164,180
MXAN_1313,173,129,141,358,227,612,360,198,143,377,178,402,842,784,918,425,409,535,741,572,612,957,753,1267
MXAN_1308,276,261,309,430,295,330,509,542,179,952,1116,701,857,1127,1041,492,443,324,501,654,377,279,460,269
MXAN_1306,162,138,204,265,282,313,545,482,172,1204,1149,764,1071,1441,1668,545,570,340,646,659,445,782,732,460
MXAN_1291,74,60,418,144,160,303,291,288,132,420,393,424,1262,1144,1111,1087,1287,1341,858,773,703,900,1291,1359
MXAN_1289,30,23,110,78,73,116,115,102,53,166,124,151,350,404,380,326,345,359,252,220,216,348,361,437
MXAN_1288,52,48,244,101,128,182,175,182,106,325,282,347,1178,1217,1133,1442,1509,1496,650,546,613,1525,1578,1353
MXAN_1286,74,49,277,197,179,520,343,335,230,573,547,734,2622,2903,2523,4034,3935,3971,1734,1386,1478,3231,4173,3422
MXAN_1285,162,147,431,506,507,1103,751,881,466,1343,1585,1702,4755,6688,6318,7110,7568,7022,3211,2985,3294,12093,8950,6901
MXAN_1284,98,89,305,227,256,406,420,560,315,763,966,979,2270,3164,3006,3162,3457,3302,1468,1400,1505,4978,4593,3285
MXAN_1245,280,229,318,611,452,586,1034,830,331,1354,1004,1037,1719,2085,2107,796,915,770,1288,1164,1238,871,845,743
MXAN_1241,50,73,86,68,76,164,172,170,98,314,165,239,439,451,485,219,214,272,206,244,231,723,218,252
MXAN_1227,68,62,97,195,131,165,282,344,180,361,289,367,234,454,425,63,69,76,141,163,200,35,74,74
MXAN_1213,12,4,51,3,3,5,17,18,8,16,14,13,24,16,50,13,8,15,14,22,15,8,16,25
MXAN_1200,606,661,843,843,680,481,1730,2149,755,2626,2596,1765,1802,3059,2741,653,691,574,1363,1991,1143,916,958,849
MXAN_1190,20,28,127,48,36,117,116,92,55,146,61,135,312,267,365,123,162,188,177,146,239,99,151,189
MXAN_1173,213,197,413,475,437,834,379,529,226,2363,1759,1815,5774,6497,7237,2796,2571,2231,5618,4609,3927,6789,4144,4663
MXAN_1160,324,259,470,623,629,728,1589,1581,620,1731,1322,1322,1598,2415,2403,1129,1186,1115,951,915,1211,1132,1274,1097
MXAN_1151,759,660,926,1583,1423,2228,2746,2204,1066,3739,2340,2975,4733,5484,6165,2357,2479,2515,3243,2794,3318,3042,3031,3857
MXAN_1149,67,99,196,96,137,582,42,52,43,666,439,779,2606,2303,1930,1946,2179,1914,2030,1946,780,4111,3359,3364
MXAN_0706,26,16,209,35,42,34,65,83,22,114,91,85,170,245,352,110,126,94,131,138,100,217,165,166
MXAN_0702,37,45,283,89,97,139,210,281,81,343,428,308,798,926,1023,782,862,763,613,740,592,2644,1638,2565
MXAN_0697,4,3,102,9,5,15,10,15,12,28,18,19,28,27,55,14,15,16,16,23,13,9,21,17
MXAN_0689,43,31,143,81,101,164,149,140,66,263,147,254,610,503,489,403,351,375,455,325,284,363,457,605
MXAN_0687,11,7,111,33,13,139,310,178,271,1089,351,1176,763,777,924,504,441,370,456,339,507,279,276,140
MXAN_0683,15,15,152,64,31,116,45,36,28,440,326,379,3759,3407,3004,1549,1392,751,6620,4424,2573,8032,4708,4300
MXAN_0677,412,291,475,708,575,1069,906,911,407,2940,2893,2058,3691,4003,3153,1834,1675,1577,1710,939,1346,1347,2343,2306
MXAN_0650,387,291,471,676,507,703,844,678,374,1599,1135,1289,2196,3006,2679,1217,1162,1073,1540,1300,1397,1665,1618,1589
MXAN_0643,36,25,236,80,56,124,86,72,43,159,87,126,169,196,225,96,99,113,93,82,99,111,115,115
MXAN_0631,106,82,202,217,177,339,368,330,163,660,491,570,1057,1193,1322,572,534,541,784,772,796,895,701,766
MXAN_0614,20,8,263,24,21,65,41,44,19,85,50,87,439,303,298,315,291,247,308,205,116,826,573,857
MXAN_0606,640,626,793,1279,1193,1158,2732,2713,1068,3582,2211,2749,2864,4110,4432,1369,1417,1517,1484,1762,2018,2148,1162,1289
MXAN_0603,104,75,452,184,179,341,403,418,169,424,341,367,678,789,1021,399,434,473,362,401,482,1246,372,391
MXAN_0597,92,57,370,151,137,197,247,233,114,610,426,484,562,749,749,391,420,320,323,293,233,412,361,355
MXAN_0595,95,53,233,102,136,213,240,229,117,530,482,401,739,811,772,516,481,364,462,456,278,751,713,592
MXAN_0593,12,9,165,16,27,85,31,39,20,69,51,92,306,262,328,133,143,174,266,229,174,201,240,399
MXAN_0570,17,7,117,18,27,20,67,52,22,82,98,67,67,102,170,36,53,39,44,64,52,140,57,52
MXAN_0563,417,517,675,1557,1372,1851,915,1813,465,2163,1833,1571,1910,2244,2444,844,916,779,1388,1533,1024,3875,1302,1380
MXAN_0535,1052,1118,1956,1790,2167,2511,4539,5441,1935,7687,6330,5770,7217,8984,10573,3377,3882,3853,3819,4096,4666,5526,3652,3610
MXAN_3598,897,783,862,1491,1212,1245,3213,2493,1170,3807,2310,2590,2792,4301,5455,1464,1747,1555,1653,1811,2050,1411,1711,1198
MXAN_3588,701,523,597,1026,851,1411,2029,1823,960,4223,2261,3091,3309,3855,3514,2243,1811,1799,1781,1378,1364,2802,1572,1318
MXAN_3584,160,103,164,375,289,556,600,271,183,783,453,681,1104,835,1002,454,450,489,455,375,511,177,408,381
MXAN_3521,63,42,61,95,113,258,334,136,90,181,106,254,452,406,542,255,265,296,261,248,345,205,179,268
MXAN_3520,198,134,135,302,245,532,470,260,203,477,185,463,992,905,1001,493,520,603,563,525,732,897,494,553
MXAN_3464,130,156,252,307,249,224,421,419,178,509,372,371,310,463,519,130,150,167,174,246,220,82,149,130
MXAN_3456,68,60,140,240,211,451,281,247,113,716,393,594,1349,1209,1187,517,501,628,710,475,813,310,511,668
MXAN_3444,151,154,318,257,241,393,434,427,210,722,573,611,635,736,887,379,363,403,358,307,432,509,314,365
MXAN_4126,14,16,65,23,23,27,33,51,23,88,89,66,199,213,197,138,168,102,171,155,57,106,107,102
MXAN_4123,143,121,152,213,176,449,272,177,140,754,380,622,5523,3847,2575,2164,2156,2676,4739,2350,1478,1212,1997,6712
MXAN_4113,377,324,390,573,506,478,1044,767,392,1472,736,1114,1015,1148,1130,538,607,605,557,461,663,134,395,375
MXAN_4102,123,136,227,243,271,222,639,609,273,837,649,573,802,1278,1611,367,412,400,656,681,763,844,563,425
MXAN_4088,43,34,97,89,116,97,133,161,36,98,206,146,192,264,304,81,101,132,142,139,139,284,156,184
MXAN_4087,920,789,1259,1702,1501,1080,2155,1932,544,2019,2009,1568,1480,2417,2959,604,769,764,1031,1166,1311,2011,1533,1503
MXAN_4079,196,171,1494,363,383,598,956,916,470,935,671,748,1272,1252,1443,621,648,802,741,717,855,630,549,677
MXAN_4077,221,199,709,463,447,721,1167,873,513,963,638,771,1025,958,1093,416,497,624,578,635,819,345,447,591
MXAN_4073,1251,928,1260,2148,1432,1574,1772,1307,844,2351,1344,1675,1663,2194,2793,813,865,985,1286,1041,1451,1897,1809,2288
MXAN_4045,61,35,133,208,190,256,199,82,49,187,95,128,331,382,361,196,188,150,291,213,162,833,400,320
MXAN_4028,190,191,361,412,463,935,808,759,341,1599,1391,1492,3393,2906,2985,1682,1776,1559,1967,1825,1236,2990,2434,2322
MXAN_4016,323,334,404,1010,886,1255,1384,1395,755,2125,1600,1805,3620,3515,4017,1411,1428,1591,2543,1969,2220,1796,1974,2517
MXAN_4005,39,23,104,78,61,118,102,85,34,160,105,180,251,255,400,138,179,205,173,165,199,307,148,131
MXAN_4004,68,71,318,133,218,321,457,394,182,455,489,493,468,569,703,215,289,327,219,246,405,538,271,359
MXAN_4471,272,244,324,335,388,478,831,1155,467,1068,965,812,818,1076,1346,436,465,577,427,467,703,545,614,618
MXAN_4466,47,38,66,146,151,305,230,159,93,348,265,303,1095,931,1125,446,365,340,969,673,666,1018,710,863
MXAN_4464,662,378,450,1249,1035,1209,1478,1078,538,2796,2473,2273,3791,4381,3987,1859,2021,1681,2675,2080,2286,1240,2843,2914
MXAN_4457,406,312,380,749,704,1099,1214,826,413,1813,965,1478,1863,1775,1815,961,935,964,1022,813,1057,893,1046,1089
MXAN_4438,88,96,224,209,186,329,360,331,148,548,394,467,889,915,1081,427,457,484,642,548,661,392,535,445
MXAN_4418,28,37,124,56,63,196,42,73,50,295,260,370,642,760,745,363,308,377,326,363,329,516,400,347
MXAN_4398,1438,1194,1411,3096,2468,3326,5001,5123,1966,7873,7478,5745,9581,11667,12895,4744,4851,4403,8019,9107,6475,6756,6789,6695
MXAN_4383,47,41,68,89,113,92,285,218,98,405,286,268,323,441,491,135,145,121,215,201,214,172,182,122
MXAN_4381,163,146,207,226,196,133,543,680,170,668,599,407,427,606,663,197,188,143,277,253,210,245,183,105
MXAN_4353,30,19,109,62,36,114,55,71,40,132,102,129,233,202,268,104,116,133,149,112,113,247,140,135
MXAN_4348,281,166,301,503,454,517,878,806,268,1494,972,1066,1023,1601,1633,675,737,722,622,557,714,1286,850,823
MXAN_5635,318,293,357,379,394,544,884,1130,686,1333,1021,971,1237,1507,1374,870,965,702,597,643,362,1431,1073,924
MXAN_5647,1,1,62,5,3,5,12,10,3,14,7,8,22,29,41,9,26,9,17,22,15,20,18,17
MXAN_5657,28,26,131,38,47,72,69,81,25,114,92,115,305,463,516,204,235,228,244,295,172,756,396,501
MXAN_5662,656,590,803,1121,1155,1163,2417,2399,985,3740,3258,2509,2748,3758,4221,1756,1753,1409,1508,1573,1830,2188,1493,1096
MXAN_5672,91,111,281,176,169,265,378,310,140,481,518,462,644,902,1081,324,316,316,471,476,553,681,456,411
MXAN_5674,12,15,122,20,25,10,56,101,25,67,60,49,68,74,159,26,43,30,25,56,38,30,44,33
MXAN_5679,3,1,78,4,3,16,26,13,9,83,35,121,83,71,115,64,66,65,70,39,46,32,52,25
MXAN_5691,3,2,86,5,6,5,5,13,5,10,11,15,14,20,47,6,14,11,7,17,14,33,12,12
MXAN_5704,122,99,242,221,166,366,394,350,175,695,354,591,761,826,1103,487,495,555,416,436,472,797,479,384
MXAN_5719,228,187,287,335,360,915,777,697,400,1157,855,1077,2106,2146,2358,1070,1086,1407,985,929,1367,1247,944,589
MXAN_5729,95,97,183,126,143,162,333,415,147,417,282,326,305,453,498,199,218,232,106,166,172,212,108,66
MXAN_5757,494,327,337,995,826,764,1634,949,461,1598,1128,1188,1409,2006,2191,921,929,875,872,749,974,392,667,487
MXAN_5764,793,629,1002,1586,1300,1617,2598,2060,973,3333,2305,2476,3419,3943,4492,2143,2083,1739,2535,2212,2081,4425,2625,1930
MXAN_0520,430,355,568,803,798,1432,1331,988,447,2663,1294,1811,3837,3109,3314,1795,1925,1954,2008,1566,1701,1311,1711,1903
MXAN_0519,772,1124,1165,1073,1574,1379,3298,4869,1227,4587,3165,2972,3522,5663,6210,1626,1683,1338,2161,2140,2249,4991,2355,2110
MXAN_0502,6,4,27,16,6,19,16,14,6,30,21,35,40,44,50,31,40,37,24,26,37,9,24,30
MXAN_0500,38,50,94,77,86,72,161,154,73,201,161,125,146,231,347,84,96,92,66,94,102,114,81,83
MXAN_0497,119,106,183,192,174,160,385,431,154,369,328,303,449,648,846,251,308,306,295,390,275,326,336,300
MXAN_0450,1426,889,841,1320,1169,2420,2287,1621,998,2085,1693,1763,2465,2671,2872,1665,1728,1846,1345,1394,1328,1848,1599,1946
MXAN_0449,3585,2750,2990,3051,3204,4371,6319,6297,2922,7542,5959,5256,5423,6561,6401,3812,3679,3555,2672,2368,2973,3845,3447,4096
MXAN_0431,21,19,122,59,38,38,92,99,35,115,107,90,112,158,169,57,84,38,46,81,21,1006,279,213
MXAN_0414,2754,2091,2931,4661,3522,2729,3916,3096,1254,4179,2782,3398,2215,3495,4878,1168,1423,1386,1178,1446,1891,2301,2192,2088
MXAN_0406,4,8,24,14,17,48,18,6,17,76,26,80,149,72,76,78,72,73,61,31,20,69,77,86
MXAN_0404,1789,1397,1280,2922,3107,2973,7803,6428,1950,10137,6220,6058,7974,10066,9993,5051,4917,5567,3495,2675,5378,1483,2799,2437
MXAN_0402,569,561,458,856,915,1253,2249,2653,899,3320,2200,2260,3573,4133,3647,2083,2479,2753,1224,1375,2098,708,1126,722
MXAN_0396,252,222,480,400,492,719,833,773,248,1839,1446,1354,2197,2912,2530,1485,1652,1203,1219,1284,913,1841,1754,1666
MXAN_0394,11,15,190,21,20,38,29,52,18,77,57,67,147,172,162,97,86,66,101,80,60,56,109,162
MXAN_0392,16,10,95,15,16,17,34,50,9,80,65,43,139,128,127,64,81,54,72,78,66,55,96,90
MXAN_0370,211,159,382,385,449,619,882,793,427,1192,882,962,1354,1447,1744,680,665,680,1029,845,968,1886,798,1028
MXAN_0362,10949,10226,10081,20536,15153,13877,28202,23348,13137,40032,17254,26410,43401,42297,40315,20031,21265,23060,26897,26460,24090,7949,17545,25429
MXAN_0357,261,250,299,861,1000,539,851,984,319,1302,1367,906,1415,2151,2521,2557,2948,2292,990,1184,1026,2458,3079,2809
MXAN_0356,187,168,199,620,530,690,485,546,242,969,529,747,1279,1216,1384,1918,1817,2309,722,615,711,2854,1713,2510
MXAN_0354,527,467,572,2203,1924,1745,1629,2022,731,3487,2736,3067,3960,5006,5369,6205,6319,6814,2098,2034,2333,7785,6350,6824
MXAN_0353,232,215,316,423,341,472,731,577,285,1062,652,840,1179,1302,1589,513,593,514,924,889,816,1374,742,882
MXAN_5785,469,418,413,824,858,958,1663,1671,765,2535,1927,1939,2872,3721,3592,1770,1576,1512,1892,1651,1745,5865,1674,1377
MXAN_5811,151,132,158,301,259,335,520,653,227,716,650,582,1030,1795,2450,747,1032,773,1012,1378,1089,638,1298,1295
MXAN_5819,2040,1582,1871,3497,2817,4273,4950,5834,1879,10068,5533,7387,7540,8125,9649,3819,3534,3189,5336,5202,4668,7605,7269,6110
MXAN_5820,36,43,64,122,98,188,138,117,54,236,111,239,345,341,399,192,194,205,308,241,210,141,300,351
MXAN_5824,439,308,409,856,890,1462,1874,1496,620,2398,1996,2240,2649,3119,3270,1605,1569,1656,1552,1300,1741,1182,1465,1109
MXAN_4840,196,122,182,438,300,716,649,341,320,871,362,751,2155,1974,1951,1218,1114,1357,1592,969,1301,1062,1187,1914
MXAN_4825,19,13,206,31,15,41,45,67,20,242,130,223,67,83,135,73,79,65,49,43,41,64,43,47
MXAN_4819,6,7,60,14,17,13,71,51,9,143,45,70,34,47,73,21,19,21,19,23,24,21,22,24
MXAN_4817,394,338,495,506,647,793,689,702,333,1839,1132,1477,2571,2275,2130,1575,1466,1586,870,821,704,957,1509,1552
MXAN_4796,1324,1401,1421,1935,1803,2579,3549,4034,1715,6939,3773,5448,8791,9233,8259,4771,4506,4861,3717,2808,3730,4835,4102,4737
MXAN_4781,23,13,47,25,22,48,39,31,17,57,76,37,77,112,164,44,67,43,73,91,68,199,112,74
MXAN_4749,833,623,872,1266,894,1097,1422,1291,616,1937,1413,1460,1407,1959,2440,877,802,707,826,898,1012,1622,941,698
MXAN_4745,1991,1286,1524,2847,2785,4051,8817,6485,4038,8799,4135,6026,7175,7319,7132,4046,3932,4454,3810,3323,3935,3955,3396,3416
MXAN_4735,876,752,836,1269,1007,1466,2272,2603,1210,4118,2579,2846,3783,4443,4084,2248,2507,2590,1775,1631,2280,1631,1728,1186
MXAN_4707,100,76,81,150,190,343,426,362,179,618,368,566,648,940,1246,473,534,519,287,405,528,346,396,237
MXAN_6132,87,49,102,146,115,182,293,237,96,365,283,297,559,560,628,195,208,178,377,342,266,180,256,325
MXAN_6140,36,25,50,56,39,70,133,122,48,177,133,156,170,218,215,81,88,91,121,142,137,45,60,70
MXAN_6142,254,213,251,440,363,337,511,351,202,812,449,576,810,924,896,226,227,237,430,460,390,105,217,235
MXAN_6147,61,49,303,113,89,89,188,260,78,275,256,168,287,367,579,157,160,112,273,286,223,440,300,364
MXAN_6150,493,365,747,1093,831,1000,1586,1499,636,1736,1334,1426,2531,3998,4674,1110,1217,1079,2435,2524,2650,2322,1769,2045
MXAN_6151,42,51,154,73,74,73,185,218,67,236,211,159,191,269,345,102,106,97,127,131,128,207,123,105
MXAN_6152,1340,1377,1189,2959,2821,2552,6277,5209,2180,4787,3017,3095,5928,7203,7719,2361,2740,2282,4901,4207,3870,3182,4065,4447
MXAN_6153,427,403,448,802,773,993,1546,1536,493,1774,1316,1528,2327,2670,3310,1081,1291,1310,1320,1425,1669,1045,1139,993
MXAN_6165,100,111,185,238,166,117,704,532,171,166,93,118,426,492,381,194,151,113,496,413,95,164,311,340
MXAN_6172,80,55,185,121,97,94,155,196,77,258,281,203,293,413,432,155,158,153,197,162,178,512,199,199
MXAN_6175,51,33,95,93,74,70,129,148,55,225,183,137,161,166,152,41,48,55,95,57,77,15,45,42
MXAN_6178,89,126,295,142,143,129,350,556,111,433,529,283,294,475,547,153,168,144,192,267,149,342,214,161
MXAN_6216,12,12,159,19,14,27,35,33,21,72,44,60,77,65,137,53,36,45,30,35,40,81,54,64
MXAN_6223,84,70,177,137,134,238,249,162,70,286,231,277,402,424,481,193,204,193,294,242,221,222,251,199
MXAN_6227,298,246,324,420,559,500,1130,1431,537,1726,1511,1102,1617,3030,3550,797,886,630,1093,1365,1256,1366,1267,900
MXAN_6239,0,0,48,3,2,0,5,9,2,10,8,6,19,19,43,9,6,5,10,11,9,11,8,11
MXAN_6240,31,21,62,37,41,67,111,79,36,144,96,104,226,242,262,129,120,116,131,134,109,54,127,113
MXAN_6242,161,181,305,270,251,262,457,417,203,521,341,443,537,553,595,193,199,247,189,266,247,86,158,204
MXAN_6245,153,138,290,407,407,860,526,341,230,1586,488,1206,2889,1856,2157,850,961,1125,1524,1111,1180,474,1092,1517
MXAN_6250,36,18,65,42,44,88,90,99,62,116,66,91,135,107,117,58,55,78,67,48,83,18,51,59
MXAN_6253,23,20,218,29,36,48,63,86,28,120,114,122,182,220,255,72,76,95,110,119,103,139,84,94
MXAN_6256,36,26,100,29,52,55,92,134,35,181,173,72,82,235,276,87,92,32,114,116,89,137,97,55
MXAN_6258,3,3,36,2,7,10,23,14,2,28,14,6,11,14,37,15,9,4,11,15,13,44,14,21
MXAN_2030,124,138,166,224,201,216,407,386,120,470,455,475,397,439,506,196,245,288,201,142,220,188,174,187
MXAN_2018,410,402,607,667,646,884,1429,1645,615,2557,2208,1899,2022,2501,3155,1112,1143,1049,1190,1189,1340,2109,1156,917
MXAN_1985,186,174,227,330,423,595,995,809,333,1033,871,955,1509,1292,1642,770,867,988,680,686,873,407,631,453
MXAN_1974,36,31,109,74,70,66,117,171,62,212,153,133,239,426,457,140,163,108,149,239,158,762,274,175
MXAN_1971,659,547,1275,1189,1261,1394,4463,5346,2036,3394,1986,2648,17827,20236,18502,2045,2368,3684,2944,3181,5348,1583,1526,2132
MXAN_1952,23,33,135,39,71,54,175,310,73,232,282,156,147,185,229,69,90,63,57,84,72,224,75,75
MXAN_1950,262,211,405,368,341,499,949,1005,386,1183,1066,1049,934,1049,1159,595,657,752,435,392,680,325,353,211
MXAN_1912,435,329,415,781,707,1160,1245,642,439,2053,1046,1551,2281,2008,2053,1229,1124,1117,1320,864,1218,1338,1215,1168
MXAN_1898,219,270,317,400,443,439,754,852,327,1301,1026,934,794,1117,1182,467,531,491,407,508,513,542,449,502
MXAN_3090,4,1,31,2,1,10,9,5,5,14,11,13,14,24,29,13,18,18,12,13,14,24,10,14
MXAN_3093,421,307,435,879,562,753,1141,922,390,2242,1258,1487,1808,1529,1461,754,624,619,979,592,875,731,538,558
MXAN_3099,492,482,618,928,831,1128,2296,2700,918,3533,3680,2661,3746,5672,6814,2011,2282,2150,2701,3964,2981,4078,2887,2535
MXAN_3113,19,15,51,40,28,51,44,37,24,80,41,58,222,240,290,87,91,123,172,145,160,116,154,247
MXAN_3149,138,120,270,233,197,172,342,403,131,578,582,426,594,1015,1227,254,294,222,417,520,430,587,379,309
MXAN_3150,5,4,17,5,2,9,5,6,3,12,7,9,13,24,29,10,6,10,6,14,14,17,5,6
MXAN_3153,34,30,202,59,36,94,40,47,28,197,150,151,553,505,447,546,444,333,464,351,157,623,781,710
MXAN_3167,72,63,137,119,108,76,211,291,93,334,460,230,243,450,579,126,156,128,152,250,149,123,177,129
MXAN_3197,206,215,299,386,387,593,894,829,340,1361,1124,1091,2087,2018,2289,1080,1063,946,1343,1349,1198,1881,1290,1272
MXAN_3199,498,420,599,1001,699,947,1787,1984,743,2876,2526,2109,2647,3981,3920,1678,1595,1573,1688,1613,1460,1768,1531,1514
MXAN_2937,22,19,105,60,68,96,101,101,40,79,57,75,133,132,144,73,76,61,116,89,79,49,103,124
MXAN_2938,42,58,155,67,114,97,299,325,112,400,347,260,868,1007,906,370,392,355,639,573,372,765,565,886
MXAN_2944,55,43,38,47,52,96,67,61,61,100,33,72,115,118,140,216,226,216,63,50,65,71,144,314
MXAN_2952,156,116,157,132,179,272,256,136,85,209,85,153,287,206,253,235,210,211,127,126,200,66,228,346
MXAN_2981,2,2,15,5,4,9,14,14,6,7,15,10,24,35,40,23,35,23,9,21,10,16,11,13
MXAN_2984,424,291,342,757,651,1065,1121,863,450,1722,1134,1430,1997,1946,1991,1178,1158,1263,1299,1059,1189,988,909,967
MXAN_2999,590,635,751,1060,1192,976,2178,1900,627,2557,2704,1902,2455,3364,3649,1239,1399,1193,1578,1808,1472,2589,1654,1549
MXAN_3002,6037,5449,6004,11343,9552,9728,21331,23096,8280,29201,19447,19345,19202,25832,26975,10107,10871,11865,8191,9424,10960,8495,9781,8587
MXAN_3013,937,570,819,2484,1549,2936,1933,1187,665,3130,1458,2925,3177,2572,2514,1721,1778,1935,1493,1023,1491,1457,1895,2486
MXAN_3015,343,312,440,670,714,903,1320,1358,595,1903,1582,1394,2085,2678,2954,1292,1413,1276,1306,1314,1290,1961,1398,1172
MXAN_3020,672,515,652,1390,1264,2080,2260,1783,879,3791,2587,3388,4768,5366,5101,2341,2473,2506,2722,2055,2704,2159,2601,2582
MXAN_3023,66,57,94,108,122,249,205,280,133,439,298,366,1053,1407,1633,736,902,788,798,1029,743,2700,1162,1063
MXAN_3027,21,20,91,25,23,42,54,77,26,101,76,74,135,134,218,64,70,63,104,104,68,122,151,197
MXAN_3030,419,255,307,817,646,696,1066,573,380,1337,580,1017,1065,1051,1093,535,433,473,691,411,637,508,511,574
MXAN_3035,6,5,10,10,11,19,13,17,6,28,25,19,42,39,50,15,11,15,19,22,14,4,15,9
MXAN_3036,195,200,361,309,305,326,565,725,200,1119,1487,868,1648,2655,2452,1942,1921,1275,1419,1595,535,5966,4096,2944
MXAN_7444,319,311,734,574,587,797,863,845,395,1642,1283,1379,2651,2808,2369,1781,1724,1351,1737,1300,773,3408,3005,2742
MXAN_7449,297,269,348,554,495,666,912,886,455,1682,1113,1085,1430,1796,2011,777,852,874,792,734,991,792,739,555
MXAN_7454,2,0,40,3,2,0,6,3,3,4,8,5,12,10,31,1,7,4,10,15,11,8,7,10
MXAN_7459,40,34,117,70,77,154,150,148,78,261,171,224,374,326,402,152,164,176,200,175,202,125,155,182
MXAN_7508,235,279,311,489,574,682,1325,1408,537,1529,1023,1215,1217,1393,1696,782,792,996,482,452,788,796,446,447
MXAN_0018,1229,1234,1379,2379,1916,2043,3243,3474,1300,5331,4739,3592,6328,8867,9583,2880,2918,2517,5451,5012,4310,8751,4533,5029
MXAN_0021,45,27,153,71,64,123,115,130,51,202,187,172,470,440,549,256,219,166,408,354,251,547,419,359
MXAN_0023,324,260,480,647,475,899,1199,1057,581,1950,1370,1547,4387,5119,5608,2067,2139,1959,3527,3194,2741,2541,3176,3981
MXAN_0046,587,454,553,1125,793,772,1479,1091,656,1683,1204,1251,1775,2062,2110,630,632,559,1402,1163,1033,233,653,531
MXAN_4274,4,3,69,11,9,23,13,11,13,46,16,23,53,43,64,36,42,39,35,26,32,59,33,45
MXAN_4279,294,196,587,545,385,504,922,892,402,1353,1163,1011,2393,3055,3035,1176,1169,965,2011,1986,1407,2996,2148,2160
MXAN_4280,153,126,385,279,259,312,593,565,217,951,511,656,1410,1538,1736,732,680,546,1140,1019,717,2013,1222,1319
MXAN_4310,7,4,80,5,10,16,8,18,6,9,10,21,36,49,84,14,22,20,15,29,22,182,34,39
MXAN_4327,1657,1148,1103,2301,1626,2881,3490,2158,926,8415,4802,5015,14667,11097,9820,5449,5635,5207,8182,6297,6263,2474,7726,9049
MXAN_5041,370,309,635,768,560,1414,839,721,435,2726,1717,2169,7353,7432,6422,3611,3398,2731,6900,5508,2841,14541,8691,12474
MXAN_5038,7,9,44,11,13,16,15,17,7,8,19,16,56,61,80,23,23,35,43,40,38,62,74,77
MXAN_5033,13431,11237,16155,31661,28371,44186,23648,27994,15100,66488,69130,75143,65465,96536,99612,33376,34640,35613,30616,25109,43577,24076,31693,21612
MXAN_5031,2990,1850,1803,5419,5690,8195,9824,5681,3906,7985,3980,6771,6051,5515,6781,4236,4322,5268,2530,2217,4426,2162,3002,4264
MXAN_5027,3,1,42,2,2,15,60,25,23,58,19,50,100,65,92,39,59,44,47,37,61,35,35,20
MXAN_5026,10,5,40,54,23,252,402,184,197,1103,547,1208,1404,1154,1208,726,855,1078,752,493,995,284,575,374
MXAN_5023,242,204,325,512,436,1182,2865,1839,1418,7391,4499,7364,6484,6660,8451,3614,4088,4214,3481,3759,4325,1529,2241,1034
MXAN_5016,42,39,62,70,69,44,145,185,60,208,200,210,59,115,141,28,45,31,27,37,28,21,20,27
MXAN_5013,112,112,185,220,178,276,399,408,223,513,575,721,930,1429,1611,334,448,505,449,649,615,437,441,450
MXAN_5012,26,27,86,65,60,91,57,79,37,160,122,220,923,1077,1204,1638,1458,1675,572,314,410,577,883,746
MXAN_5003,1707,1960,2033,3325,3158,2611,5490,5679,1907,7941,6850,5013,5768,7810,10412,3453,3797,3117,4159,4464,4972,9090,5198,3561
MXAN_4996,24,18,57,47,37,75,79,53,30,95,68,92,213,200,271,118,103,91,177,173,130,212,163,188
MXAN_4980,11,10,94,14,23,12,40,50,12,70,57,30,43,103,125,24,28,22,42,58,38,89,46,39
MXAN_4979,841,675,1180,1527,1424,1895,1930,1631,848,5017,2352,3588,2661,3717,4452,1393,1303,1372,1405,1153,1564,2130,1396,1332
MXAN_4935,1195,944,1145,2941,1977,4628,1006,1420,582,7814,4932,6729,16712,15555,14016,5787,4701,6134,7377,5123,7768,4522,5332,7368
MXAN_4921,46,32,77,82,65,110,178,116,51,219,91,173,239,215,231,111,84,113,114,81,87,71,107,107
MXAN_5048,200,214,327,329,402,644,768,756,313,1351,928,1147,2196,2060,2239,1263,1436,1441,1374,1005,1089,1551,1652,2175
MXAN_5057,7191,4571,4876,16013,11411,13831,13973,9795,5990,29077,16501,20201,40150,42894,42403,16368,16840,17002,28369,24646,20032,20211,27772,34257
MXAN_5062,288,374,487,470,464,347,935,1202,386,1282,1302,902,727,1219,1718,319,450,316,380,665,389,744,526,357
MXAN_5082,21,21,82,28,31,55,58,80,44,97,75,89,157,130,196,76,71,92,83,69,95,79,81,94
MXAN_5091,151,198,219,346,344,472,626,963,254,1363,1355,1020,2616,3764,3610,1584,1909,1952,1329,1484,2011,1430,1080,837
MXAN_5126,144,80,170,296,280,300,554,434,179,993,916,763,1048,1020,1084,534,594,548,538,449,509,386,745,635
MXAN_5128,29,23,122,55,63,92,89,74,47,167,93,182,393,331,387,157,156,195,234,208,221,309,227,302
MXAN_5166,54,55,150,60,63,135,47,38,16,236,122,263,1517,1381,1487,1509,1535,1365,826,700,461,1147,2441,2603
MXAN_0850,33,22,209,77,50,186,33,25,14,230,212,296,1294,984,861,713,818,602,1230,973,300,978,1561,2183
MXAN_0849,32,23,191,39,43,47,71,62,19,123,85,99,126,181,293,86,92,79,97,91,116,369,137,154
MXAN_0837,25,29,90,56,41,50,120,74,46,86,60,89,125,118,119,64,60,71,74,46,34,21,34,49
MXAN_0794,60,57,205,87,91,145,203,208,70,228,195,253,296,370,433,177,213,244,113,140,214,132,120,101
MXAN_0769,71,37,117,181,150,186,197,97,63,287,144,225,540,517,509,198,206,158,471,291,292,214,342,410
MXAN_0766,6095,5053,5733,9658,9649,12980,16317,16975,5942,28790,26231,21650,23046,31530,28597,14093,15963,13453,13368,13390,10618,14919,20398,21247
MXAN_3650,189,145,560,325,300,454,714,633,288,1116,756,922,1135,1354,1614,565,617,545,802,655,690,1187,776,898
MXAN_3637,14,12,130,19,16,22,29,23,15,46,35,55,72,79,101,42,36,38,34,31,33,56,32,41
MXAN_3631,58,39,600,94,91,113,186,188,80,296,159,203,547,501,532,165,236,285,166,179,149,105,141,275
MXAN_3630,28,13,354,53,47,67,94,86,30,129,75,91,204,190,203,61,77,82,56,63,55,77,55,78
MXAN_3621,149,182,507,109,183,132,283,583,141,824,871,484,482,555,482,286,362,379,179,238,155,276,222,259
MXAN_3347,527,288,402,1104,662,1091,711,534,216,766,571,723,1594,1505,2051,610,699,659,1499,1075,1142,953,1556,1815
MXAN_3355,60,54,86,142,222,164,370,354,54,296,905,254,564,1222,1783,281,298,165,521,810,550,1833,591,392
MXAN_3357,48,28,87,74,63,105,108,107,51,142,120,120,205,189,241,84,110,89,121,102,112,124,109,93
MXAN_3381,251,185,290,462,405,568,837,632,354,1254,814,932,1655,2056,2202,879,940,970,979,931,1076,1001,878,785
MXAN_3387,79,56,113,228,226,441,433,304,174,527,422,524,1444,1562,1749,636,716,683,986,1101,992,775,909,1070
MXAN_3400,391,359,480,825,761,968,1692,1482,649,1812,1563,1453,3226,4096,5144,1294,1421,1404,2320,2672,2411,3835,1883,1741
MXAN_3416,77,41,115,137,104,113,132,133,49,251,264,133,274,358,434,122,133,110,200,215,180,56,169,152
MXAN_3419,133,189,243,321,277,220,347,481,123,494,409,285,325,413,522,151,177,133,233,294,203,190,218,181
MXAN_3428,49,55,272,84,103,69,238,241,89,234,211,204,152,230,341,87,112,83,84,98,106,187,69,79
MXAN_3434,414,375,640,946,845,1382,1582,869,935,407,184,436,1192,1247,1675,1557,1654,1644,1131,835,706,2354,4758,6517
MXAN_3436,47,32,98,73,52,89,113,92,49,153,103,137,173,180,264,85,91,93,85,117,89,31,76,51
MXAN_2814,299,269,326,620,653,1327,1347,832,553,2357,984,2011,3883,3180,3709,1541,1520,1693,2136,1550,2288,3139,1800,2234
MXAN_2810,26,28,43,46,79,94,160,149,51,140,93,100,133,249,243,86,107,113,75,97,114,271,92,72
MXAN_2808,914,731,796,2247,2088,3931,3911,2814,1445,4979,3193,4806,6708,5545,6348,2839,3224,4117,3029,2424,4401,1438,2721,2888
MXAN_2787,617,407,478,2303,1662,4832,855,439,338,5710,2732,5701,5323,4213,4065,4069,4229,5702,2200,1529,4158,1933,1971,2008
MXAN_2783,267,168,380,288,289,499,635,465,244,764,359,565,1464,1270,1250,859,689,449,763,461,528,965,945,1035
MXAN_2772,11,9,53,18,12,22,38,18,14,53,37,33,50,59,73,22,17,24,17,21,24,61,29,19
MXAN_2765,6,10,42,9,19,17,24,25,9,42,19,45,37,51,38,36,26,22,27,30,22,46,28,17
MXAN_2751,17,24,46,45,18,13,74,48,16,42,34,31,22,43,38,16,26,20,14,27,15,38,22,24
MXAN_2748,191,144,249,399,260,571,311,215,103,447,281,456,558,610,760,181,183,200,410,350,339,1385,511,691
MXAN_2731,481,488,777,987,1178,1530,2239,2010,810,3251,3955,2829,5026,7029,8148,2728,2629,2153,4245,4674,3683,12874,3872,3685
MXAN_2730,1082,828,717,2105,1389,1771,2636,1908,982,3606,2057,2452,3461,3233,3132,1711,1816,2104,1607,1371,1915,506,1196,686
MXAN_2728,2916,2044,1946,5959,5416,8094,12133,8246,3595,16072,7696,12073,14414,12351,12245,7080,6462,7496,6177,4288,7150,3136,4739,4697
MXAN_2724,80,69,99,127,132,246,200,244,95,714,423,554,775,713,656,397,413,368,346,230,327,204,229,152
MXAN_2910,585,532,730,1294,1515,2208,2579,2588,1022,3997,4138,3654,7874,9541,11160,3782,4050,3453,6165,5811,5408,8696,5335,6095
MXAN_2906,554,446,463,1651,998,1677,2290,935,697,3081,1038,2246,7357,3920,3797,1577,1747,2059,3411,2152,2897,665,1808,3336
MXAN_2902,70,73,163,119,143,170,372,326,141,277,278,254,409,510,677,280,387,295,289,404,218,595,526,640
MXAN_2901,53,31,78,77,88,124,181,210,85,418,253,234,507,489,557,236,223,233,352,294,330,466,253,239
MXAN_2881,40,34,96,82,99,221,127,82,66,298,196,273,696,598,638,387,408,322,490,417,294,1169,707,683
MXAN_2873,101,115,270,242,240,325,471,464,183,905,746,757,1148,1147,1066,561,478,459,918,735,576,583,618,793
MXAN_2872,174,173,387,362,266,317,488,469,218,916,693,616,900,1065,1084,407,389,335,687,624,451,388,456,585
MXAN_2871,7,7,35,18,12,16,29,22,20,77,29,58,109,94,70,65,48,74,48,51,33,47,63,37
MXAN_2862,42,27,221,73,52,123,96,87,37,209,121,181,330,325,410,153,139,148,328,266,245,278,217,223
MXAN_2851,361,333,341,449,609,704,928,1065,512,1654,1704,1567,2247,2389,2209,1461,1581,2013,779,672,940,1297,1197,1418
MXAN_2840,324,304,354,625,568,1001,861,672,423,1522,1027,1532,2810,2570,2707,1084,1061,1262,1850,1182,1772,1750,1666,2481
MXAN_2833,44,28,36,72,77,172,138,92,63,181,123,198,239,195,328,140,138,193,160,103,202,67,89,111
MXAN_6010,54,36,128,96,115,174,248,225,122,507,281,372,654,804,1025,375,367,292,430,552,327,940,499,450
MXAN_6007,151,136,372,292,262,373,389,381,148,945,770,705,912,1066,1114,495,444,445,587,449,483,1334,588,613
MXAN_5986,233,301,526,274,330,364,742,1233,391,6280,2379,5071,533,766,884,279,332,311,229,260,273,309,164,177
MXAN_5982,136,93,375,248,231,349,426,350,182,788,397,564,888,762,902,440,396,419,547,412,474,455,475,457
MXAN_5968,122,108,226,188,142,284,234,302,135,766,471,649,553,506,515,326,340,395,218,202,280,336,314,287
MXAN_5956,20,17,138,31,33,81,33,41,21,103,69,109,319,301,317,223,264,186,272,212,107,444,373,334
MXAN_5937,11,9,78,17,26,44,51,64,28,60,70,48,57,64,93,24,31,25,34,33,26,54,45,41
MXAN_5911,2352,1820,2218,3725,3075,4194,5961,5263,2491,8695,5402,6999,8047,8317,7756,4280,4418,4489,3964,3425,3835,3040,3955,3953
MXAN_4134,590,526,538,1451,1205,2806,1462,1369,674,4904,2078,4781,8090,4841,4572,3204,2934,3857,3168,1870,3200,1351,2645,4270
MXAN_4142,65,61,51,183,106,213,256,159,89,390,187,295,583,534,537,278,292,260,423,280,361,425,279,328
MXAN_4165,19,16,90,59,57,95,66,74,39,166,140,139,346,361,489,189,233,191,250,275,260,133,217,214
MXAN_4166,8,5,66,10,15,7,20,19,4,18,13,20,35,33,65,8,8,18,25,12,16,31,23,26
MXAN_4169,43,38,62,105,77,206,122,90,52,200,105,209,582,543,742,255,277,321,441,339,479,341,358,506
MXAN_4180,578,443,547,1376,1384,3130,2569,1848,802,3415,2462,3969,6533,4468,4526,2859,2850,3791,2342,1369,3082,1192,2055,2075
MXAN_4182,751,561,763,1286,1172,1215,2288,2427,1005,3478,3095,2533,3868,5092,4601,1972,1802,1609,2148,2085,1624,2319,2083,2461
MXAN_4183,814,835,922,1865,1619,2516,2748,2793,1087,3228,2931,2809,6291,5866,5556,2727,2426,2780,2680,2151,2602,4381,3050,4826
MXAN_4197,98,85,226,179,159,348,284,254,151,523,275,413,576,607,699,276,288,301,375,267,434,464,315,393
MXAN_4234,1517,841,921,2480,1921,3934,4584,5109,2205,7111,5194,6404,9144,8250,8868,3745,3773,5298,4907,3440,6706,2765,2629,4184
MXAN_6015,223,190,414,442,487,634,708,834,268,1583,1454,1224,1613,1496,1685,718,669,569,978,821,768,1251,820,705
MXAN_6044,430,272,500,874,654,1395,1179,771,542,2140,1063,1992,4404,3451,3380,1939,1980,2419,2284,1985,1944,1134,1383,1759
MXAN_6053,891,910,1409,1332,1255,1562,2719,2792,1048,4491,4160,3113,5447,7181,7906,2693,3180,2376,4449,5531,3013,6327,6739,6699
MXAN_6067,267,230,448,437,362,429,836,753,378,1015,407,697,724,580,682,359,385,477,247,226,252,148,159,204
MXAN_7426,254,178,318,440,396,451,825,825,254,1201,1188,957,1397,2145,2321,681,644,455,1134,1054,864,2246,959,994
MXAN_7416,280,230,394,527,400,800,873,709,357,929,705,977,1248,1262,1474,777,894,1045,676,573,820,455,588,500
MXAN_7374,3,3,51,12,8,7,19,14,1,16,20,9,14,23,42,10,10,1,16,12,14,37,17,12
MXAN_7371,5210,4030,3818,9423,10247,16711,17357,13377,8427,23319,14266,21029,40971,39284,38189,14687,12898,15331,21089,14593,26631,12263,11376,14349
MXAN_7370,549,578,618,1095,1460,3035,2281,2794,1540,3701,3097,3756,8217,8584,10203,2710,2898,3708,4447,4864,6347,2960,3096,3661
MXAN_7369,475,379,508,635,854,825,1619,2566,962,3025,3042,2341,4054,8801,10176,2020,2288,1587,3345,4452,3519,32388,3764,3365
MXAN_7364,37,44,83,94,96,162,145,207,73,316,286,290,613,558,500,251,301,263,384,312,241,400,440,523
MXAN_7358,1752,1439,1503,3169,3205,5150,5351,3521,1913,11783,5630,8677,11436,8271,8024,4850,4784,5529,3879,2713,4530,2703,3563,3593
MXAN_7349,79,56,80,167,122,211,225,101,90,316,139,266,561,485,505,310,307,332,364,302,301,247,359,407
MXAN_7346,49,31,44,94,82,136,116,80,30,193,103,203,307,271,271,160,174,151,194,149,155,208,188,216
MXAN_4856,263,376,382,503,442,304,1137,949,419,1051,609,727,645,753,799,283,354,302,318,372,380,72,231,211
MXAN_4911,35,37,114,112,112,234,186,150,75,358,234,296,687,464,577,267,265,287,505,342,331,485,364,419
MXAN_4912,1459,1123,1348,2530,2428,3589,4429,3690,1913,8147,5030,5955,7219,8070,8604,3766,3733,3789,4217,3411,4723,5856,3607,3569
MXAN_2113,7,3,24,4,3,5,8,15,6,15,12,7,11,24,53,5,13,2,14,23,7,34,6,12
MXAN_2118,1,3,20,13,9,24,19,30,10,29,20,15,38,50,84,20,24,22,13,30,32,69,29,39
MXAN_2119,14,13,22,13,21,27,34,56,16,68,83,43,104,156,237,38,72,45,78,136,104,154,99,69
MXAN_2127,1438,1658,1881,3236,4083,3406,8457,10324,4461,10825,8134,10306,10131,12130,12738,3676,4005,5213,3381,3103,7144,893,1513,1135
MXAN_2141,14,15,164,37,32,37,55,57,24,108,83,80,122,182,269,92,97,81,96,124,79,228,108,110
MXAN_2142,20,13,135,28,21,12,61,105,32,107,72,46,79,146,187,50,54,52,40,63,60,154,59,57
MXAN_2156,283,259,478,528,555,663,1173,1290,571,1746,1500,1237,2074,2640,3300,1183,1144,1012,1494,1777,1526,3149,1615,1734
MXAN_2158,139,224,241,142,135,129,569,889,297,759,724,449,864,1035,980,480,502,383,555,671,477,486,458,357
MXAN_2159,172,159,360,290,355,429,891,740,342,1111,847,949,1122,1424,1595,651,711,709,615,647,757,927,526,396
MXAN_1078,345,440,607,761,599,859,1209,1321,547,1714,1786,1473,2175,2502,2701,989,1068,1090,1495,1372,1329,710,1497,1484
MXAN_1082,2379,1809,1666,4331,3800,5502,8101,5375,2623,10958,5569,8671,9492,8466,8910,5359,5304,6650,3673,2773,5486,1491,2665,2568
MXAN_1093,14471,19226,22983,19018,12404,10355,28130,35430,9536,28155,26474,17043,24360,43465,41102,11732,13121,11555,18515,21104,18789,25949,20761,22051
MXAN_1108,18,12,109,24,46,113,65,67,29,144,68,157,186,206,199,132,131,176,79,53,134,146,58,66
MXAN_1117,636,939,1079,734,946,767,2106,4557,802,2601,4207,1976,1577,2749,2834,1106,1229,1067,937,1342,1086,1416,1389,979
MXAN_1128,273,216,393,565,471,807,916,592,322,1229,791,1188,1327,1320,1373,735,714,757,622,555,704,600,630,624
MXAN_5539,9,10,16,9,13,6,41,56,14,50,53,29,50,83,97,33,49,25,39,43,40,107,36,36
MXAN_5545,1287,1002,1384,281,266,430,3120,3073,1526,1170,1004,926,1863,4364,7271,1453,2076,2745,588,801,1681,813,1192,1605
MXAN_5548,60,54,84,33,29,54,126,112,57,90,54,68,176,121,201,71,88,113,72,64,89,39,67,93
MXAN_5550,3,4,15,4,1,9,15,3,8,6,5,10,25,17,34,16,12,13,16,10,8,2,15,10
MXAN_5585,1289,953,1158,2333,2033,3999,4931,3865,1957,5327,3163,4980,6149,5735,5609,3702,3727,4753,2407,1969,3710,2109,1989,1955
MXAN_1818,1203,919,1138,2252,1915,1458,3057,4750,1778,3684,4758,3029,4214,10981,12634,2486,3439,2439,3861,6192,4442,5898,5361,4338
MXAN_1809,163,93,173,284,175,242,560,452,222,578,407,491,774,875,813,273,253,247,574,404,449,189,326,257
MXAN_1806,644,497,607,1341,968,1039,2103,1659,692,2446,1938,2045,2769,3264,3364,1203,1141,1180,2339,1910,1649,1041,1429,1559
MXAN_3247,8,8,92,7,7,10,13,21,5,22,17,12,31,37,58,12,20,20,26,20,28,43,20,26
MXAN_3259,74,45,154,53,52,103,53,40,14,237,187,195,368,352,280,273,301,204,195,175,70,348,348,355
MXAN_3263,20,14,94,23,32,45,40,39,23,95,81,97,149,215,279,103,116,115,109,166,122,118,148,163
MXAN_3290,1154,938,1256,1484,1311,2860,1385,1221,500,6840,5448,5519,17627,17237,11094,9701,9116,6506,13521,10838,3043,22673,17658,23188
MXAN_2088,771,725,852,1465,1684,1678,2799,3216,1130,3682,3964,3123,3899,5168,5739,2148,2389,2004,2126,2147,2470,2270,2355,1951
MXAN_2097,982,1022,1182,1679,1669,1538,2980,3425,1257,6606,5626,4381,4964,6791,6806,2279,2069,1425,2701,2647,1856,2908,2087,1126
MXAN_2099,1005,712,933,1616,1219,1395,1764,1298,690,3602,2376,2901,4397,6082,4748,1791,1738,1453,2581,1909,1798,1377,1603,1210
MXAN_0753,84,58,163,177,152,275,197,165,96,304,163,262,498,443,560,193,249,281,313,229,379,415,257,320
MXAN_0734,832,568,682,1618,1152,1584,2492,1258,948,2519,1080,1910,3585,3426,4073,1471,1452,1566,2573,1931,2198,2182,2287,3353
MXAN_0723,2861,1591,2116,5800,5832,11027,3639,4281,1777,19428,16128,19555,38630,42164,34527,13574,12485,12032,19992,11161,18855,32890,18397,27443
MXAN_0721,143,102,201,195,168,318,166,164,57,695,524,583,862,1187,1125,523,549,385,626,664,313,1095,761,591
MXAN_7318,29,19,206,60,77,125,137,158,45,284,159,202,420,309,423,192,134,121,248,139,186,203,166,215
MXAN_3237,80,80,179,155,146,210,499,614,242,692,542,549,571,761,684,296,319,386,255,213,383,436,173,81
MXAN_3233,67,52,196,85,75,125,155,121,61,309,272,254,411,489,463,356,359,295,217,169,154,512,417,456
MXAN_3230,33,36,159,53,74,65,164,222,49,188,182,141,172,252,317,93,108,96,84,108,105,240,140,116
MXAN_3228,134,110,236,177,186,268,382,521,187,662,640,443,521,668,874,294,346,254,277,309,325,732,496,538
MXAN_0337,502,348,373,777,668,876,821,716,327,1044,818,929,1030,1037,1145,458,492,518,578,411,746,253,565,661
MXAN_0338,6,6,91,12,20,15,28,48,13,22,38,23,70,142,190,48,49,23,101,104,46,302,106,94
MXAN_0340,7,5,108,11,8,27,16,19,6,40,28,32,88,99,156,37,32,27,78,88,53,238,84,109
MXAN_7260,83,126,321,161,167,153,379,629,181,572,630,412,430,662,833,292,362,272,191,310,240,492,345,300
MXAN_7263,20,20,158,20,30,42,81,118,23,122,98,92,138,134,234,122,148,131,73,96,45,83,129,99
MXAN_7272,80,66,152,92,92,89,183,225,80,330,296,183,301,428,428,136,155,124,175,232,179,214,194,138
MXAN_6279,125,103,175,267,232,198,596,600,242,675,733,506,472,531,528,145,169,254,218,260,244,83,132,170
MXAN_5197,950,803,948,1579,1379,1768,3593,3508,1382,4427,3572,3296,4122,5438,4841,2582,2633,2709,2095,2497,2559,2399,2220,1295
MXAN_5203,2525,2270,2747,3144,2195,2085,4196,4376,1454,4987,3741,3693,3653,5321,6314,2607,2773,2765,1990,2135,2273,3332,2886,2108
MXAN_1869,7,6,51,7,14,16,24,32,10,38,23,23,20,51,86,12,15,22,17,42,29,28,29,18
MXAN_1864,9,16,273,22,24,25,42,76,24,59,74,48,81,74,177,55,60,57,56,93,66,100,72,45
MXAN_1861,18,8,99,20,19,23,36,44,20,36,65,43,41,48,75,24,29,26,33,23,36,28,24,34
MXAN_1832,4,4,63,3,14,9,30,26,12,29,18,17,29,38,35,5,14,10,7,12,28,3,11,8
MXAN_3601,1278,2360,2842,2476,2521,1660,4658,9098,1820,6054,10047,4225,5206,9182,13524,2643,3124,2234,3866,7810,3473,10470,4831,3995
MXAN_3604,1064,1129,1331,2188,1667,1357,3366,3803,1394,4175,3803,2998,3111,4713,4549,1334,1471,1362,1482,2237,1283,1508,1071,724
MXAN_1879,8,9,145,5,16,10,31,50,16,40,51,17,35,81,164,11,32,23,20,62,23,83,22,65
MXAN_5210,69,60,118,130,63,83,199,159,52,337,183,173,140,182,204,134,77,67,100,103,91,132,57,59
MXAN_2102,75,37,60,158,121,236,168,78,77,392,191,463,210,263,226,111,82,124,110,58,145,29,68,74
MXAN_5754,724,548,530,1051,939,979,2346,2270,899,3191,1869,2120,2434,3777,3599,1581,1369,1388,1321,1185,1549,2654,1178,722
MXAN_1330,217,214,395,602,606,938,973,1277,424,2559,1954,1921,3691,3751,4407,1448,1336,1080,2961,2455,1964,3282,1696,1465
MXAN_6412,11,2,175,6,14,20,17,13,8,34,34,29,111,70,105,42,48,42,80,70,55,93,66,83
MXAN_6628,402,379,489,895,974,1401,1339,1328,565,1974,1766,1886,3872,4694,6010,1979,2301,2315,2641,2512,2951,2778,2562,3027
MXAN_0980,12,14,97,13,27,26,29,39,20,67,79,42,28,82,110,23,36,21,40,75,34,136,43,32
MXAN_4241,326,257,408,521,437,706,794,733,432,1721,1051,1211,1974,2516,2744,1124,1068,965,1827,1581,1066,3302,1681,1836
MXAN_4605,46,39,102,91,78,137,96,95,42,254,190,190,741,719,732,419,371,379,562,447,331,637,482,662
MXAN_3410,740,534,554,1274,966,1621,1780,1026,750,2475,844,1737,4004,3221,3210,1702,1807,2514,2047,1567,2392,786,1594,1438
MXAN_6964,777,773,1581,979,1083,3277,374,329,160,6368,5473,5696,15201,15421,11349,7902,8536,6407,8575,7778,2945,14030,12721,13923
MXAN_3206,11983,8311,8127,25338,23437,27774,40656,22702,11396,61587,28647,46806,59627,59179,55868,29408,28176,30225,23976,20758,25263,7424,22010,18971
MXAN_3635,499,374,2940,779,807,1270,1707,1546,686,2392,1527,1803,3985,4234,4892,1793,1823,1864,1629,1521,1629,2171,1845,2277
MXAN_4863,6726,5871,6733,13143,12606,18277,24088,21580,9350,42840,31041,32663,48119,49466,49893,23771,25381,24831,25374,22224,25874,24895,24087,23704
MXAN_1811,10313,7328,11427,14769,9844,16514,34947,27197,16141,47607,19515,28826,68786,71737,66266,19117,17237,15612,35730,34352,31935,36276,25656,20791
MXAN_1828,12,14,37,15,12,7,23,35,16,35,25,25,20,18,28,4,9,3,2,7,9,3,1,7
MXAN_5363,315,291,437,809,773,1411,1315,1189,589,2069,1689,1899,4380,5187,5373,3112,3535,3560,3561,3523,3328,3621,3658,3670
MXAN_5484,89,58,310,288,241,368,472,384,128,1291,1695,1262,3848,3702,4060,1122,1307,1126,3826,3138,2384,1790,3204,3503
MXAN_5579,374,321,375,546,566,628,1642,1590,619,1959,1462,1270,1090,1591,1634,588,707,754,511,543,825,608,399,184
MXAN_5715,6468,9020,9841,10505,14309,10363,29952,49144,13300,42203,52697,24465,57607,122151,150587,39322,54114,38624,48273,97862,52825,97260,67671,40277
MXAN_5735,381,405,514,643,736,974,1572,1344,599,2328,1511,1616,2208,2289,2400,1219,1418,1256,873,1043,1036,1131,1153,624
MXAN_5817,223,185,191,355,309,636,532,450,267,943,516,874,1404,1214,1235,898,1053,946,689,638,749,753,818,657
MXAN_5836,2886,1668,2085,6614,4072,5363,4675,2200,1410,5076,2395,3915,4925,4522,4508,2301,2095,2237,2530,1736,2489,3135,3411,4400
MXAN_5850,512,362,558,848,939,1736,1577,1249,839,3071,1732,2368,3660,3994,4249,2106,1991,2067,1962,1809,2560,3273,2129,2061
MXAN_5867,1127,1075,1247,2105,1734,3447,3805,3689,1613,5750,5564,4866,7822,8540,7993,4733,4886,5213,4137,4092,4827,4037,4484,3720
MXAN_5882,515,348,403,867,751,1376,1378,1077,578,2537,1614,1970,2598,3155,2511,1511,1562,1550,1188,1035,1461,1283,1339,1209
MXAN_1573,379,203,579,658,474,749,671,415,289,1368,703,1062,1811,1895,1810,961,833,666,1418,1083,739,1986,1879,2348
MXAN_1525,1477,1239,1485,2971,1909,3350,3439,3133,1542,5948,3797,4661,11508,18397,19281,6152,7184,6712,12147,13649,9883,12083,12712,16775
MXAN_1484,539,487,731,1034,1083,1694,1940,1883,815,3274,2591,2635,4244,4321,5538,2054,2025,2079,2334,2216,2721,3059,2102,1866
MXAN_1469,6205,8769,6878,8981,9554,9024,25711,34514,12511,50442,22059,26963,28455,40569,35793,16607,17063,18520,9151,12749,17799,10510,12339,7764
MXAN_1461,2875,1869,2321,4318,3522,2977,6286,8084,2276,10593,12249,7201,6789,11769,10537,3940,3852,3286,3491,3770,4458,4976,4686,3174
MXAN_1371,44,34,117,120,89,122,183,155,86,230,168,190,294,302,353,158,194,190,216,228,196,109,234,240
MXAN_1329,118,85,109,225,149,284,261,236,126,805,237,494,1081,830,748,430,412,344,630,432,424,256,281,237
MXAN_6316,430,363,388,666,603,973,1248,1206,514,1250,1355,1419,1385,1303,1340,842,1032,1413,641,535,1158,52,366,352
MXAN_6334,70,45,376,119,91,136,232,226,93,223,166,208,287,294,399,150,140,164,134,173,166,167,177,251
MXAN_6461,950,840,883,1288,1158,1226,2081,2515,1108,3199,2935,2226,2806,4365,4323,1985,2317,2000,1809,2453,1849,3830,2832,1563
MXAN_6548,99,95,274,269,261,245,501,594,217,640,854,584,238,202,247,77,86,86,118,128,109,134,148,150
MXAN_6556,245,184,525,592,355,442,553,323,231,646,256,474,520,462,557,239,236,249,271,231,208,198,268,319
MXAN_6626,155,104,189,296,290,865,529,299,303,786,373,876,1618,1319,1499,782,759,1046,736,548,1040,455,646,872
MXAN_6655,3480,3830,3719,4152,3570,3603,8593,10730,2995,11960,9487,7472,5585,6968,7022,3370,3766,4196,2028,2018,3504,811,2310,1854
MXAN_6715,5,8,56,24,20,47,39,24,14,78,54,77,165,184,248,97,136,101,163,136,138,198,152,200
MXAN_0784,54,31,122,127,140,215,192,170,89,352,173,309,423,308,343,120,109,152,135,117,164,430,121,161
MXAN_0982,488,453,750,1157,860,652,2142,2573,766,2813,2801,1735,3043,3923,4029,897,1020,922,1588,1846,1901,869,1067,1118
MXAN_1008,8,8,116,39,26,25,66,47,14,66,35,38,72,116,143,41,46,41,78,84,64,146,67,64
MXAN_1094,1852,1517,1782,3835,4070,3012,9449,5703,2409,8240,6877,6098,9754,18382,17702,5385,6176,4788,8272,9004,8540,6244,8854,9643
MXAN_4351,780,694,591,1134,1081,1268,2531,2557,1200,4128,1910,2800,2792,3054,3148,1679,1880,2003,1130,910,1973,695,1018,640
MXAN_4332,161,185,244,267,340,145,377,494,125,457,573,256,300,525,584,130,137,92,184,233,164,973,465,300
MXAN_4323,1130,1252,1733,2188,1941,2022,3535,4775,1615,5452,6389,4354,5865,9582,11340,2277,2437,2091,5245,5850,4255,3806,3861,3373
MXAN_4242,621,542,742,1138,1029,766,2885,3429,686,2708,4084,2248,4194,5863,6161,1920,1770,1340,4225,5050,2136,1332,3295,2364
MXAN_7441,1437,1246,1716,2420,2522,3476,5749,5311,2428,7676,5024,5788,7647,9643,10455,3584,3805,4126,3735,3693,5106,6207,3929,3955
MXAN_7477,2121,2409,2380,3516,3039,2534,6247,6533,2594,6621,4499,4309,5834,9039,10301,2970,3443,3258,3703,3982,4179,5270,4129,2820
MXAN_0037,0,4,57,6,2,3,17,15,3,16,17,12,32,58,78,15,22,20,26,25,23,52,24,36
MXAN_0122,272,274,525,429,313,845,173,159,86,1817,1018,1418,5190,4310,3565,2241,1906,1478,2744,1857,729,2360,3410,3460
MXAN_0190,386,528,681,696,1042,437,1828,2644,548,2168,4633,1421,2055,4774,5679,1209,1570,899,1597,2532,1746,2722,2771,2131
MXAN_0233,149,149,234,286,236,275,332,488,136,595,852,457,651,1032,1107,386,423,361,493,606,427,718,562,498
MXAN_2452,976,1031,1041,1528,1558,1257,3675,4936,1763,5431,5243,2809,4128,7308,8444,2102,2226,1549,3361,4145,3309,11665,3726,2542
MXAN_2435,730,640,681,1901,1996,3122,3372,2487,1220,3911,3082,3465,7240,7021,7832,2858,2931,3013,4660,4999,4584,4245,4224,5452
MXAN_2271,813,357,557,1920,1077,1591,1498,830,440,1819,1310,1505,1847,1609,1770,733,664,703,1708,925,1246,861,1498,1797
MXAN_2802,89,87,114,147,201,239,358,404,157,558,368,445,465,558,663,271,315,332,276,249,282,283,275,237
MXAN_2743,38,49,173,51,56,63,108,103,49,136,114,108,109,155,224,79,85,72,80,73,74,165,103,91
MXAN_2696,412,395,486,710,627,996,1286,1175,518,2031,1503,1604,2310,2968,3519,1343,1516,1546,1354,1364,1729,2450,1355,1077
MXAN_2621,16,3,87,10,9,17,18,15,6,36,22,18,27,31,39,14,15,11,11,14,14,30,17,12
MXAN_2506,1915,1976,2159,2646,2743,1991,5463,5924,2042,2463,2917,2180,2332,3557,4284,1465,1724,1796,1281,1577,2285,1462,1720,1240
MXAN_4611,898,694,736,1333,1346,987,2830,2607,1109,4645,3453,2802,2028,3440,3549,1386,1638,1401,1100,1124,1582,797,1189,755
MXAN_4645,295,359,326,621,545,496,1311,1253,489,1765,1142,1263,1225,1577,1490,804,1010,926,554,632,712,361,569,350
MXAN_4672,322,221,267,762,628,1081,1008,924,341,1761,1336,1686,3402,3103,3228,1596,1500,1505,2183,1590,1987,2023,1603,1622
MXAN_4688,1153,867,972,2328,2330,3975,3914,3090,1498,6525,4520,5722,11366,11316,12415,5042,5407,5849,7958,5911,7627,6125,6144,7234
MXAN_3556,764,678,723,1744,1382,2565,2112,1740,831,3794,2531,3332,6265,5446,5270,2729,2741,2883,3605,2487,2813,5469,3191,3521
MXAN_3539,5992,4446,3782,9035,7154,8225,14785,10970,4703,17590,6428,10455,8630,8631,7880,5082,5219,5949,2702,2401,4205,1328,3837,3185
MXAN_3513,298,200,246,591,497,786,770,678,270,1219,907,1220,1574,1505,1837,888,970,1117,871,733,1212,534,749,844
MXAN_3367,207,181,285,331,302,726,234,243,85,1278,1205,1292,2798,3307,2343,1709,1743,1374,1717,1521,630,2917,2917,3157
MXAN_3308,15022,24456,19822,21253,30476,15285,76824,98600,26908,97921,78717,54171,35212,74975,81878,28836,33762,30726,9470,11541,28730,6056,9994,8873
MXAN_3307,5859,4367,4011,10383,11119,8271,27846,25194,12582,33449,17746,21250,15846,21147,23656,11592,10686,13972,3237,2995,9136,1151,2956,3790
MXAN_4954,81,74,169,187,144,335,191,326,103,714,499,602,1693,1607,1990,707,747,758,1082,908,1042,997,729,689
MXAN_4962,162,139,313,372,315,618,721,643,260,1120,814,984,1261,1785,1460,837,943,955,743,649,856,797,840,911
MXAN_4970,51,40,179,95,75,201,139,103,54,240,143,209,336,279,342,180,174,156,254,198,203,201,216,249
MXAN_5001,3281,2262,2359,7575,4918,7107,10008,8766,3713,12451,7926,9739,12055,16920,18436,7526,7501,8274,8962,7828,10800,9462,10298,9493
MXAN_5018,604,556,549,1194,1152,1654,2580,2042,752,3435,2631,2850,2610,2759,2723,1742,1704,1679,1153,899,1595,1177,948,865
MXAN_5058,2666,2398,2336,6065,4268,6032,4590,4273,1781,10900,7184,8840,13110,13245,13370,5504,5768,6177,8364,6312,6432,6220,8275,9898
MXAN_5135,13506,9867,8131,19214,23683,25849,35649,25814,11019,17230,8779,11944,13171,14474,14980,9024,8950,8246,6273,5618,7187,9512,6786,6542
MXAN_6758,975,1271,1518,1614,1833,1860,3481,4176,1312,6270,9027,4728,8988,11142,10856,4409,5797,4601,6063,7705,3561,10964,6681,5579
MXAN_6779,1870,1298,1676,3086,3938,3515,7191,6025,2741,9562,7952,8089,7213,9137,9114,3532,3615,3200,3313,3056,4590,3611,3416,2380
MXAN_6852,947,860,1035,1888,1414,2039,1553,1138,493,1511,971,1343,2322,2279,2834,1031,913,1040,1505,1377,1416,2909,2535,3832
MXAN_6915,23,21,84,49,37,44,74,86,20,154,124,94,119,162,186,92,121,67,73,73,79,92,66,53
MXAN_6928,80,65,147,163,136,118,191,263,72,337,364,243,325,473,470,132,127,104,232,218,171,392,278,269
MXAN_0441,10195,6906,8529,11982,10578,12538,19714,20190,9979,15008,11242,12747,13777,23167,25139,6969,9127,12481,6562,7863,16077,3557,7749,10701
MXAN_0524,591,656,938,840,890,828,1008,1354,283,3437,6401,2576,5533,9865,8932,2810,3386,2079,7321,9841,1845,12716,12730,13364
MXAN_0553,724,651,705,1577,839,1061,1037,576,357,1123,595,1074,898,962,1240,410,511,701,386,428,713,188,474,566
MXAN_7028,8370,6272,6032,12759,10715,16759,24930,21741,9316,36273,21393,27027,44454,41051,37618,22401,23260,32592,14225,13651,27058,3909,12301,9196
MXAN_7043,2040,1329,1414,3343,2545,3532,3411,2070,1211,4478,1665,2959,2326,2337,2411,1038,901,1322,753,583,1441,1144,959,912
MXAN_7133,503,501,539,1084,835,824,1621,1358,696,2467,1171,1482,3797,5089,5700,1630,1788,1560,3367,3046,2567,10208,3071,4212
MXAN_7193,400,319,532,2473,1932,3078,447,314,285,5533,4648,7711,10912,8968,9149,2096,5155,9845,4042,4240,9446,883,3467,4708
MXAN_3951,6,9,97,24,25,20,47,42,17,46,46,47,95,164,210,83,81,88,115,93,88,388,127,154
MXAN_3964,27,32,100,103,132,237,59,118,28,696,789,741,4883,2511,2608,3578,3026,3922,1610,778,1490,2723,2539,4097
MXAN_3786,427,318,418,765,579,868,945,942,509,2115,1333,1573,2180,2548,2616,1060,990,1076,1319,1117,1469,782,1060,1134
MXAN_3770,440,466,484,482,476,525,1714,2111,676,2403,1834,1669,1134,1609,1753,864,1109,1003,424,493,644,905,366,311
MXAN_3759,844,623,871,1541,1463,2650,2819,2011,1145,5210,3725,4390,7392,7665,7305,3503,3648,3889,4179,3671,4150,3005,4539,4945
MXAN_3743,1742,1307,1600,3149,2781,5778,3591,2161,1594,8445,4861,7454,15123,8278,7019,5485,5372,6019,5807,3090,4034,1992,5456,7535
MXAN_3670,65,53,92,98,72,126,198,148,61,286,171,227,267,289,286,105,102,96,157,128,154,50,169,153
MXAN_1279,37,27,109,53,47,125,64,50,24,127,89,170,472,446,319,249,305,251,298,234,129,302,363,555
MXAN_1209,28,17,90,27,24,25,58,72,32,93,71,77,65,100,174,42,52,37,43,44,44,32,35,52
MXAN_1158,1876,1744,2164,4514,3947,3031,6892,7072,2282,5390,6940,4451,4323,6585,8367,2246,2633,2019,2805,3393,3219,3449,3852,3049
MXAN_3205,118,99,102,184,204,420,297,368,160,904,742,787,1586,963,1078,769,719,847,724,298,644,685,538,657
MXAN_3204,6291,4980,6368,11916,7380,6512,14564,11600,4842,16888,12924,11467,13098,19521,20766,7414,7426,6192,12121,10450,8773,12998,11392,10831
MXAN_3168,106,85,163,229,224,250,461,508,197,487,501,438,489,664,837,279,340,400,268,309,377,190,304,230
MXAN_4791,306,343,496,474,480,398,880,982,298,1282,1094,905,1531,2113,1906,835,1053,696,875,1158,616,934,1689,1405
MXAN_4779,440,331,387,747,600,926,1190,946,485,1906,1348,1542,2675,3001,3320,1327,1430,1473,2507,1862,1820,1655,1882,2640
MXAN_4736,241,280,302,509,532,1044,945,983,444,1512,1013,1304,2779,2550,2996,1293,1315,1297,1510,1472,1484,1721,1277,1292
MXAN_4727,3628,3322,3315,7597,6794,6037,14123,12749,5046,15320,10898,11320,11173,15543,15938,6290,6590,7155,5050,4993,7756,3567,3974,2582
MXAN_6189,123,137,267,323,445,368,837,1271,307,1273,1394,821,1237,2244,3368,540,678,502,916,1640,892,8568,1525,1107
MXAN_6192,960,828,1340,1834,1677,1652,2855,2472,804,3331,3535,2574,2939,5179,6846,1523,1763,1709,1844,2669,3158,1732,2121,1329
MXAN_1995,935,993,1116,1935,1639,2319,3017,3092,1165,4250,3746,3254,7125,8389,9595,3465,4082,4058,5280,4594,5210,1964,4755,5073
MXAN_1993,15163,18239,18533,23823,24432,17135,59018,83640,24164,83061,90227,56350,51320,104388,109398,35389,45708,39825,26665,53805,44077,6186,34361,17751
MXAN_1990,149,90,168,295,272,487,428,321,175,718,493,567,1021,1272,1284,625,619,625,895,737,649,776,829,846
MXAN_1988,182,159,247,319,310,728,694,517,257,1009,657,885,1202,1095,1222,597,587,711,674,466,842,531,497,473
MXAN_1962,91,46,68,157,140,211,171,116,67,266,105,229,331,419,426,198,170,185,193,200,267,657,234,199
MXAN_1946,428,523,618,610,856,931,1763,2299,659,2528,2387,1704,3204,5005,5385,2193,2567,1772,1770,3229,1769,3412,4105,2143
MXAN_2964,489,388,456,672,734,921,1498,1192,522,1009,810,804,1029,1191,1125,769,683,658,553,489,377,595,684,547
MXAN_3022,376,291,333,669,513,571,988,629,351,1336,687,912,1770,1932,1784,771,753,737,1280,977,928,1634,985,1256
MXAN_3040,1153,824,832,1837,1464,1716,2763,1984,950,4732,2780,3101,4602,5338,5198,2424,2432,2307,2262,2295,2739,2560,2551,1614
MXAN_0633,145,133,191,297,362,651,591,725,331,729,705,776,1085,853,951,587,620,765,727,499,737,374,709,1188
MXAN_0582,197,186,250,395,383,592,675,488,299,858,430,798,1177,1067,1094,652,636,836,751,558,693,265,446,405
MXAN_4109,155,117,189,302,258,544,398,380,194,894,537,786,2005,1687,1797,995,1085,1102,1142,963,1043,994,1074,1408
MXAN_4145,843,680,851,1911,1546,1810,2848,2270,1061,4884,3656,3729,6016,6893,7642,2496,2848,2999,3654,3426,4537,3100,3706,3553
MXAN_2868,4,8,157,18,13,18,33,27,7,51,36,29,62,50,90,32,26,14,30,28,28,51,34,40
MXAN_2859,460,414,682,703,859,1545,1499,1560,701,3416,1918,2771,3542,3189,3249,1907,1996,2322,1483,1331,1765,1812,1738,1524
MXAN_5921,17679,18061,16366,26177,22057,19264,33851,30613,10320,14435,11528,9527,6002,6117,6638,4470,4534,5672,3256,3085,3164,865,2759,3023
MXAN_5931,3042,2766,2668,5275,4974,6059,10061,7731,3792,13786,8502,10134,10676,11068,10586,6418,6278,6894,4510,4194,5703,2445,4000,2843
MXAN_5942,439,538,559,502,472,782,877,878,361,1701,1056,1395,2575,2183,1779,1320,1594,1496,1192,1030,885,589,1279,1050
MXAN_6050,648,459,631,1159,1203,1906,2579,1656,1056,3445,1781,2698,4127,3539,3658,1917,1961,2389,2225,1490,2261,1160,1718,1917
MXAN_7401,1446,975,1246,2295,2219,3357,6640,5620,2959,7438,6260,6388,13781,10912,9619,4302,5136,6784,5551,4342,8222,1448,3018,2861
MXAN_7396,511,467,820,1089,1198,1340,2334,2350,967,3041,3239,2673,4450,6541,7894,2042,2271,1930,3873,4453,3075,9131,4380,5376
MXAN_7356,372,354,389,659,481,751,980,969,386,1462,933,1128,1819,1708,1961,741,906,1109,1015,920,1204,413,835,1044
MXAN_4892,236,118,270,713,509,576,1190,639,360,842,681,740,2377,3067,3332,926,865,832,2725,2416,1853,4475,2065,2283
MXAN_7333,2932,2375,2820,4236,3326,2925,5546,5849,1979,6401,6284,4161,2847,3327,3407,1417,1347,1506,1018,946,1512,1715,1216,1181
MXAN_2146,11,23,64,14,22,17,41,49,16,74,109,71,84,130,149,79,90,75,48,59,49,28,62,26
MXAN_3273,181,142,211,313,286,370,542,434,246,891,406,642,810,896,956,439,457,427,482,368,503,1393,531,557
MXAN_3282,602,432,544,1106,933,1689,1877,1429,770,3110,1633,2697,2923,2881,2478,1532,1587,1761,1144,790,1246,1277,1114,1330
MXAN_0749,18,13,81,38,14,29,39,37,15,49,43,31,72,68,116,35,35,45,45,50,31,36,67,80
MXAN_0743,427,431,516,773,864,1200,1426,1441,578,2327,1849,1963,2287,2865,3220,1329,1465,1333,1361,1285,1543,1417,1430,1185
MXAN_0726,112,107,194,278,273,273,368,250,122,468,335,344,680,1054,1234,235,285,342,543,576,518,538,508,830
MXAN_5199,863,639,770,1491,1117,2028,1990,1907,808,3089,2481,2983,5502,5676,6262,3119,3377,3227,5061,3754,3457,2416,3976,4806
MXAN_5202,3182,2921,3325,6109,4710,4427,13239,12812,3611,14528,9800,10691,9192,15896,13231,6613,7429,8031,3844,4768,5801,1629,4309,2821
MXAN_1882,27,28,364,41,33,40,77,151,28,128,112,85,168,213,423,69,110,103,103,188,86,184,140,171
MXAN_1873,10,11,129,9,9,19,30,29,10,54,39,27,48,34,87,23,20,21,23,27,31,32,22,46
MXAN_5815,773,719,707,1155,1234,2227,2572,2636,1238,3743,2442,3072,4729,4795,4040,3376,3455,3355,2311,1884,1630,2506,3143,2598
MXAN_5568,184,108,154,302,325,518,615,469,392,733,406,613,832,878,840,493,492,650,298,235,517,178,275,158
MXAN_4352,3010,2695,2881,5385,5101,5188,11212,11237,4364,16680,10368,10930,10672,12864,12496,5723,5962,6066,4891,3600,6164,3784,4721,3344
MXAN_4385,1721,1866,1852,3076,3300,2735,7438,6972,2420,9581,8125,6364,8757,12545,12694,3791,4271,3595,5828,6745,6447,3525,6163,5663
MXAN_7466,91,77,395,197,232,320,348,388,159,401,254,322,495,510,704,223,251,220,316,299,308,565,302,286
MXAN_2308,63,52,120,114,151,295,280,222,111,410,313,419,705,544,581,385,411,550,320,215,423,223,270,266
MXAN_2546,108,114,220,236,278,321,517,524,187,736,795,622,960,1301,1713,419,513,482,679,878,768,886,801,741
MXAN_4674,4542,5915,6325,8240,9083,7276,18972,23950,7464,32477,26771,19657,26654,44836,50682,13281,14886,11165,17846,24960,17837,37681,22052,15444
MXAN_3332,699,509,590,1126,1047,1362,1870,1755,734,2508,2020,2133,2925,3510,3707,1525,1602,1737,1548,1393,1813,1540,1659,1684
MXAN_4978,20,13,28,48,53,61,63,44,6,70,71,62,89,147,220,59,63,70,74,121,115,104,93,65
MXAN_6757,344,330,465,607,689,559,1177,1304,378,2335,2488,1553,2587,4075,3965,1572,1977,1530,1703,2370,1408,1313,2357,2038
MXAN_0510,776,541,524,2217,1233,2251,350,177,127,1147,421,1280,1885,1115,1276,585,599,1317,427,391,816,285,484,965
MXAN_0472,1,1,3,2,12,14,7,16,8,13,18,25,57,70,107,56,43,41,49,75,72,88,72,66
MXAN_7084,2125,1388,1489,3144,2254,2565,4825,3617,1966,7282,4959,5037,6386,9037,9247,3111,3538,3999,3490,4203,5606,1758,4249,3791
MXAN_3834,37,38,157,76,66,108,101,159,58,185,139,176,223,219,265,107,138,113,89,109,119,70,86,85
MXAN_1206,49,61,76,143,109,163,167,166,81,280,203,274,387,438,398,103,122,139,197,198,126,147,113,124
MXAN_3177,258,221,238,429,388,790,941,682,393,1104,612,1056,1243,1135,1468,515,664,863,567,472,839,404,429,537
MXAN_3095,157,116,248,394,305,742,490,387,234,879,549,873,1773,1526,1533,788,741,938,987,774,965,836,839,1431
MXAN_4717,1126,1088,1468,2084,1842,2049,3942,4289,1793,5784,5404,4493,6015,8330,9146,3481,3590,3355,4381,4471,4532,3873,4257,3956
MXAN_6193,93,76,222,180,161,244,292,181,81,419,177,330,483,362,527,169,195,262,232,186,356,178,186,178
MXAN_2033,3,5,59,18,22,27,31,35,10,36,31,25,51,32,65,21,24,29,28,32,17,50,21,29
MXAN_4098,139,90,160,205,216,351,445,313,146,878,701,701,1369,1817,1519,851,771,607,964,771,623,1893,1236,1088
MXAN_5951,245,227,328,477,458,991,927,656,427,1398,995,1374,2508,2305,2241,1328,1313,1622,1411,973,1635,1215,1168,1298
MXAN_3261,10,16,64,17,23,24,24,29,6,70,61,50,77,123,115,70,82,44,70,102,28,384,205,162
MXAN_1881,9,6,60,15,12,24,26,29,13,59,33,35,40,61,86,14,22,12,11,23,15,12,23,23
MXAN_0759,597,520,691,1481,1192,1639,2408,1852,668,2806,1962,2336,3718,3300,4241,1353,1620,1545,2894,2558,2062,559,2233,2815
MXAN_3656,257,234,296,557,400,501,639,351,265,937,174,503,1066,647,691,323,336,472,246,212,237,74,145,304
MXAN_4685,783,743,735,1710,1432,1761,2893,1936,1040,3670,1692,2658,4431,3697,4119,1695,1816,1979,2622,2104,2262,771,1772,1970
MXAN_5187,441,371,561,931,849,1672,1710,1293,633,2303,1784,2246,4136,4074,4378,2210,2510,2464,2741,2451,2333,2280,3032,3522
MXAN_7438,11,20,301,26,32,18,60,108,21,94,71,48,1078,515,338,1292,634,233,589,322,107,208,137,86
MXAN_3559,7237,6251,6150,14515,13340,12937,29980,29956,11076,41712,33950,28054,27083,40376,35223,17881,19246,20706,11121,12589,17209,15706,11420,9022
MXAN_1356,906,629,895,1756,1310,2382,2155,1419,893,2889,1449,2667,4777,4460,4396,2114,2105,2808,3356,2410,3081,1888,2723,4023
MXAN_6125,73,91,188,109,54,71,112,183,43,243,289,190,168,309,315,69,125,69,134,211,81,233,151,136
MXAN_6143,20,29,75,33,34,30,58,82,25,87,99,53,66,108,173,46,45,42,74,105,56,143,72,106
MXAN_7063,39,20,110,66,53,71,78,68,33,112,106,106,146,170,174,53,55,64,79,73,71,66,92,70
MXAN_6870,5,4,56,15,18,22,33,42,20,59,22,43,50,55,72,27,32,32,26,37,28,9,25,20
MXAN_6317,563,433,591,1058,617,1250,1014,960,447,2705,1420,2076,3066,3417,3511,1681,1462,1603,2505,1757,2008,1636,1676,1991
MXAN_1045,96,60,340,162,190,185,355,366,147,511,477,420,404,557,604,256,276,264,214,248,259,438,214,188
MXAN_5712,193,170,313,323,314,465,712,778,304,1088,987,917,1407,1741,1883,771,928,839,891,864,997,788,746,622
MXAN_5728,581,726,698,764,655,648,2001,2896,783,2318,1999,1616,1325,2063,2313,1023,1226,1180,602,840,947,303,522,315
MXAN_4492,2,3,12,6,3,8,10,8,4,19,13,16,75,121,181,75,109,98,63,107,83,37,109,178
MXAN_4550,117,128,285,289,310,436,813,709,245,626,491,498,793,1025,1239,417,419,419,532,593,542,722,497,585
MXAN_2955,11,7,19,25,20,55,38,35,12,57,33,48,111,105,143,57,59,91,45,42,66,68,42,45
MXAN_2992,623,629,789,1488,1242,2033,2597,1925,1053,4457,3056,3634,7595,8116,8967,3631,3466,3031,7766,6241,4794,7707,5078,5219
MXAN_5425,6,9,79,8,9,3,17,29,10,25,17,18,24,33,66,14,10,13,18,25,16,23,13,22
MXAN_2121,43,51,58,108,147,95,288,334,131,200,253,249,155,184,211,46,52,51,75,70,93,134,48,42
MXAN_3603,146,123,104,273,219,298,354,265,154,479,314,388,490,587,602,233,219,254,254,194,246,577,166,166
MXAN_0523,1058,1343,1460,2039,1878,1034,4331,6416,1553,3254,3844,2119,1282,2690,2781,638,705,551,724,1185,760,2175,712,516
MXAN_1934,30,23,131,53,55,108,108,92,49,186,105,156,247,268,285,154,140,158,150,99,179,96,99,111
MXAN_5060,25,15,21,41,24,22,68,59,29,97,41,44,33,59,66,22,25,23,21,27,22,18,23,13
MXAN_6574,12642,11534,11175,22705,25208,43640,58763,38196,18277,49777,26468,46748,76059,52786,52884,32904,30454,45987,21569,14520,33066,17350,15691,18287
MXAN_2629,135,111,219,304,226,452,372,286,138,595,335,540,1517,1494,1777,683,753,703,1399,1112,940,757,1114,1524
MXAN_3894,273,258,293,561,424,755,664,565,417,1266,747,1112,2012,1939,1727,684,686,770,1090,708,945,431,643,678
MXAN_1715,15,35,96,22,31,33,82,135,53,118,70,82,129,220,318,86,110,132,99,97,119,72,87,106
MXAN_2122,299,325,366,520,608,394,1473,1749,563,1258,1569,1147,858,1836,2123,502,588,489,478,637,772,665,531,335
MXAN_4473,66,64,91,143,124,144,223,207,106,283,223,229,313,513,529,155,180,176,251,201,260,96,232,209
MXAN_4732,81,83,101,243,142,301,289,357,149,458,298,502,654,892,1214,381,450,374,788,876,548,1336,893,850
